algorithm,dataset,attack,evaluations,indicator,value,dir
sms-emoa,cifar10,FGSM,40,hv,151132.09147103992,results/sms-emoa/cifar10/2026-09-04_20-03-01_18906049/search/
sms-emoa,cifar10,FGSM,40,r2,0.1493629113920637,results/sms-emoa/cifar10/2026-09-04_20-03-01_18906049/search/
sms-emoa,cifar10,FGSM,40,hv_2obj,51.54115731520892,results/sms-emoa/cifar10/2026-09-04_20-03-01_18906049/search/
sms-emoa,cifar10,FGSM,80,hv,151253.11803159924,results/sms-emoa/cifar10/2026-09-04_20-03-01_18906049/search/
sms-emoa,cifar10,FGSM,80,r2,0.1493629113920637,results/sms-emoa/cifar10/2026-09-04_20-03-01_18906049/search/
sms-emoa,cifar10,FGSM,80,hv_2obj,51.54115731520892,results/sms-emoa/cifar10/2026-09-04_20-03-01_18906049/search/
sms-emoa,cifar10,FGSM,120,hv,151497.44422694747,results/sms-emoa/cifar10/2026-09-04_20-03-01_18906049/search/
sms-emoa,cifar10,FGSM,120,r2,0.1493629113920637,results/sms-emoa/cifar10/2026-09-04_20-03-01_18906049/search/
sms-emoa,cifar10,FGSM,120,hv_2obj,51.54115731520892,results/sms-emoa/cifar10/2026-09-04_20-03-01_18906049/search/
sms-emoa,cifar10,FGSM,160,hv,151978.38133882187,results/sms-emoa/cifar10/2026-09-04_20-03-01_18906049/search/
sms-emoa,cifar10,FGSM,160,r2,0.14884579743427678,results/sms-emoa/cifar10/2026-09-04_20-03-01_18906049/search/
sms-emoa,cifar10,FGSM,160,hv_2obj,51.61860106065907,results/sms-emoa/cifar10/2026-09-04_20-03-01_18906049/search/
sms-emoa,cifar10,FGSM,200,hv,154549.38855165668,results/sms-emoa/cifar10/2026-09-04_20-03-01_18906049/search/
sms-emoa,cifar10,FGSM,200,r2,0.14463990939246876,results/sms-emoa/cifar10/2026-09-04_20-03-01_18906049/search/
sms-emoa,cifar10,FGSM,200,hv_2obj,52.34649135032801,results/sms-emoa/cifar10/2026-09-04_20-03-01_18906049/search/
sms-emoa,cifar10,FGSM,240,hv,154588.83545183754,results/sms-emoa/cifar10/2026-09-04_20-03-01_18906049/search/
sms-emoa,cifar10,FGSM,240,r2,0.14463990939246876,results/sms-emoa/cifar10/2026-09-04_20-03-01_18906049/search/
sms-emoa,cifar10,FGSM,240,hv_2obj,52.34649135032801,results/sms-emoa/cifar10/2026-09-04_20-03-01_18906049/search/
sms-emoa,cifar10,FGSM,280,hv,154721.22146794386,results/sms-emoa/cifar10/2026-09-04_20-03-01_18906049/search/
sms-emoa,cifar10,FGSM,280,r2,0.14463990939246876,results/sms-emoa/cifar10/2026-09-04_20-03-01_18906049/search/
sms-emoa,cifar10,FGSM,280,hv_2obj,52.34649135032801,results/sms-emoa/cifar10/2026-09-04_20-03-01_18906049/search/
sms-emoa,cifar10,FGSM,320,hv,155157.95737319582,results/sms-emoa/cifar10/2026-09-04_20-03-01_18906049/search/
sms-emoa,cifar10,FGSM,320,r2,0.14463990939246876,results/sms-emoa/cifar10/2026-09-04_20-03-01_18906049/search/
sms-emoa,cifar10,FGSM,320,hv_2obj,52.34649135032801,results/sms-emoa/cifar10/2026-09-04_20-03-01_18906049/search/
sms-emoa,cifar10,FGSM,360,hv,155612.3546893141,results/sms-emoa/cifar10/2026-09-04_20-03-01_18906049/search/
sms-emoa,cifar10,FGSM,360,r2,0.14463990939246876,results/sms-emoa/cifar10/2026-09-04_20-03-01_18906049/search/
sms-emoa,cifar10,FGSM,360,hv_2obj,52.34649135032801,results/sms-emoa/cifar10/2026-09-04_20-03-01_18906049/search/
sms-emoa,cifar10,FGSM,400,hv,155654.29736374476,results/sms-emoa/cifar10/2026-09-04_20-03-01_18906049/search/
sms-emoa,cifar10,FGSM,400,r2,0.14463990939246876,results/sms-emoa/cifar10/2026-09-04_20-03-01_18906049/search/
sms-emoa,cifar10,FGSM,400,hv_2obj,52.34649135032801,results/sms-emoa/cifar10/2026-09-04_20-03-01_18906049/search/
sms-emoa,cifar10,FGSM,440,hv,155684.77635372418,results/sms-emoa/cifar10/2026-09-04_20-03-01_18906049/search/
sms-emoa,cifar10,FGSM,440,r2,0.14463990939246876,results/sms-emoa/cifar10/2026-09-04_20-03-01_18906049/search/
sms-emoa,cifar10,FGSM,440,hv_2obj,52.34649135032801,results/sms-emoa/cifar10/2026-09-04_20-03-01_18906049/search/
sms-emoa,cifar10,FGSM,480,hv,155913.76396535517,results/sms-emoa/cifar10/2026-09-04_20-03-01_18906049/search/
sms-emoa,cifar10,FGSM,480,r2,0.14423860216903658,results/sms-emoa/cifar10/2026-09-04_20-03-01_18906049/search/
sms-emoa,cifar10,FGSM,480,hv_2obj,52.41988220862105,results/sms-emoa/cifar10/2026-09-04_20-03-01_18906049/search/
sms-emoa,cifar10,FGSM,520,hv,156023.00266280601,results/sms-emoa/cifar10/2026-09-04_20-03-01_18906049/search/
sms-emoa,cifar10,FGSM,520,r2,0.14423860216903658,results/sms-emoa/cifar10/2026-09-04_20-03-01_18906049/search/
sms-emoa,cifar10,FGSM,520,hv_2obj,52.41988220862105,results/sms-emoa/cifar10/2026-09-04_20-03-01_18906049/search/
sms-emoa,cifar10,FGSM,560,hv,156197.56349029305,results/sms-emoa/cifar10/2026-09-04_20-03-01_18906049/search/
sms-emoa,cifar10,FGSM,560,r2,0.14423860216903658,results/sms-emoa/cifar10/2026-09-04_20-03-01_18906049/search/
sms-emoa,cifar10,FGSM,560,hv_2obj,52.41988220862105,results/sms-emoa/cifar10/2026-09-04_20-03-01_18906049/search/
sms-emoa,cifar10,FGSM,600,hv,156331.07372005383,results/sms-emoa/cifar10/2026-09-04_20-03-01_18906049/search/
sms-emoa,cifar10,FGSM,600,r2,0.14419287548948584,results/sms-emoa/cifar10/2026-09-04_20-03-01_18906049/search/
sms-emoa,cifar10,FGSM,600,hv_2obj,52.42678444971097,results/sms-emoa/cifar10/2026-09-04_20-03-01_18906049/search/
sms-emoa,cifar10,FGSM,640,hv,156535.20646354393,results/sms-emoa/cifar10/2026-09-04_20-03-01_18906049/search/
sms-emoa,cifar10,FGSM,640,r2,0.14419287548948584,results/sms-emoa/cifar10/2026-09-04_20-03-01_18906049/search/
sms-emoa,cifar10,FGSM,640,hv_2obj,52.42678444971097,results/sms-emoa/cifar10/2026-09-04_20-03-01_18906049/search/
sms-emoa,cifar10,FGSM,680,hv,156701.95586222995,results/sms-emoa/cifar10/2026-09-04_20-03-01_18906049/search/
sms-emoa,cifar10,FGSM,680,r2,0.14395991556896287,results/sms-emoa/cifar10/2026-09-04_20-03-01_18906049/search/
sms-emoa,cifar10,FGSM,680,hv_2obj,52.47788881062658,results/sms-emoa/cifar10/2026-09-04_20-03-01_18906049/search/
sms-emoa,cifar10,FGSM,720,hv,157099.62853904665,results/sms-emoa/cifar10/2026-09-04_20-03-01_18906049/search/
sms-emoa,cifar10,FGSM,720,r2,0.1435130078649382,results/sms-emoa/cifar10/2026-09-04_20-03-01_18906049/search/
sms-emoa,cifar10,FGSM,720,hv_2obj,52.5446907606641,results/sms-emoa/cifar10/2026-09-04_20-03-01_18906049/search/
sms-emoa,cifar10,FGSM,760,hv,157106.60716315507,results/sms-emoa/cifar10/2026-09-04_20-03-01_18906049/search/
sms-emoa,cifar10,FGSM,760,r2,0.1435130078649382,results/sms-emoa/cifar10/2026-09-04_20-03-01_18906049/search/
sms-emoa,cifar10,FGSM,760,hv_2obj,52.54498197242013,results/sms-emoa/cifar10/2026-09-04_20-03-01_18906049/search/
sms-emoa,cifar10,FGSM,800,hv,157112.037071604,results/sms-emoa/cifar10/2026-09-04_20-03-01_18906049/search/
sms-emoa,cifar10,FGSM,800,r2,0.1435130078649382,results/sms-emoa/cifar10/2026-09-04_20-03-01_18906049/search/
sms-emoa,cifar10,FGSM,800,hv_2obj,52.54498197242013,results/sms-emoa/cifar10/2026-09-04_20-03-01_18906049/search/
sms-emoa,cifar10,FGSM,840,hv,157114.75074834572,results/sms-emoa/cifar10/2026-09-04_20-03-01_18906049/search/
sms-emoa,cifar10,FGSM,840,r2,0.1435130078649382,results/sms-emoa/cifar10/2026-09-04_20-03-01_18906049/search/
sms-emoa,cifar10,FGSM,840,hv_2obj,52.54498197242013,results/sms-emoa/cifar10/2026-09-04_20-03-01_18906049/search/
sms-emoa,cifar10,FGSM,880,hv,157117.58535158346,results/sms-emoa/cifar10/2026-09-04_20-03-01_18906049/search/
sms-emoa,cifar10,FGSM,880,r2,0.1435130078649382,results/sms-emoa/cifar10/2026-09-04_20-03-01_18906049/search/
sms-emoa,cifar10,FGSM,880,hv_2obj,52.54498197242013,results/sms-emoa/cifar10/2026-09-04_20-03-01_18906049/search/
sms-emoa,cifar10,FGSM,920,hv,158143.9079911831,results/sms-emoa/cifar10/2026-09-04_20-03-01_18906049/search/
sms-emoa,cifar10,FGSM,920,r2,0.1411500603539634,results/sms-emoa/cifar10/2026-09-04_20-03-01_18906049/search/
sms-emoa,cifar10,FGSM,920,hv_2obj,52.90582725946901,results/sms-emoa/cifar10/2026-09-04_20-03-01_18906049/search/
sms-emoa,cifar10,FGSM,960,hv,158150.52774443015,results/sms-emoa/cifar10/2026-09-04_20-03-01_18906049/search/
sms-emoa,cifar10,FGSM,960,r2,0.1411500603539634,results/sms-emoa/cifar10/2026-09-04_20-03-01_18906049/search/
sms-emoa,cifar10,FGSM,960,hv_2obj,52.90582725946901,results/sms-emoa/cifar10/2026-09-04_20-03-01_18906049/search/
sms-emoa,cifar10,FGSM,1000,hv,158153.90310307726,results/sms-emoa/cifar10/2026-09-04_20-03-01_18906049/search/
sms-emoa,cifar10,FGSM,1000,r2,0.1411500603539634,results/sms-emoa/cifar10/2026-09-04_20-03-01_18906049/search/
sms-emoa,cifar10,FGSM,1000,hv_2obj,52.90582725946901,results/sms-emoa/cifar10/2026-09-04_20-03-01_18906049/search/
sms-emoa,cifar10,FGSM,1040,hv,158157.63046715004,results/sms-emoa/cifar10/2026-09-04_20-03-01_18906049/search/
sms-emoa,cifar10,FGSM,1040,r2,0.1411500603539634,results/sms-emoa/cifar10/2026-09-04_20-03-01_18906049/search/
sms-emoa,cifar10,FGSM,1040,hv_2obj,52.90582725946901,results/sms-emoa/cifar10/2026-09-04_20-03-01_18906049/search/
sms-emoa,cifar10,FGSM,1080,hv,158158.10167883663,results/sms-emoa/cifar10/2026-09-04_20-03-01_18906049/search/
sms-emoa,cifar10,FGSM,1080,r2,0.1411500603539634,results/sms-emoa/cifar10/2026-09-04_20-03-01_18906049/search/
sms-emoa,cifar10,FGSM,1080,hv_2obj,52.90582725946901,results/sms-emoa/cifar10/2026-09-04_20-03-01_18906049/search/
sms-emoa,cifar10,FGSM,1120,hv,158159.13734651354,results/sms-emoa/cifar10/2026-09-04_20-03-01_18906049/search/
sms-emoa,cifar10,FGSM,1120,r2,0.1411500603539634,results/sms-emoa/cifar10/2026-09-04_20-03-01_18906049/search/
sms-emoa,cifar10,FGSM,1120,hv_2obj,52.90582725946901,results/sms-emoa/cifar10/2026-09-04_20-03-01_18906049/search/
sms-emoa,cifar10,FGSM,1160,hv,158166.56827139133,results/sms-emoa/cifar10/2026-09-04_20-03-01_18906049/search/
sms-emoa,cifar10,FGSM,1160,r2,0.1411500603539634,results/sms-emoa/cifar10/2026-09-04_20-03-01_18906049/search/
sms-emoa,cifar10,FGSM,1160,hv_2obj,52.90582725946901,results/sms-emoa/cifar10/2026-09-04_20-03-01_18906049/search/
sms-emoa,cifar10,FGSM,1200,hv,158167.01993616082,results/sms-emoa/cifar10/2026-09-04_20-03-01_18906049/search/
sms-emoa,cifar10,FGSM,1200,r2,0.1411500603539634,results/sms-emoa/cifar10/2026-09-04_20-03-01_18906049/search/
sms-emoa,cifar10,FGSM,1200,hv_2obj,52.90582725946901,results/sms-emoa/cifar10/2026-09-04_20-03-01_18906049/search/
sms-emoa,cifar10,FGSM,1240,hv,158167.2257507069,results/sms-emoa/cifar10/2026-09-04_20-03-01_18906049/search/
sms-emoa,cifar10,FGSM,1240,r2,0.1411500603539634,results/sms-emoa/cifar10/2026-09-04_20-03-01_18906049/search/
sms-emoa,cifar10,FGSM,1240,hv_2obj,52.90582725946901,results/sms-emoa/cifar10/2026-09-04_20-03-01_18906049/search/
sms-emoa,cifar10,FGSM,40,hv,149759.33352529255,results/sms-emoa/cifar10/2026-09-05_00-21-30_15798821/search/
sms-emoa,cifar10,FGSM,40,r2,0.15165202916699677,results/sms-emoa/cifar10/2026-09-05_00-21-30_15798821/search/
sms-emoa,cifar10,FGSM,40,hv_2obj,51.06230700010495,results/sms-emoa/cifar10/2026-09-05_00-21-30_15798821/search/
sms-emoa,cifar10,FGSM,80,hv,150906.10946396575,results/sms-emoa/cifar10/2026-09-05_00-21-30_15798821/search/
sms-emoa,cifar10,FGSM,80,r2,0.15108882969959117,results/sms-emoa/cifar10/2026-09-05_00-21-30_15798821/search/
sms-emoa,cifar10,FGSM,80,hv_2obj,51.18335438401305,results/sms-emoa/cifar10/2026-09-05_00-21-30_15798821/search/
sms-emoa,cifar10,FGSM,120,hv,150942.90688000878,results/sms-emoa/cifar10/2026-09-05_00-21-30_15798821/search/
sms-emoa,cifar10,FGSM,120,r2,0.15108882969959117,results/sms-emoa/cifar10/2026-09-05_00-21-30_15798821/search/
sms-emoa,cifar10,FGSM,120,hv_2obj,51.18335438401305,results/sms-emoa/cifar10/2026-09-05_00-21-30_15798821/search/
sms-emoa,cifar10,FGSM,160,hv,151580.47036631368,results/sms-emoa/cifar10/2026-09-05_00-21-30_15798821/search/
sms-emoa,cifar10,FGSM,160,r2,0.15086548536728234,results/sms-emoa/cifar10/2026-09-05_00-21-30_15798821/search/
sms-emoa,cifar10,FGSM,160,hv_2obj,51.23162858926974,results/sms-emoa/cifar10/2026-09-05_00-21-30_15798821/search/
sms-emoa,cifar10,FGSM,200,hv,152040.25761068094,results/sms-emoa/cifar10/2026-09-05_00-21-30_15798821/search/
sms-emoa,cifar10,FGSM,200,r2,0.14989124413103436,results/sms-emoa/cifar10/2026-09-05_00-21-30_15798821/search/
sms-emoa,cifar10,FGSM,200,hv_2obj,51.3814671413291,results/sms-emoa/cifar10/2026-09-05_00-21-30_15798821/search/
sms-emoa,cifar10,FGSM,240,hv,152284.16103293194,results/sms-emoa/cifar10/2026-09-05_00-21-30_15798821/search/
sms-emoa,cifar10,FGSM,240,r2,0.1498428464403129,results/sms-emoa/cifar10/2026-09-05_00-21-30_15798821/search/
sms-emoa,cifar10,FGSM,240,hv_2obj,51.39169481045871,results/sms-emoa/cifar10/2026-09-05_00-21-30_15798821/search/
sms-emoa,cifar10,FGSM,280,hv,152418.95354490433,results/sms-emoa/cifar10/2026-09-05_00-21-30_15798821/search/
sms-emoa,cifar10,FGSM,280,r2,0.1496415126803093,results/sms-emoa/cifar10/2026-09-05_00-21-30_15798821/search/
sms-emoa,cifar10,FGSM,280,hv_2obj,51.43407540335507,results/sms-emoa/cifar10/2026-09-05_00-21-30_15798821/search/
sms-emoa,cifar10,FGSM,320,hv,153685.52232338284,results/sms-emoa/cifar10/2026-09-05_00-21-30_15798821/search/
sms-emoa,cifar10,FGSM,320,r2,0.14797286317035413,results/sms-emoa/cifar10/2026-09-05_00-21-30_15798821/search/
sms-emoa,cifar10,FGSM,320,hv_2obj,51.78846778099898,results/sms-emoa/cifar10/2026-09-05_00-21-30_15798821/search/
sms-emoa,cifar10,FGSM,360,hv,153852.8866556059,results/sms-emoa/cifar10/2026-09-05_00-21-30_15798821/search/
sms-emoa,cifar10,FGSM,360,r2,0.14797286317035413,results/sms-emoa/cifar10/2026-09-05_00-21-30_15798821/search/
sms-emoa,cifar10,FGSM,360,hv_2obj,51.78846778099898,results/sms-emoa/cifar10/2026-09-05_00-21-30_15798821/search/
sms-emoa,cifar10,FGSM,400,hv,155030.61114793937,results/sms-emoa/cifar10/2026-09-05_00-21-30_15798821/search/
sms-emoa,cifar10,FGSM,400,r2,0.14630243099923265,results/sms-emoa/cifar10/2026-09-05_00-21-30_15798821/search/
sms-emoa,cifar10,FGSM,400,hv_2obj,52.03975212770119,results/sms-emoa/cifar10/2026-09-05_00-21-30_15798821/search/
sms-emoa,cifar10,FGSM,440,hv,155034.1539359999,results/sms-emoa/cifar10/2026-09-05_00-21-30_15798821/search/
sms-emoa,cifar10,FGSM,440,r2,0.14630243099923265,results/sms-emoa/cifar10/2026-09-05_00-21-30_15798821/search/
sms-emoa,cifar10,FGSM,440,hv_2obj,52.040639864503994,results/sms-emoa/cifar10/2026-09-05_00-21-30_15798821/search/
sms-emoa,cifar10,FGSM,480,hv,155057.34628168732,results/sms-emoa/cifar10/2026-09-05_00-21-30_15798821/search/
sms-emoa,cifar10,FGSM,480,r2,0.14630243099923265,results/sms-emoa/cifar10/2026-09-05_00-21-30_15798821/search/
sms-emoa,cifar10,FGSM,480,hv_2obj,52.04575079694137,results/sms-emoa/cifar10/2026-09-05_00-21-30_15798821/search/
sms-emoa,cifar10,FGSM,520,hv,155064.78217812587,results/sms-emoa/cifar10/2026-09-05_00-21-30_15798821/search/
sms-emoa,cifar10,FGSM,520,r2,0.14630243099923265,results/sms-emoa/cifar10/2026-09-05_00-21-30_15798821/search/
sms-emoa,cifar10,FGSM,520,hv_2obj,52.04575079694137,results/sms-emoa/cifar10/2026-09-05_00-21-30_15798821/search/
sms-emoa,cifar10,FGSM,560,hv,155998.55452903264,results/sms-emoa/cifar10/2026-09-05_00-21-30_15798821/search/
sms-emoa,cifar10,FGSM,560,r2,0.14420285193738783,results/sms-emoa/cifar10/2026-09-05_00-21-30_15798821/search/
sms-emoa,cifar10,FGSM,560,hv_2obj,52.36313572899978,results/sms-emoa/cifar10/2026-09-05_00-21-30_15798821/search/
sms-emoa,cifar10,FGSM,600,hv,157034.03216511753,results/sms-emoa/cifar10/2026-09-05_00-21-30_15798821/search/
sms-emoa,cifar10,FGSM,600,r2,0.14241291277922227,results/sms-emoa/cifar10/2026-09-05_00-21-30_15798821/search/
sms-emoa,cifar10,FGSM,600,hv_2obj,52.7141876343243,results/sms-emoa/cifar10/2026-09-05_00-21-30_15798821/search/
sms-emoa,cifar10,FGSM,640,hv,157102.8659745236,results/sms-emoa/cifar10/2026-09-05_00-21-30_15798821/search/
sms-emoa,cifar10,FGSM,640,r2,0.14241291277922227,results/sms-emoa/cifar10/2026-09-05_00-21-30_15798821/search/
sms-emoa,cifar10,FGSM,640,hv_2obj,52.7141876343243,results/sms-emoa/cifar10/2026-09-05_00-21-30_15798821/search/
sms-emoa,cifar10,FGSM,680,hv,157106.47184209086,results/sms-emoa/cifar10/2026-09-05_00-21-30_15798821/search/
sms-emoa,cifar10,FGSM,680,r2,0.14241291277922227,results/sms-emoa/cifar10/2026-09-05_00-21-30_15798821/search/
sms-emoa,cifar10,FGSM,680,hv_2obj,52.7141876343243,results/sms-emoa/cifar10/2026-09-05_00-21-30_15798821/search/
sms-emoa,cifar10,FGSM,720,hv,157317.95000023127,results/sms-emoa/cifar10/2026-09-05_00-21-30_15798821/search/
sms-emoa,cifar10,FGSM,720,r2,0.14241291277922227,results/sms-emoa/cifar10/2026-09-05_00-21-30_15798821/search/
sms-emoa,cifar10,FGSM,720,hv_2obj,52.7141876343243,results/sms-emoa/cifar10/2026-09-05_00-21-30_15798821/search/
sms-emoa,cifar10,FGSM,760,hv,157523.20291139817,results/sms-emoa/cifar10/2026-09-05_00-21-30_15798821/search/
sms-emoa,cifar10,FGSM,760,r2,0.14241291277922227,results/sms-emoa/cifar10/2026-09-05_00-21-30_15798821/search/
sms-emoa,cifar10,FGSM,760,hv_2obj,52.7141876343243,results/sms-emoa/cifar10/2026-09-05_00-21-30_15798821/search/
sms-emoa,cifar10,FGSM,800,hv,157524.74026837014,results/sms-emoa/cifar10/2026-09-05_00-21-30_15798821/search/
sms-emoa,cifar10,FGSM,800,r2,0.14241291277922227,results/sms-emoa/cifar10/2026-09-05_00-21-30_15798821/search/
sms-emoa,cifar10,FGSM,800,hv_2obj,52.7141876343243,results/sms-emoa/cifar10/2026-09-05_00-21-30_15798821/search/
sms-emoa,cifar10,FGSM,840,hv,157526.76988638772,results/sms-emoa/cifar10/2026-09-05_00-21-30_15798821/search/
sms-emoa,cifar10,FGSM,840,r2,0.14241291277922227,results/sms-emoa/cifar10/2026-09-05_00-21-30_15798821/search/
sms-emoa,cifar10,FGSM,840,hv_2obj,52.7141876343243,results/sms-emoa/cifar10/2026-09-05_00-21-30_15798821/search/
sms-emoa,cifar10,FGSM,880,hv,157533.06142158946,results/sms-emoa/cifar10/2026-09-05_00-21-30_15798821/search/
sms-emoa,cifar10,FGSM,880,r2,0.14241291277922227,results/sms-emoa/cifar10/2026-09-05_00-21-30_15798821/search/
sms-emoa,cifar10,FGSM,880,hv_2obj,52.7141876343243,results/sms-emoa/cifar10/2026-09-05_00-21-30_15798821/search/
sms-emoa,cifar10,FGSM,920,hv,157540.44577830334,results/sms-emoa/cifar10/2026-09-05_00-21-30_15798821/search/
sms-emoa,cifar10,FGSM,920,r2,0.14241291277922227,results/sms-emoa/cifar10/2026-09-05_00-21-30_15798821/search/
sms-emoa,cifar10,FGSM,920,hv_2obj,52.7141876343243,results/sms-emoa/cifar10/2026-09-05_00-21-30_15798821/search/
sms-emoa,cifar10,FGSM,960,hv,157542.29668449314,results/sms-emoa/cifar10/2026-09-05_00-21-30_15798821/search/
sms-emoa,cifar10,FGSM,960,r2,0.14241291277922227,results/sms-emoa/cifar10/2026-09-05_00-21-30_15798821/search/
sms-emoa,cifar10,FGSM,960,hv_2obj,52.7141876343243,results/sms-emoa/cifar10/2026-09-05_00-21-30_15798821/search/
sms-emoa,cifar10,FGSM,1000,hv,157685.57223673875,results/sms-emoa/cifar10/2026-09-05_00-21-30_15798821/search/
sms-emoa,cifar10,FGSM,1000,r2,0.14241291277922227,results/sms-emoa/cifar10/2026-09-05_00-21-30_15798821/search/
sms-emoa,cifar10,FGSM,1000,hv_2obj,52.7141876343243,results/sms-emoa/cifar10/2026-09-05_00-21-30_15798821/search/
sms-emoa,cifar10,FGSM,1040,hv,157686.6634384671,results/sms-emoa/cifar10/2026-09-05_00-21-30_15798821/search/
sms-emoa,cifar10,FGSM,1040,r2,0.14241291277922227,results/sms-emoa/cifar10/2026-09-05_00-21-30_15798821/search/
sms-emoa,cifar10,FGSM,1040,hv_2obj,52.7141876343243,results/sms-emoa/cifar10/2026-09-05_00-21-30_15798821/search/
sms-emoa,cifar10,FGSM,1080,hv,157687.3790601652,results/sms-emoa/cifar10/2026-09-05_00-21-30_15798821/search/
sms-emoa,cifar10,FGSM,1080,r2,0.14241291277922227,results/sms-emoa/cifar10/2026-09-05_00-21-30_15798821/search/
sms-emoa,cifar10,FGSM,1080,hv_2obj,52.7141876343243,results/sms-emoa/cifar10/2026-09-05_00-21-30_15798821/search/
sms-emoa,cifar10,FGSM,1120,hv,157691.44348980137,results/sms-emoa/cifar10/2026-09-05_00-21-30_15798821/search/
sms-emoa,cifar10,FGSM,1120,r2,0.14241291277922227,results/sms-emoa/cifar10/2026-09-05_00-21-30_15798821/search/
sms-emoa,cifar10,FGSM,1120,hv_2obj,52.7141876343243,results/sms-emoa/cifar10/2026-09-05_00-21-30_15798821/search/
sms-emoa,cifar10,FGSM,1160,hv,158353.21259660495,results/sms-emoa/cifar10/2026-09-05_00-21-30_15798821/search/
sms-emoa,cifar10,FGSM,1160,r2,0.1409377091325468,results/sms-emoa/cifar10/2026-09-05_00-21-30_15798821/search/
sms-emoa,cifar10,FGSM,1160,hv_2obj,52.937603774131674,results/sms-emoa/cifar10/2026-09-05_00-21-30_15798821/search/
sms-emoa,cifar10,FGSM,1200,hv,158358.0202358276,results/sms-emoa/cifar10/2026-09-05_00-21-30_15798821/search/
sms-emoa,cifar10,FGSM,1200,r2,0.1409377091325468,results/sms-emoa/cifar10/2026-09-05_00-21-30_15798821/search/
sms-emoa,cifar10,FGSM,1200,hv_2obj,52.937603774131674,results/sms-emoa/cifar10/2026-09-05_00-21-30_15798821/search/
sms-emoa,cifar10,FGSM,1240,hv,158359.00744663674,results/sms-emoa/cifar10/2026-09-05_00-21-30_15798821/search/
sms-emoa,cifar10,FGSM,1240,r2,0.1409377091325468,results/sms-emoa/cifar10/2026-09-05_00-21-30_15798821/search/
sms-emoa,cifar10,FGSM,1240,hv_2obj,52.937603774131674,results/sms-emoa/cifar10/2026-09-05_00-21-30_15798821/search/
sms-emoa,cifar10,FGSM,40,hv,148915.05009902167,results/sms-emoa/cifar10/2026-09-05_04-29-39_65381509/search/
sms-emoa,cifar10,FGSM,40,r2,0.153354555731065,results/sms-emoa/cifar10/2026-09-05_04-29-39_65381509/search/
sms-emoa,cifar10,FGSM,40,hv_2obj,50.758938441082655,results/sms-emoa/cifar10/2026-09-05_04-29-39_65381509/search/
sms-emoa,cifar10,FGSM,80,hv,151621.8519338756,results/sms-emoa/cifar10/2026-09-05_04-29-39_65381509/search/
sms-emoa,cifar10,FGSM,80,r2,0.14970405807808507,results/sms-emoa/cifar10/2026-09-05_04-29-39_65381509/search/
sms-emoa,cifar10,FGSM,80,hv_2obj,51.536661883811064,results/sms-emoa/cifar10/2026-09-05_04-29-39_65381509/search/
sms-emoa,cifar10,FGSM,120,hv,152361.20988361555,results/sms-emoa/cifar10/2026-09-05_04-29-39_65381509/search/
sms-emoa,cifar10,FGSM,120,r2,0.1490298690686964,results/sms-emoa/cifar10/2026-09-05_04-29-39_65381509/search/
sms-emoa,cifar10,FGSM,120,hv_2obj,51.640958484207914,results/sms-emoa/cifar10/2026-09-05_04-29-39_65381509/search/
sms-emoa,cifar10,FGSM,160,hv,152474.53181214517,results/sms-emoa/cifar10/2026-09-05_04-29-39_65381509/search/
sms-emoa,cifar10,FGSM,160,r2,0.1490298690686964,results/sms-emoa/cifar10/2026-09-05_04-29-39_65381509/search/
sms-emoa,cifar10,FGSM,160,hv_2obj,51.642905860217084,results/sms-emoa/cifar10/2026-09-05_04-29-39_65381509/search/
sms-emoa,cifar10,FGSM,200,hv,153617.91196162053,results/sms-emoa/cifar10/2026-09-05_04-29-39_65381509/search/
sms-emoa,cifar10,FGSM,200,r2,0.14662441111042446,results/sms-emoa/cifar10/2026-09-05_04-29-39_65381509/search/
sms-emoa,cifar10,FGSM,200,hv_2obj,52.03353706375596,results/sms-emoa/cifar10/2026-09-05_04-29-39_65381509/search/
sms-emoa,cifar10,FGSM,240,hv,153855.4157070881,results/sms-emoa/cifar10/2026-09-05_04-29-39_65381509/search/
sms-emoa,cifar10,FGSM,240,r2,0.14662441111042446,results/sms-emoa/cifar10/2026-09-05_04-29-39_65381509/search/
sms-emoa,cifar10,FGSM,240,hv_2obj,52.03353706375596,results/sms-emoa/cifar10/2026-09-05_04-29-39_65381509/search/
sms-emoa,cifar10,FGSM,280,hv,153934.30410955567,results/sms-emoa/cifar10/2026-09-05_04-29-39_65381509/search/
sms-emoa,cifar10,FGSM,280,r2,0.14662441111042446,results/sms-emoa/cifar10/2026-09-05_04-29-39_65381509/search/
sms-emoa,cifar10,FGSM,280,hv_2obj,52.03353706375596,results/sms-emoa/cifar10/2026-09-05_04-29-39_65381509/search/
sms-emoa,cifar10,FGSM,320,hv,154339.92107944802,results/sms-emoa/cifar10/2026-09-05_04-29-39_65381509/search/
sms-emoa,cifar10,FGSM,320,r2,0.14662441111042446,results/sms-emoa/cifar10/2026-09-05_04-29-39_65381509/search/
sms-emoa,cifar10,FGSM,320,hv_2obj,52.03353706375596,results/sms-emoa/cifar10/2026-09-05_04-29-39_65381509/search/
sms-emoa,cifar10,FGSM,360,hv,154449.4156334085,results/sms-emoa/cifar10/2026-09-05_04-29-39_65381509/search/
sms-emoa,cifar10,FGSM,360,r2,0.14662441111042446,results/sms-emoa/cifar10/2026-09-05_04-29-39_65381509/search/
sms-emoa,cifar10,FGSM,360,hv_2obj,52.03353706375596,results/sms-emoa/cifar10/2026-09-05_04-29-39_65381509/search/
sms-emoa,cifar10,FGSM,400,hv,154535.2640389744,results/sms-emoa/cifar10/2026-09-05_04-29-39_65381509/search/
sms-emoa,cifar10,FGSM,400,r2,0.14662441111042446,results/sms-emoa/cifar10/2026-09-05_04-29-39_65381509/search/
sms-emoa,cifar10,FGSM,400,hv_2obj,52.03353706375596,results/sms-emoa/cifar10/2026-09-05_04-29-39_65381509/search/
sms-emoa,cifar10,FGSM,440,hv,154595.88752330374,results/sms-emoa/cifar10/2026-09-05_04-29-39_65381509/search/
sms-emoa,cifar10,FGSM,440,r2,0.14662441111042446,results/sms-emoa/cifar10/2026-09-05_04-29-39_65381509/search/
sms-emoa,cifar10,FGSM,440,hv_2obj,52.03353706375596,results/sms-emoa/cifar10/2026-09-05_04-29-39_65381509/search/
sms-emoa,cifar10,FGSM,480,hv,156015.01217618256,results/sms-emoa/cifar10/2026-09-05_04-29-39_65381509/search/
sms-emoa,cifar10,FGSM,480,r2,0.14367267936464892,results/sms-emoa/cifar10/2026-09-05_04-29-39_65381509/search/
sms-emoa,cifar10,FGSM,480,hv_2obj,52.50973012425905,results/sms-emoa/cifar10/2026-09-05_04-29-39_65381509/search/
sms-emoa,cifar10,FGSM,520,hv,156151.38460228368,results/sms-emoa/cifar10/2026-09-05_04-29-39_65381509/search/
sms-emoa,cifar10,FGSM,520,r2,0.14367267936464892,results/sms-emoa/cifar10/2026-09-05_04-29-39_65381509/search/
sms-emoa,cifar10,FGSM,520,hv_2obj,52.50973012425905,results/sms-emoa/cifar10/2026-09-05_04-29-39_65381509/search/
sms-emoa,cifar10,FGSM,560,hv,156168.48864183406,results/sms-emoa/cifar10/2026-09-05_04-29-39_65381509/search/
sms-emoa,cifar10,FGSM,560,r2,0.14367267936464892,results/sms-emoa/cifar10/2026-09-05_04-29-39_65381509/search/
sms-emoa,cifar10,FGSM,560,hv_2obj,52.50973012425905,results/sms-emoa/cifar10/2026-09-05_04-29-39_65381509/search/
sms-emoa,cifar10,FGSM,600,hv,156170.0882339349,results/sms-emoa/cifar10/2026-09-05_04-29-39_65381509/search/
sms-emoa,cifar10,FGSM,600,r2,0.14367267936464892,results/sms-emoa/cifar10/2026-09-05_04-29-39_65381509/search/
sms-emoa,cifar10,FGSM,600,hv_2obj,52.50973012425905,results/sms-emoa/cifar10/2026-09-05_04-29-39_65381509/search/
sms-emoa,cifar10,FGSM,640,hv,156178.57341950524,results/sms-emoa/cifar10/2026-09-05_04-29-39_65381509/search/
sms-emoa,cifar10,FGSM,640,r2,0.14367267936464892,results/sms-emoa/cifar10/2026-09-05_04-29-39_65381509/search/
sms-emoa,cifar10,FGSM,640,hv_2obj,52.50973012425905,results/sms-emoa/cifar10/2026-09-05_04-29-39_65381509/search/
sms-emoa,cifar10,FGSM,680,hv,156921.523001956,results/sms-emoa/cifar10/2026-09-05_04-29-39_65381509/search/
sms-emoa,cifar10,FGSM,680,r2,0.14264335270843348,results/sms-emoa/cifar10/2026-09-05_04-29-39_65381509/search/
sms-emoa,cifar10,FGSM,680,hv_2obj,52.711904655949574,results/sms-emoa/cifar10/2026-09-05_04-29-39_65381509/search/
sms-emoa,cifar10,FGSM,720,hv,156922.39430278182,results/sms-emoa/cifar10/2026-09-05_04-29-39_65381509/search/
sms-emoa,cifar10,FGSM,720,r2,0.14264335270843348,results/sms-emoa/cifar10/2026-09-05_04-29-39_65381509/search/
sms-emoa,cifar10,FGSM,720,hv_2obj,52.711904655949574,results/sms-emoa/cifar10/2026-09-05_04-29-39_65381509/search/
sms-emoa,cifar10,FGSM,760,hv,156924.22279145982,results/sms-emoa/cifar10/2026-09-05_04-29-39_65381509/search/
sms-emoa,cifar10,FGSM,760,r2,0.14264335270843348,results/sms-emoa/cifar10/2026-09-05_04-29-39_65381509/search/
sms-emoa,cifar10,FGSM,760,hv_2obj,52.711904655949574,results/sms-emoa/cifar10/2026-09-05_04-29-39_65381509/search/
sms-emoa,cifar10,FGSM,800,hv,156930.74027975238,results/sms-emoa/cifar10/2026-09-05_04-29-39_65381509/search/
sms-emoa,cifar10,FGSM,800,r2,0.14264335270843348,results/sms-emoa/cifar10/2026-09-05_04-29-39_65381509/search/
sms-emoa,cifar10,FGSM,800,hv_2obj,52.711904655949574,results/sms-emoa/cifar10/2026-09-05_04-29-39_65381509/search/
sms-emoa,cifar10,FGSM,840,hv,158396.75187936903,results/sms-emoa/cifar10/2026-09-05_04-29-39_65381509/search/
sms-emoa,cifar10,FGSM,840,r2,0.13931047198772345,results/sms-emoa/cifar10/2026-09-05_04-29-39_65381509/search/
sms-emoa,cifar10,FGSM,840,hv_2obj,53.21618767013657,results/sms-emoa/cifar10/2026-09-05_04-29-39_65381509/search/
sms-emoa,cifar10,FGSM,880,hv,158402.12039599541,results/sms-emoa/cifar10/2026-09-05_04-29-39_65381509/search/
sms-emoa,cifar10,FGSM,880,r2,0.13931047198772345,results/sms-emoa/cifar10/2026-09-05_04-29-39_65381509/search/
sms-emoa,cifar10,FGSM,880,hv_2obj,53.21618767013657,results/sms-emoa/cifar10/2026-09-05_04-29-39_65381509/search/
sms-emoa,cifar10,FGSM,920,hv,158402.19793172376,results/sms-emoa/cifar10/2026-09-05_04-29-39_65381509/search/
sms-emoa,cifar10,FGSM,920,r2,0.13931047198772345,results/sms-emoa/cifar10/2026-09-05_04-29-39_65381509/search/
sms-emoa,cifar10,FGSM,920,hv_2obj,53.21618767013657,results/sms-emoa/cifar10/2026-09-05_04-29-39_65381509/search/
sms-emoa,cifar10,FGSM,960,hv,158408.38313306627,results/sms-emoa/cifar10/2026-09-05_04-29-39_65381509/search/
sms-emoa,cifar10,FGSM,960,r2,0.13931047198772345,results/sms-emoa/cifar10/2026-09-05_04-29-39_65381509/search/
sms-emoa,cifar10,FGSM,960,hv_2obj,53.21618767013657,results/sms-emoa/cifar10/2026-09-05_04-29-39_65381509/search/
sms-emoa,cifar10,FGSM,1000,hv,158411.14766553915,results/sms-emoa/cifar10/2026-09-05_04-29-39_65381509/search/
sms-emoa,cifar10,FGSM,1000,r2,0.13931047198772345,results/sms-emoa/cifar10/2026-09-05_04-29-39_65381509/search/
sms-emoa,cifar10,FGSM,1000,hv_2obj,53.21618767013657,results/sms-emoa/cifar10/2026-09-05_04-29-39_65381509/search/
sms-emoa,cifar10,FGSM,1040,hv,158722.03579965644,results/sms-emoa/cifar10/2026-09-05_04-29-39_65381509/search/
sms-emoa,cifar10,FGSM,1040,r2,0.13931047198772345,results/sms-emoa/cifar10/2026-09-05_04-29-39_65381509/search/
sms-emoa,cifar10,FGSM,1040,hv_2obj,53.21618767013657,results/sms-emoa/cifar10/2026-09-05_04-29-39_65381509/search/
sms-emoa,cifar10,FGSM,1080,hv,158722.0358745165,results/sms-emoa/cifar10/2026-09-05_04-29-39_65381509/search/
sms-emoa,cifar10,FGSM,1080,r2,0.13931047198772345,results/sms-emoa/cifar10/2026-09-05_04-29-39_65381509/search/
sms-emoa,cifar10,FGSM,1080,hv_2obj,53.21618767013657,results/sms-emoa/cifar10/2026-09-05_04-29-39_65381509/search/
sms-emoa,cifar10,FGSM,1120,hv,158728.40698643745,results/sms-emoa/cifar10/2026-09-05_04-29-39_65381509/search/
sms-emoa,cifar10,FGSM,1120,r2,0.13931047198772345,results/sms-emoa/cifar10/2026-09-05_04-29-39_65381509/search/
sms-emoa,cifar10,FGSM,1120,hv_2obj,53.21636501116733,results/sms-emoa/cifar10/2026-09-05_04-29-39_65381509/search/
sms-emoa,cifar10,FGSM,1160,hv,158729.7762990242,results/sms-emoa/cifar10/2026-09-05_04-29-39_65381509/search/
sms-emoa,cifar10,FGSM,1160,r2,0.13931047198772345,results/sms-emoa/cifar10/2026-09-05_04-29-39_65381509/search/
sms-emoa,cifar10,FGSM,1160,hv_2obj,53.21636501116733,results/sms-emoa/cifar10/2026-09-05_04-29-39_65381509/search/
sms-emoa,cifar10,FGSM,1200,hv,158734.0033421985,results/sms-emoa/cifar10/2026-09-05_04-29-39_65381509/search/
sms-emoa,cifar10,FGSM,1200,r2,0.13931047198772345,results/sms-emoa/cifar10/2026-09-05_04-29-39_65381509/search/
sms-emoa,cifar10,FGSM,1200,hv_2obj,53.21636614082213,results/sms-emoa/cifar10/2026-09-05_04-29-39_65381509/search/
sms-emoa,cifar10,FGSM,1240,hv,158739.72233225228,results/sms-emoa/cifar10/2026-09-05_04-29-39_65381509/search/
sms-emoa,cifar10,FGSM,1240,r2,0.13931047198772345,results/sms-emoa/cifar10/2026-09-05_04-29-39_65381509/search/
sms-emoa,cifar10,FGSM,1240,hv_2obj,53.21681122848058,results/sms-emoa/cifar10/2026-09-05_04-29-39_65381509/search/
sms-emoa,cifar10,FGSM,40,hv,151556.1026496416,results/sms-emoa/cifar10/2026-09-05_08-47-45_27293207/search/
sms-emoa,cifar10,FGSM,40,r2,0.14846963338326435,results/sms-emoa/cifar10/2026-09-05_08-47-45_27293207/search/
sms-emoa,cifar10,FGSM,40,hv_2obj,51.675984864427576,results/sms-emoa/cifar10/2026-09-05_08-47-45_27293207/search/
sms-emoa,cifar10,FGSM,80,hv,151585.05834122372,results/sms-emoa/cifar10/2026-09-05_08-47-45_27293207/search/
sms-emoa,cifar10,FGSM,80,r2,0.14846963338326435,results/sms-emoa/cifar10/2026-09-05_08-47-45_27293207/search/
sms-emoa,cifar10,FGSM,80,hv_2obj,51.675984864427576,results/sms-emoa/cifar10/2026-09-05_08-47-45_27293207/search/
sms-emoa,cifar10,FGSM,120,hv,151703.05353509003,results/sms-emoa/cifar10/2026-09-05_08-47-45_27293207/search/
sms-emoa,cifar10,FGSM,120,r2,0.14846963338326435,results/sms-emoa/cifar10/2026-09-05_08-47-45_27293207/search/
sms-emoa,cifar10,FGSM,120,hv_2obj,51.675984864427576,results/sms-emoa/cifar10/2026-09-05_08-47-45_27293207/search/
sms-emoa,cifar10,FGSM,160,hv,152908.2669164873,results/sms-emoa/cifar10/2026-09-05_08-47-45_27293207/search/
sms-emoa,cifar10,FGSM,160,r2,0.14846963338326435,results/sms-emoa/cifar10/2026-09-05_08-47-45_27293207/search/
sms-emoa,cifar10,FGSM,160,hv_2obj,51.675984864427576,results/sms-emoa/cifar10/2026-09-05_08-47-45_27293207/search/
sms-emoa,cifar10,FGSM,200,hv,152937.98493465397,results/sms-emoa/cifar10/2026-09-05_08-47-45_27293207/search/
sms-emoa,cifar10,FGSM,200,r2,0.14846963338326435,results/sms-emoa/cifar10/2026-09-05_08-47-45_27293207/search/
sms-emoa,cifar10,FGSM,200,hv_2obj,51.675984864427576,results/sms-emoa/cifar10/2026-09-05_08-47-45_27293207/search/
sms-emoa,cifar10,FGSM,240,hv,153480.33894228798,results/sms-emoa/cifar10/2026-09-05_08-47-45_27293207/search/
sms-emoa,cifar10,FGSM,240,r2,0.14768538405333195,results/sms-emoa/cifar10/2026-09-05_08-47-45_27293207/search/
sms-emoa,cifar10,FGSM,240,hv_2obj,51.79580423463987,results/sms-emoa/cifar10/2026-09-05_08-47-45_27293207/search/
sms-emoa,cifar10,FGSM,280,hv,154232.71792917658,results/sms-emoa/cifar10/2026-09-05_08-47-45_27293207/search/
sms-emoa,cifar10,FGSM,280,r2,0.14768538405333195,results/sms-emoa/cifar10/2026-09-05_08-47-45_27293207/search/
sms-emoa,cifar10,FGSM,280,hv_2obj,51.79580423463987,results/sms-emoa/cifar10/2026-09-05_08-47-45_27293207/search/
sms-emoa,cifar10,FGSM,320,hv,156622.25783182838,results/sms-emoa/cifar10/2026-09-05_08-47-45_27293207/search/
sms-emoa,cifar10,FGSM,320,r2,0.14339896973169408,results/sms-emoa/cifar10/2026-09-05_08-47-45_27293207/search/
sms-emoa,cifar10,FGSM,320,hv_2obj,52.61587408080268,results/sms-emoa/cifar10/2026-09-05_08-47-45_27293207/search/
sms-emoa,cifar10,FGSM,360,hv,156830.637007516,results/sms-emoa/cifar10/2026-09-05_08-47-45_27293207/search/
sms-emoa,cifar10,FGSM,360,r2,0.14298256740214332,results/sms-emoa/cifar10/2026-09-05_08-47-45_27293207/search/
sms-emoa,cifar10,FGSM,360,hv_2obj,52.678551209889626,results/sms-emoa/cifar10/2026-09-05_08-47-45_27293207/search/
sms-emoa,cifar10,FGSM,400,hv,156847.9682485078,results/sms-emoa/cifar10/2026-09-05_08-47-45_27293207/search/
sms-emoa,cifar10,FGSM,400,r2,0.14298256740214332,results/sms-emoa/cifar10/2026-09-05_08-47-45_27293207/search/
sms-emoa,cifar10,FGSM,400,hv_2obj,52.678551209889626,results/sms-emoa/cifar10/2026-09-05_08-47-45_27293207/search/
sms-emoa,cifar10,FGSM,440,hv,157059.89559342858,results/sms-emoa/cifar10/2026-09-05_08-47-45_27293207/search/
sms-emoa,cifar10,FGSM,440,r2,0.14298256740214332,results/sms-emoa/cifar10/2026-09-05_08-47-45_27293207/search/
sms-emoa,cifar10,FGSM,440,hv_2obj,52.678551209889626,results/sms-emoa/cifar10/2026-09-05_08-47-45_27293207/search/
sms-emoa,cifar10,FGSM,480,hv,157079.9084040671,results/sms-emoa/cifar10/2026-09-05_08-47-45_27293207/search/
sms-emoa,cifar10,FGSM,480,r2,0.14298256740214332,results/sms-emoa/cifar10/2026-09-05_08-47-45_27293207/search/
sms-emoa,cifar10,FGSM,480,hv_2obj,52.678551209889626,results/sms-emoa/cifar10/2026-09-05_08-47-45_27293207/search/
sms-emoa,cifar10,FGSM,520,hv,157086.45182895,results/sms-emoa/cifar10/2026-09-05_08-47-45_27293207/search/
sms-emoa,cifar10,FGSM,520,r2,0.14298256740214332,results/sms-emoa/cifar10/2026-09-05_08-47-45_27293207/search/
sms-emoa,cifar10,FGSM,520,hv_2obj,52.678551209889626,results/sms-emoa/cifar10/2026-09-05_08-47-45_27293207/search/
sms-emoa,cifar10,FGSM,560,hv,157192.5019469874,results/sms-emoa/cifar10/2026-09-05_08-47-45_27293207/search/
sms-emoa,cifar10,FGSM,560,r2,0.14298256740214332,results/sms-emoa/cifar10/2026-09-05_08-47-45_27293207/search/
sms-emoa,cifar10,FGSM,560,hv_2obj,52.678551209889626,results/sms-emoa/cifar10/2026-09-05_08-47-45_27293207/search/
sms-emoa,cifar10,FGSM,600,hv,157197.96023518787,results/sms-emoa/cifar10/2026-09-05_08-47-45_27293207/search/
sms-emoa,cifar10,FGSM,600,r2,0.14298256740214332,results/sms-emoa/cifar10/2026-09-05_08-47-45_27293207/search/
sms-emoa,cifar10,FGSM,600,hv_2obj,52.678551209889626,results/sms-emoa/cifar10/2026-09-05_08-47-45_27293207/search/
sms-emoa,cifar10,FGSM,640,hv,157199.38071000564,results/sms-emoa/cifar10/2026-09-05_08-47-45_27293207/search/
sms-emoa,cifar10,FGSM,640,r2,0.14298256740214332,results/sms-emoa/cifar10/2026-09-05_08-47-45_27293207/search/
sms-emoa,cifar10,FGSM,640,hv_2obj,52.678551209889626,results/sms-emoa/cifar10/2026-09-05_08-47-45_27293207/search/
sms-emoa,cifar10,FGSM,680,hv,158244.41236871548,results/sms-emoa/cifar10/2026-09-05_08-47-45_27293207/search/
sms-emoa,cifar10,FGSM,680,r2,0.1406463994053855,results/sms-emoa/cifar10/2026-09-05_08-47-45_27293207/search/
sms-emoa,cifar10,FGSM,680,hv_2obj,53.03077937731384,results/sms-emoa/cifar10/2026-09-05_08-47-45_27293207/search/
sms-emoa,cifar10,FGSM,720,hv,158252.17408562743,results/sms-emoa/cifar10/2026-09-05_08-47-45_27293207/search/
sms-emoa,cifar10,FGSM,720,r2,0.1406463994053855,results/sms-emoa/cifar10/2026-09-05_08-47-45_27293207/search/
sms-emoa,cifar10,FGSM,720,hv_2obj,53.03077937731384,results/sms-emoa/cifar10/2026-09-05_08-47-45_27293207/search/
sms-emoa,cifar10,FGSM,760,hv,158361.34142426064,results/sms-emoa/cifar10/2026-09-05_08-47-45_27293207/search/
sms-emoa,cifar10,FGSM,760,r2,0.1406463994053855,results/sms-emoa/cifar10/2026-09-05_08-47-45_27293207/search/
sms-emoa,cifar10,FGSM,760,hv_2obj,53.03077937731384,results/sms-emoa/cifar10/2026-09-05_08-47-45_27293207/search/
sms-emoa,cifar10,FGSM,800,hv,158370.37001071227,results/sms-emoa/cifar10/2026-09-05_08-47-45_27293207/search/
sms-emoa,cifar10,FGSM,800,r2,0.1406463994053855,results/sms-emoa/cifar10/2026-09-05_08-47-45_27293207/search/
sms-emoa,cifar10,FGSM,800,hv_2obj,53.03077937731384,results/sms-emoa/cifar10/2026-09-05_08-47-45_27293207/search/
sms-emoa,cifar10,FGSM,840,hv,158373.59464142367,results/sms-emoa/cifar10/2026-09-05_08-47-45_27293207/search/
sms-emoa,cifar10,FGSM,840,r2,0.1406463994053855,results/sms-emoa/cifar10/2026-09-05_08-47-45_27293207/search/
sms-emoa,cifar10,FGSM,840,hv_2obj,53.03077937731384,results/sms-emoa/cifar10/2026-09-05_08-47-45_27293207/search/
sms-emoa,cifar10,FGSM,880,hv,158374.23628965448,results/sms-emoa/cifar10/2026-09-05_08-47-45_27293207/search/
sms-emoa,cifar10,FGSM,880,r2,0.1406463994053855,results/sms-emoa/cifar10/2026-09-05_08-47-45_27293207/search/
sms-emoa,cifar10,FGSM,880,hv_2obj,53.03077937731384,results/sms-emoa/cifar10/2026-09-05_08-47-45_27293207/search/
sms-emoa,cifar10,FGSM,920,hv,158376.06729288268,results/sms-emoa/cifar10/2026-09-05_08-47-45_27293207/search/
sms-emoa,cifar10,FGSM,920,r2,0.1406463994053855,results/sms-emoa/cifar10/2026-09-05_08-47-45_27293207/search/
sms-emoa,cifar10,FGSM,920,hv_2obj,53.03077937731384,results/sms-emoa/cifar10/2026-09-05_08-47-45_27293207/search/
sms-emoa,cifar10,FGSM,960,hv,158378.2901153553,results/sms-emoa/cifar10/2026-09-05_08-47-45_27293207/search/
sms-emoa,cifar10,FGSM,960,r2,0.1406463994053855,results/sms-emoa/cifar10/2026-09-05_08-47-45_27293207/search/
sms-emoa,cifar10,FGSM,960,hv_2obj,53.03077937731384,results/sms-emoa/cifar10/2026-09-05_08-47-45_27293207/search/
sms-emoa,cifar10,FGSM,1000,hv,158380.48466925693,results/sms-emoa/cifar10/2026-09-05_08-47-45_27293207/search/
sms-emoa,cifar10,FGSM,1000,r2,0.1406463994053855,results/sms-emoa/cifar10/2026-09-05_08-47-45_27293207/search/
sms-emoa,cifar10,FGSM,1000,hv_2obj,53.03077937731384,results/sms-emoa/cifar10/2026-09-05_08-47-45_27293207/search/
sms-emoa,cifar10,FGSM,1040,hv,158381.4057023881,results/sms-emoa/cifar10/2026-09-05_08-47-45_27293207/search/
sms-emoa,cifar10,FGSM,1040,r2,0.1406463994053855,results/sms-emoa/cifar10/2026-09-05_08-47-45_27293207/search/
sms-emoa,cifar10,FGSM,1040,hv_2obj,53.03077937731384,results/sms-emoa/cifar10/2026-09-05_08-47-45_27293207/search/
sms-emoa,cifar10,FGSM,1080,hv,158383.62249415,results/sms-emoa/cifar10/2026-09-05_08-47-45_27293207/search/
sms-emoa,cifar10,FGSM,1080,r2,0.1406463994053855,results/sms-emoa/cifar10/2026-09-05_08-47-45_27293207/search/
sms-emoa,cifar10,FGSM,1080,hv_2obj,53.03077937731384,results/sms-emoa/cifar10/2026-09-05_08-47-45_27293207/search/
sms-emoa,cifar10,FGSM,1120,hv,158385.9001857486,results/sms-emoa/cifar10/2026-09-05_08-47-45_27293207/search/
sms-emoa,cifar10,FGSM,1120,r2,0.1406463994053855,results/sms-emoa/cifar10/2026-09-05_08-47-45_27293207/search/
sms-emoa,cifar10,FGSM,1120,hv_2obj,53.03077937731384,results/sms-emoa/cifar10/2026-09-05_08-47-45_27293207/search/
sms-emoa,cifar10,FGSM,1160,hv,158386.0860992573,results/sms-emoa/cifar10/2026-09-05_08-47-45_27293207/search/
sms-emoa,cifar10,FGSM,1160,r2,0.1406463994053855,results/sms-emoa/cifar10/2026-09-05_08-47-45_27293207/search/
sms-emoa,cifar10,FGSM,1160,hv_2obj,53.03077937731384,results/sms-emoa/cifar10/2026-09-05_08-47-45_27293207/search/
sms-emoa,cifar10,FGSM,1200,hv,158387.7133833564,results/sms-emoa/cifar10/2026-09-05_08-47-45_27293207/search/
sms-emoa,cifar10,FGSM,1200,r2,0.1406463994053855,results/sms-emoa/cifar10/2026-09-05_08-47-45_27293207/search/
sms-emoa,cifar10,FGSM,1200,hv_2obj,53.03077937731384,results/sms-emoa/cifar10/2026-09-05_08-47-45_27293207/search/
sms-emoa,cifar10,FGSM,1240,hv,158397.3384994996,results/sms-emoa/cifar10/2026-09-05_08-47-45_27293207/search/
sms-emoa,cifar10,FGSM,1240,r2,0.1406463994053855,results/sms-emoa/cifar10/2026-09-05_08-47-45_27293207/search/
sms-emoa,cifar10,FGSM,1240,hv_2obj,53.03178016897444,results/sms-emoa/cifar10/2026-09-05_08-47-45_27293207/search/
sms-emoa,cifar10,FGSM,40,hv,148669.34205052874,results/sms-emoa/cifar10/2026-09-05_12-55-21_27522793/search/
sms-emoa,cifar10,FGSM,40,r2,0.154149182846898,results/sms-emoa/cifar10/2026-09-05_12-55-21_27522793/search/
sms-emoa,cifar10,FGSM,40,hv_2obj,50.677710373427814,results/sms-emoa/cifar10/2026-09-05_12-55-21_27522793/search/
sms-emoa,cifar10,FGSM,80,hv,149194.38458105407,results/sms-emoa/cifar10/2026-09-05_12-55-21_27522793/search/
sms-emoa,cifar10,FGSM,80,r2,0.15320076758650097,results/sms-emoa/cifar10/2026-09-05_12-55-21_27522793/search/
sms-emoa,cifar10,FGSM,80,hv_2obj,50.818568603812736,results/sms-emoa/cifar10/2026-09-05_12-55-21_27522793/search/
sms-emoa,cifar10,FGSM,120,hv,150252.37397924165,results/sms-emoa/cifar10/2026-09-05_12-55-21_27522793/search/
sms-emoa,cifar10,FGSM,120,r2,0.15177005222495218,results/sms-emoa/cifar10/2026-09-05_12-55-21_27522793/search/
sms-emoa,cifar10,FGSM,120,hv_2obj,51.09542834270583,results/sms-emoa/cifar10/2026-09-05_12-55-21_27522793/search/
sms-emoa,cifar10,FGSM,160,hv,151438.20428163907,results/sms-emoa/cifar10/2026-09-05_12-55-21_27522793/search/
sms-emoa,cifar10,FGSM,160,r2,0.1497749598829768,results/sms-emoa/cifar10/2026-09-05_12-55-21_27522793/search/
sms-emoa,cifar10,FGSM,160,hv_2obj,51.42786198072086,results/sms-emoa/cifar10/2026-09-05_12-55-21_27522793/search/
sms-emoa,cifar10,FGSM,200,hv,152941.17210618433,results/sms-emoa/cifar10/2026-09-05_12-55-21_27522793/search/
sms-emoa,cifar10,FGSM,200,r2,0.1472393434306922,results/sms-emoa/cifar10/2026-09-05_12-55-21_27522793/search/
sms-emoa,cifar10,FGSM,200,hv_2obj,51.85461129087989,results/sms-emoa/cifar10/2026-09-05_12-55-21_27522793/search/
sms-emoa,cifar10,FGSM,240,hv,153914.64208565315,results/sms-emoa/cifar10/2026-09-05_12-55-21_27522793/search/
sms-emoa,cifar10,FGSM,240,r2,0.1465378870767506,results/sms-emoa/cifar10/2026-09-05_12-55-21_27522793/search/
sms-emoa,cifar10,FGSM,240,hv_2obj,52.00448040258379,results/sms-emoa/cifar10/2026-09-05_12-55-21_27522793/search/
sms-emoa,cifar10,FGSM,280,hv,153927.41506072832,results/sms-emoa/cifar10/2026-09-05_12-55-21_27522793/search/
sms-emoa,cifar10,FGSM,280,r2,0.1465378870767506,results/sms-emoa/cifar10/2026-09-05_12-55-21_27522793/search/
sms-emoa,cifar10,FGSM,280,hv_2obj,52.00448040258379,results/sms-emoa/cifar10/2026-09-05_12-55-21_27522793/search/
sms-emoa,cifar10,FGSM,320,hv,154179.61118160654,results/sms-emoa/cifar10/2026-09-05_12-55-21_27522793/search/
sms-emoa,cifar10,FGSM,320,r2,0.14600474140949457,results/sms-emoa/cifar10/2026-09-05_12-55-21_27522793/search/
sms-emoa,cifar10,FGSM,320,hv_2obj,52.08500469779558,results/sms-emoa/cifar10/2026-09-05_12-55-21_27522793/search/
sms-emoa,cifar10,FGSM,360,hv,154559.85560381704,results/sms-emoa/cifar10/2026-09-05_12-55-21_27522793/search/
sms-emoa,cifar10,FGSM,360,r2,0.14600474140949457,results/sms-emoa/cifar10/2026-09-05_12-55-21_27522793/search/
sms-emoa,cifar10,FGSM,360,hv_2obj,52.08546487672048,results/sms-emoa/cifar10/2026-09-05_12-55-21_27522793/search/
sms-emoa,cifar10,FGSM,400,hv,155511.50981231642,results/sms-emoa/cifar10/2026-09-05_12-55-21_27522793/search/
sms-emoa,cifar10,FGSM,400,r2,0.14432609974268712,results/sms-emoa/cifar10/2026-09-05_12-55-21_27522793/search/
sms-emoa,cifar10,FGSM,400,hv_2obj,52.4042126691426,results/sms-emoa/cifar10/2026-09-05_12-55-21_27522793/search/
sms-emoa,cifar10,FGSM,440,hv,155575.0470288216,results/sms-emoa/cifar10/2026-09-05_12-55-21_27522793/search/
sms-emoa,cifar10,FGSM,440,r2,0.14428958829770483,results/sms-emoa/cifar10/2026-09-05_12-55-21_27522793/search/
sms-emoa,cifar10,FGSM,440,hv_2obj,52.40602050545737,results/sms-emoa/cifar10/2026-09-05_12-55-21_27522793/search/
sms-emoa,cifar10,FGSM,480,hv,155878.65982449873,results/sms-emoa/cifar10/2026-09-05_12-55-21_27522793/search/
sms-emoa,cifar10,FGSM,480,r2,0.14428958829770483,results/sms-emoa/cifar10/2026-09-05_12-55-21_27522793/search/
sms-emoa,cifar10,FGSM,480,hv_2obj,52.40631306687297,results/sms-emoa/cifar10/2026-09-05_12-55-21_27522793/search/
sms-emoa,cifar10,FGSM,520,hv,156409.55707542275,results/sms-emoa/cifar10/2026-09-05_12-55-21_27522793/search/
sms-emoa,cifar10,FGSM,520,r2,0.14339631173001646,results/sms-emoa/cifar10/2026-09-05_12-55-21_27522793/search/
sms-emoa,cifar10,FGSM,520,hv_2obj,52.540878825782485,results/sms-emoa/cifar10/2026-09-05_12-55-21_27522793/search/
sms-emoa,cifar10,FGSM,560,hv,156416.21211207166,results/sms-emoa/cifar10/2026-09-05_12-55-21_27522793/search/
sms-emoa,cifar10,FGSM,560,r2,0.14339631173001646,results/sms-emoa/cifar10/2026-09-05_12-55-21_27522793/search/
sms-emoa,cifar10,FGSM,560,hv_2obj,52.54173260760109,results/sms-emoa/cifar10/2026-09-05_12-55-21_27522793/search/
sms-emoa,cifar10,FGSM,600,hv,158205.24349641532,results/sms-emoa/cifar10/2026-09-05_12-55-21_27522793/search/
sms-emoa,cifar10,FGSM,600,r2,0.14042220824627463,results/sms-emoa/cifar10/2026-09-05_12-55-21_27522793/search/
sms-emoa,cifar10,FGSM,600,hv_2obj,52.994264169873645,results/sms-emoa/cifar10/2026-09-05_12-55-21_27522793/search/
sms-emoa,cifar10,FGSM,640,hv,158224.04620837478,results/sms-emoa/cifar10/2026-09-05_12-55-21_27522793/search/
sms-emoa,cifar10,FGSM,640,r2,0.14042220824627463,results/sms-emoa/cifar10/2026-09-05_12-55-21_27522793/search/
sms-emoa,cifar10,FGSM,640,hv_2obj,52.994264169873645,results/sms-emoa/cifar10/2026-09-05_12-55-21_27522793/search/
sms-emoa,cifar10,FGSM,680,hv,158238.79481639198,results/sms-emoa/cifar10/2026-09-05_12-55-21_27522793/search/
sms-emoa,cifar10,FGSM,680,r2,0.14042220824627463,results/sms-emoa/cifar10/2026-09-05_12-55-21_27522793/search/
sms-emoa,cifar10,FGSM,680,hv_2obj,52.994264169873645,results/sms-emoa/cifar10/2026-09-05_12-55-21_27522793/search/
sms-emoa,cifar10,FGSM,720,hv,158363.6127170834,results/sms-emoa/cifar10/2026-09-05_12-55-21_27522793/search/
sms-emoa,cifar10,FGSM,720,r2,0.14021081469217497,results/sms-emoa/cifar10/2026-09-05_12-55-21_27522793/search/
sms-emoa,cifar10,FGSM,720,hv_2obj,53.02903342154351,results/sms-emoa/cifar10/2026-09-05_12-55-21_27522793/search/
sms-emoa,cifar10,FGSM,760,hv,158368.86208764452,results/sms-emoa/cifar10/2026-09-05_12-55-21_27522793/search/
sms-emoa,cifar10,FGSM,760,r2,0.14021081469217497,results/sms-emoa/cifar10/2026-09-05_12-55-21_27522793/search/
sms-emoa,cifar10,FGSM,760,hv_2obj,53.02965378381098,results/sms-emoa/cifar10/2026-09-05_12-55-21_27522793/search/
sms-emoa,cifar10,FGSM,800,hv,158371.93256028922,results/sms-emoa/cifar10/2026-09-05_12-55-21_27522793/search/
sms-emoa,cifar10,FGSM,800,r2,0.14021081469217497,results/sms-emoa/cifar10/2026-09-05_12-55-21_27522793/search/
sms-emoa,cifar10,FGSM,800,hv_2obj,53.02965378381098,results/sms-emoa/cifar10/2026-09-05_12-55-21_27522793/search/
sms-emoa,cifar10,FGSM,840,hv,158377.92530484713,results/sms-emoa/cifar10/2026-09-05_12-55-21_27522793/search/
sms-emoa,cifar10,FGSM,840,r2,0.14021081469217497,results/sms-emoa/cifar10/2026-09-05_12-55-21_27522793/search/
sms-emoa,cifar10,FGSM,840,hv_2obj,53.02969599549455,results/sms-emoa/cifar10/2026-09-05_12-55-21_27522793/search/
sms-emoa,cifar10,FGSM,880,hv,158382.85412438939,results/sms-emoa/cifar10/2026-09-05_12-55-21_27522793/search/
sms-emoa,cifar10,FGSM,880,r2,0.14021081469217497,results/sms-emoa/cifar10/2026-09-05_12-55-21_27522793/search/
sms-emoa,cifar10,FGSM,880,hv_2obj,53.02971061639113,results/sms-emoa/cifar10/2026-09-05_12-55-21_27522793/search/
sms-emoa,cifar10,FGSM,920,hv,158385.6138321454,results/sms-emoa/cifar10/2026-09-05_12-55-21_27522793/search/
sms-emoa,cifar10,FGSM,920,r2,0.14021081469217497,results/sms-emoa/cifar10/2026-09-05_12-55-21_27522793/search/
sms-emoa,cifar10,FGSM,920,hv_2obj,53.02971061639113,results/sms-emoa/cifar10/2026-09-05_12-55-21_27522793/search/
sms-emoa,cifar10,FGSM,960,hv,158611.0588326043,results/sms-emoa/cifar10/2026-09-05_12-55-21_27522793/search/
sms-emoa,cifar10,FGSM,960,r2,0.1398636326710353,results/sms-emoa/cifar10/2026-09-05_12-55-21_27522793/search/
sms-emoa,cifar10,FGSM,960,hv_2obj,53.104224748186276,results/sms-emoa/cifar10/2026-09-05_12-55-21_27522793/search/
sms-emoa,cifar10,FGSM,1000,hv,158611.07386971384,results/sms-emoa/cifar10/2026-09-05_12-55-21_27522793/search/
sms-emoa,cifar10,FGSM,1000,r2,0.1398636326710353,results/sms-emoa/cifar10/2026-09-05_12-55-21_27522793/search/
sms-emoa,cifar10,FGSM,1000,hv_2obj,53.104224748186276,results/sms-emoa/cifar10/2026-09-05_12-55-21_27522793/search/
sms-emoa,cifar10,FGSM,1040,hv,158611.9709595646,results/sms-emoa/cifar10/2026-09-05_12-55-21_27522793/search/
sms-emoa,cifar10,FGSM,1040,r2,0.1398636326710353,results/sms-emoa/cifar10/2026-09-05_12-55-21_27522793/search/
sms-emoa,cifar10,FGSM,1040,hv_2obj,53.104224748186276,results/sms-emoa/cifar10/2026-09-05_12-55-21_27522793/search/
sms-emoa,cifar10,FGSM,1080,hv,158620.60116243054,results/sms-emoa/cifar10/2026-09-05_12-55-21_27522793/search/
sms-emoa,cifar10,FGSM,1080,r2,0.1398636326710353,results/sms-emoa/cifar10/2026-09-05_12-55-21_27522793/search/
sms-emoa,cifar10,FGSM,1080,hv_2obj,53.105033257864065,results/sms-emoa/cifar10/2026-09-05_12-55-21_27522793/search/
sms-emoa,cifar10,FGSM,1120,hv,158927.15402189555,results/sms-emoa/cifar10/2026-09-05_12-55-21_27522793/search/
sms-emoa,cifar10,FGSM,1120,r2,0.13920232662266205,results/sms-emoa/cifar10/2026-09-05_12-55-21_27522793/search/
sms-emoa,cifar10,FGSM,1120,hv_2obj,53.209459035546224,results/sms-emoa/cifar10/2026-09-05_12-55-21_27522793/search/
sms-emoa,cifar10,FGSM,1160,hv,158929.83326212747,results/sms-emoa/cifar10/2026-09-05_12-55-21_27522793/search/
sms-emoa,cifar10,FGSM,1160,r2,0.13920232662266205,results/sms-emoa/cifar10/2026-09-05_12-55-21_27522793/search/
sms-emoa,cifar10,FGSM,1160,hv_2obj,53.209459035546224,results/sms-emoa/cifar10/2026-09-05_12-55-21_27522793/search/
sms-emoa,cifar10,FGSM,1200,hv,158933.46508350986,results/sms-emoa/cifar10/2026-09-05_12-55-21_27522793/search/
sms-emoa,cifar10,FGSM,1200,r2,0.13920232662266205,results/sms-emoa/cifar10/2026-09-05_12-55-21_27522793/search/
sms-emoa,cifar10,FGSM,1200,hv_2obj,53.209459035546224,results/sms-emoa/cifar10/2026-09-05_12-55-21_27522793/search/
sms-emoa,cifar10,FGSM,1240,hv,160209.02666242825,results/sms-emoa/cifar10/2026-09-05_12-55-21_27522793/search/
sms-emoa,cifar10,FGSM,1240,r2,0.13722233901293227,results/sms-emoa/cifar10/2026-09-05_12-55-21_27522793/search/
sms-emoa,cifar10,FGSM,1240,hv_2obj,53.64202532641562,results/sms-emoa/cifar10/2026-09-05_12-55-21_27522793/search/
sms-emoa,cifar100,FGSM,40,hv,68095.0537705899,results/sms-emoa/cifar100/2026-09-14_15-43-07_18906049/search/
sms-emoa,cifar100,FGSM,40,r2,0.33986638100248023,results/sms-emoa/cifar100/2026-09-14_15-43-07_18906049/search/
sms-emoa,cifar100,FGSM,40,hv_2obj,23.279106582883358,results/sms-emoa/cifar100/2026-09-14_15-43-07_18906049/search/
sms-emoa,cifar100,FGSM,80,hv,69541.8045662687,results/sms-emoa/cifar100/2026-09-14_15-43-07_18906049/search/
sms-emoa,cifar100,FGSM,80,r2,0.33595188595029835,results/sms-emoa/cifar100/2026-09-14_15-43-07_18906049/search/
sms-emoa,cifar100,FGSM,80,hv_2obj,23.709671354119394,results/sms-emoa/cifar100/2026-09-14_15-43-07_18906049/search/
sms-emoa,cifar100,FGSM,120,hv,69768.56394887938,results/sms-emoa/cifar100/2026-09-14_15-43-07_18906049/search/
sms-emoa,cifar100,FGSM,120,r2,0.33595188595029835,results/sms-emoa/cifar100/2026-09-14_15-43-07_18906049/search/
sms-emoa,cifar100,FGSM,120,hv_2obj,23.709671354119394,results/sms-emoa/cifar100/2026-09-14_15-43-07_18906049/search/
sms-emoa,cifar100,FGSM,160,hv,70051.4238860437,results/sms-emoa/cifar100/2026-09-14_15-43-07_18906049/search/
sms-emoa,cifar100,FGSM,160,r2,0.3354084926371779,results/sms-emoa/cifar100/2026-09-14_15-43-07_18906049/search/
sms-emoa,cifar100,FGSM,160,hv_2obj,23.768095811172905,results/sms-emoa/cifar100/2026-09-14_15-43-07_18906049/search/
sms-emoa,cifar100,FGSM,200,hv,70503.23337507386,results/sms-emoa/cifar100/2026-09-14_15-43-07_18906049/search/
sms-emoa,cifar100,FGSM,200,r2,0.33473804959181025,results/sms-emoa/cifar100/2026-09-14_15-43-07_18906049/search/
sms-emoa,cifar100,FGSM,200,hv_2obj,23.85275557856824,results/sms-emoa/cifar100/2026-09-14_15-43-07_18906049/search/
sms-emoa,cifar100,FGSM,240,hv,72426.07857789798,results/sms-emoa/cifar100/2026-09-14_15-43-07_18906049/search/
sms-emoa,cifar100,FGSM,240,r2,0.3298766928165311,results/sms-emoa/cifar100/2026-09-14_15-43-07_18906049/search/
sms-emoa,cifar100,FGSM,240,hv_2obj,24.4559114018141,results/sms-emoa/cifar100/2026-09-14_15-43-07_18906049/search/
sms-emoa,cifar100,FGSM,280,hv,72429.20164106112,results/sms-emoa/cifar100/2026-09-14_15-43-07_18906049/search/
sms-emoa,cifar100,FGSM,280,r2,0.3298766928165311,results/sms-emoa/cifar100/2026-09-14_15-43-07_18906049/search/
sms-emoa,cifar100,FGSM,280,hv_2obj,24.4559114018141,results/sms-emoa/cifar100/2026-09-14_15-43-07_18906049/search/
sms-emoa,cifar100,FGSM,320,hv,72433.67032873388,results/sms-emoa/cifar100/2026-09-14_15-43-07_18906049/search/
sms-emoa,cifar100,FGSM,320,r2,0.3298766928165311,results/sms-emoa/cifar100/2026-09-14_15-43-07_18906049/search/
sms-emoa,cifar100,FGSM,320,hv_2obj,24.4559114018141,results/sms-emoa/cifar100/2026-09-14_15-43-07_18906049/search/
sms-emoa,cifar100,FGSM,360,hv,72452.05289557103,results/sms-emoa/cifar100/2026-09-14_15-43-07_18906049/search/
sms-emoa,cifar100,FGSM,360,r2,0.3298766928165311,results/sms-emoa/cifar100/2026-09-14_15-43-07_18906049/search/
sms-emoa,cifar100,FGSM,360,hv_2obj,24.4559114018141,results/sms-emoa/cifar100/2026-09-14_15-43-07_18906049/search/
sms-emoa,cifar100,FGSM,400,hv,72463.43958571252,results/sms-emoa/cifar100/2026-09-14_15-43-07_18906049/search/
sms-emoa,cifar100,FGSM,400,r2,0.3298766928165311,results/sms-emoa/cifar100/2026-09-14_15-43-07_18906049/search/
sms-emoa,cifar100,FGSM,400,hv_2obj,24.4559114018141,results/sms-emoa/cifar100/2026-09-14_15-43-07_18906049/search/
sms-emoa,cifar100,FGSM,440,hv,72551.71832279913,results/sms-emoa/cifar100/2026-09-14_15-43-07_18906049/search/
sms-emoa,cifar100,FGSM,440,r2,0.3298766928165311,results/sms-emoa/cifar100/2026-09-14_15-43-07_18906049/search/
sms-emoa,cifar100,FGSM,440,hv_2obj,24.4559114018141,results/sms-emoa/cifar100/2026-09-14_15-43-07_18906049/search/
sms-emoa,cifar100,FGSM,480,hv,73558.63296821638,results/sms-emoa/cifar100/2026-09-14_15-43-07_18906049/search/
sms-emoa,cifar100,FGSM,480,r2,0.326871459398885,results/sms-emoa/cifar100/2026-09-14_15-43-07_18906049/search/
sms-emoa,cifar100,FGSM,480,hv_2obj,24.803770411190044,results/sms-emoa/cifar100/2026-09-14_15-43-07_18906049/search/
sms-emoa,cifar100,FGSM,520,hv,73813.53247635116,results/sms-emoa/cifar100/2026-09-14_15-43-07_18906049/search/
sms-emoa,cifar100,FGSM,520,r2,0.3265511707785488,results/sms-emoa/cifar100/2026-09-14_15-43-07_18906049/search/
sms-emoa,cifar100,FGSM,520,hv_2obj,24.84983424723029,results/sms-emoa/cifar100/2026-09-14_15-43-07_18906049/search/
sms-emoa,cifar100,FGSM,560,hv,73824.07835514516,results/sms-emoa/cifar100/2026-09-14_15-43-07_18906049/search/
sms-emoa,cifar100,FGSM,560,r2,0.3265511707785488,results/sms-emoa/cifar100/2026-09-14_15-43-07_18906049/search/
sms-emoa,cifar100,FGSM,560,hv_2obj,24.84983424723029,results/sms-emoa/cifar100/2026-09-14_15-43-07_18906049/search/
sms-emoa,cifar100,FGSM,600,hv,73827.62566449743,results/sms-emoa/cifar100/2026-09-14_15-43-07_18906049/search/
sms-emoa,cifar100,FGSM,600,r2,0.3265511707785488,results/sms-emoa/cifar100/2026-09-14_15-43-07_18906049/search/
sms-emoa,cifar100,FGSM,600,hv_2obj,24.84983424723029,results/sms-emoa/cifar100/2026-09-14_15-43-07_18906049/search/
sms-emoa,cifar100,FGSM,640,hv,73828.1891238997,results/sms-emoa/cifar100/2026-09-14_15-43-07_18906049/search/
sms-emoa,cifar100,FGSM,640,r2,0.3265511707785488,results/sms-emoa/cifar100/2026-09-14_15-43-07_18906049/search/
sms-emoa,cifar100,FGSM,640,hv_2obj,24.84983424723029,results/sms-emoa/cifar100/2026-09-14_15-43-07_18906049/search/
sms-emoa,cifar100,FGSM,680,hv,73828.19195501332,results/sms-emoa/cifar100/2026-09-14_15-43-07_18906049/search/
sms-emoa,cifar100,FGSM,680,r2,0.3265511707785488,results/sms-emoa/cifar100/2026-09-14_15-43-07_18906049/search/
sms-emoa,cifar100,FGSM,680,hv_2obj,24.84983424723029,results/sms-emoa/cifar100/2026-09-14_15-43-07_18906049/search/
sms-emoa,cifar100,FGSM,720,hv,73837.72500870883,results/sms-emoa/cifar100/2026-09-14_15-43-07_18906049/search/
sms-emoa,cifar100,FGSM,720,r2,0.3265511707785488,results/sms-emoa/cifar100/2026-09-14_15-43-07_18906049/search/
sms-emoa,cifar100,FGSM,720,hv_2obj,24.84983424723029,results/sms-emoa/cifar100/2026-09-14_15-43-07_18906049/search/
sms-emoa,cifar100,FGSM,760,hv,73838.78342759422,results/sms-emoa/cifar100/2026-09-14_15-43-07_18906049/search/
sms-emoa,cifar100,FGSM,760,r2,0.3265511707785488,results/sms-emoa/cifar100/2026-09-14_15-43-07_18906049/search/
sms-emoa,cifar100,FGSM,760,hv_2obj,24.84983424723029,results/sms-emoa/cifar100/2026-09-14_15-43-07_18906049/search/
sms-emoa,cifar100,FGSM,800,hv,73886.6011504301,results/sms-emoa/cifar100/2026-09-14_15-43-07_18906049/search/
sms-emoa,cifar100,FGSM,800,r2,0.3264855135798522,results/sms-emoa/cifar100/2026-09-14_15-43-07_18906049/search/
sms-emoa,cifar100,FGSM,800,hv_2obj,24.859210489713366,results/sms-emoa/cifar100/2026-09-14_15-43-07_18906049/search/
sms-emoa,cifar100,FGSM,840,hv,73886.9992777045,results/sms-emoa/cifar100/2026-09-14_15-43-07_18906049/search/
sms-emoa,cifar100,FGSM,840,r2,0.3264855135798522,results/sms-emoa/cifar100/2026-09-14_15-43-07_18906049/search/
sms-emoa,cifar100,FGSM,840,hv_2obj,24.859210489713366,results/sms-emoa/cifar100/2026-09-14_15-43-07_18906049/search/
sms-emoa,cifar100,FGSM,880,hv,73893.32822685217,results/sms-emoa/cifar100/2026-09-14_15-43-07_18906049/search/
sms-emoa,cifar100,FGSM,880,r2,0.3264855135798522,results/sms-emoa/cifar100/2026-09-14_15-43-07_18906049/search/
sms-emoa,cifar100,FGSM,880,hv_2obj,24.859210489713366,results/sms-emoa/cifar100/2026-09-14_15-43-07_18906049/search/
sms-emoa,cifar100,FGSM,920,hv,73893.46329329783,results/sms-emoa/cifar100/2026-09-14_15-43-07_18906049/search/
sms-emoa,cifar100,FGSM,920,r2,0.3264855135798522,results/sms-emoa/cifar100/2026-09-14_15-43-07_18906049/search/
sms-emoa,cifar100,FGSM,920,hv_2obj,24.859210489713366,results/sms-emoa/cifar100/2026-09-14_15-43-07_18906049/search/
sms-emoa,cifar100,FGSM,960,hv,74780.49995635852,results/sms-emoa/cifar100/2026-09-14_15-43-07_18906049/search/
sms-emoa,cifar100,FGSM,960,r2,0.32443132995941093,results/sms-emoa/cifar100/2026-09-14_15-43-07_18906049/search/
sms-emoa,cifar100,FGSM,960,hv_2obj,25.161302969512658,results/sms-emoa/cifar100/2026-09-14_15-43-07_18906049/search/
sms-emoa,cifar100,FGSM,1000,hv,74806.13672691892,results/sms-emoa/cifar100/2026-09-14_15-43-07_18906049/search/
sms-emoa,cifar100,FGSM,1000,r2,0.32443132995941093,results/sms-emoa/cifar100/2026-09-14_15-43-07_18906049/search/
sms-emoa,cifar100,FGSM,1000,hv_2obj,25.16465501550301,results/sms-emoa/cifar100/2026-09-14_15-43-07_18906049/search/
sms-emoa,cifar100,FGSM,1040,hv,74806.13672691892,results/sms-emoa/cifar100/2026-09-14_15-43-07_18906049/search/
sms-emoa,cifar100,FGSM,1040,r2,0.32443132995941093,results/sms-emoa/cifar100/2026-09-14_15-43-07_18906049/search/
sms-emoa,cifar100,FGSM,1040,hv_2obj,25.16465501550301,results/sms-emoa/cifar100/2026-09-14_15-43-07_18906049/search/
sms-emoa,cifar100,FGSM,1080,hv,74916.05553669145,results/sms-emoa/cifar100/2026-09-14_15-43-07_18906049/search/
sms-emoa,cifar100,FGSM,1080,r2,0.3240961493283398,results/sms-emoa/cifar100/2026-09-14_15-43-07_18906049/search/
sms-emoa,cifar100,FGSM,1080,hv_2obj,25.201322318596194,results/sms-emoa/cifar100/2026-09-14_15-43-07_18906049/search/
sms-emoa,cifar100,FGSM,1120,hv,74916.17216876257,results/sms-emoa/cifar100/2026-09-14_15-43-07_18906049/search/
sms-emoa,cifar100,FGSM,1120,r2,0.3240961493283398,results/sms-emoa/cifar100/2026-09-14_15-43-07_18906049/search/
sms-emoa,cifar100,FGSM,1120,hv_2obj,25.201322318596194,results/sms-emoa/cifar100/2026-09-14_15-43-07_18906049/search/
sms-emoa,cifar100,FGSM,1160,hv,74917.17231797862,results/sms-emoa/cifar100/2026-09-14_15-43-07_18906049/search/
sms-emoa,cifar100,FGSM,1160,r2,0.3240961493283398,results/sms-emoa/cifar100/2026-09-14_15-43-07_18906049/search/
sms-emoa,cifar100,FGSM,1160,hv_2obj,25.201322318596194,results/sms-emoa/cifar100/2026-09-14_15-43-07_18906049/search/
sms-emoa,cifar100,FGSM,1200,hv,74966.36260159747,results/sms-emoa/cifar100/2026-09-14_15-43-07_18906049/search/
sms-emoa,cifar100,FGSM,1200,r2,0.3240961493283398,results/sms-emoa/cifar100/2026-09-14_15-43-07_18906049/search/
sms-emoa,cifar100,FGSM,1200,hv_2obj,25.201322318596194,results/sms-emoa/cifar100/2026-09-14_15-43-07_18906049/search/
sms-emoa,cifar100,FGSM,1240,hv,74966.36260159747,results/sms-emoa/cifar100/2026-09-14_15-43-07_18906049/search/
sms-emoa,cifar100,FGSM,1240,r2,0.3240961493283398,results/sms-emoa/cifar100/2026-09-14_15-43-07_18906049/search/
sms-emoa,cifar100,FGSM,1240,hv_2obj,25.201322318596194,results/sms-emoa/cifar100/2026-09-14_15-43-07_18906049/search/
sms-emoa,cifar100,FGSM,40,hv,67076.42333711318,results/sms-emoa/cifar100/2026-09-14_20-56-00_15798821/search/
sms-emoa,cifar100,FGSM,40,r2,0.34288618854371344,results/sms-emoa/cifar100/2026-09-14_20-56-00_15798821/search/
sms-emoa,cifar100,FGSM,40,hv_2obj,22.926495031565356,results/sms-emoa/cifar100/2026-09-14_20-56-00_15798821/search/
sms-emoa,cifar100,FGSM,80,hv,67959.68132845254,results/sms-emoa/cifar100/2026-09-14_20-56-00_15798821/search/
sms-emoa,cifar100,FGSM,80,r2,0.341113263511747,results/sms-emoa/cifar100/2026-09-14_20-56-00_15798821/search/
sms-emoa,cifar100,FGSM,80,hv_2obj,23.152793557839065,results/sms-emoa/cifar100/2026-09-14_20-56-00_15798821/search/
sms-emoa,cifar100,FGSM,120,hv,69233.99431682454,results/sms-emoa/cifar100/2026-09-14_20-56-00_15798821/search/
sms-emoa,cifar100,FGSM,120,r2,0.3381586574902824,results/sms-emoa/cifar100/2026-09-14_20-56-00_15798821/search/
sms-emoa,cifar100,FGSM,120,hv_2obj,23.523093340667216,results/sms-emoa/cifar100/2026-09-14_20-56-00_15798821/search/
sms-emoa,cifar100,FGSM,160,hv,69506.04312962934,results/sms-emoa/cifar100/2026-09-14_20-56-00_15798821/search/
sms-emoa,cifar100,FGSM,160,r2,0.3373171126336388,results/sms-emoa/cifar100/2026-09-14_20-56-00_15798821/search/
sms-emoa,cifar100,FGSM,160,hv_2obj,23.609134989121078,results/sms-emoa/cifar100/2026-09-14_20-56-00_15798821/search/
sms-emoa,cifar100,FGSM,200,hv,69902.39602198119,results/sms-emoa/cifar100/2026-09-14_20-56-00_15798821/search/
sms-emoa,cifar100,FGSM,200,r2,0.3361818716083315,results/sms-emoa/cifar100/2026-09-14_20-56-00_15798821/search/
sms-emoa,cifar100,FGSM,200,hv_2obj,23.724945261499013,results/sms-emoa/cifar100/2026-09-14_20-56-00_15798821/search/
sms-emoa,cifar100,FGSM,240,hv,70074.32801976753,results/sms-emoa/cifar100/2026-09-14_20-56-00_15798821/search/
sms-emoa,cifar100,FGSM,240,r2,0.3361818716083315,results/sms-emoa/cifar100/2026-09-14_20-56-00_15798821/search/
sms-emoa,cifar100,FGSM,240,hv_2obj,23.724945261499013,results/sms-emoa/cifar100/2026-09-14_20-56-00_15798821/search/
sms-emoa,cifar100,FGSM,280,hv,71155.18671848201,results/sms-emoa/cifar100/2026-09-14_20-56-00_15798821/search/
sms-emoa,cifar100,FGSM,280,r2,0.3327482617585321,results/sms-emoa/cifar100/2026-09-14_20-56-00_15798821/search/
sms-emoa,cifar100,FGSM,280,hv_2obj,24.092368569851992,results/sms-emoa/cifar100/2026-09-14_20-56-00_15798821/search/
sms-emoa,cifar100,FGSM,320,hv,71238.71524825871,results/sms-emoa/cifar100/2026-09-14_20-56-00_15798821/search/
sms-emoa,cifar100,FGSM,320,r2,0.3326488107552704,results/sms-emoa/cifar100/2026-09-14_20-56-00_15798821/search/
sms-emoa,cifar100,FGSM,320,hv_2obj,24.106403181394192,results/sms-emoa/cifar100/2026-09-14_20-56-00_15798821/search/
sms-emoa,cifar100,FGSM,360,hv,71525.98011172288,results/sms-emoa/cifar100/2026-09-14_20-56-00_15798821/search/
sms-emoa,cifar100,FGSM,360,r2,0.3326488107552704,results/sms-emoa/cifar100/2026-09-14_20-56-00_15798821/search/
sms-emoa,cifar100,FGSM,360,hv_2obj,24.10682760710785,results/sms-emoa/cifar100/2026-09-14_20-56-00_15798821/search/
sms-emoa,cifar100,FGSM,400,hv,71549.01871896097,results/sms-emoa/cifar100/2026-09-14_20-56-00_15798821/search/
sms-emoa,cifar100,FGSM,400,r2,0.33258775229491666,results/sms-emoa/cifar100/2026-09-14_20-56-00_15798821/search/
sms-emoa,cifar100,FGSM,400,hv_2obj,24.107976980913325,results/sms-emoa/cifar100/2026-09-14_20-56-00_15798821/search/
sms-emoa,cifar100,FGSM,440,hv,71551.25702849617,results/sms-emoa/cifar100/2026-09-14_20-56-00_15798821/search/
sms-emoa,cifar100,FGSM,440,r2,0.33258775229491666,results/sms-emoa/cifar100/2026-09-14_20-56-00_15798821/search/
sms-emoa,cifar100,FGSM,440,hv_2obj,24.108018646652464,results/sms-emoa/cifar100/2026-09-14_20-56-00_15798821/search/
sms-emoa,cifar100,FGSM,480,hv,71572.99929820192,results/sms-emoa/cifar100/2026-09-14_20-56-00_15798821/search/
sms-emoa,cifar100,FGSM,480,r2,0.33258775229491666,results/sms-emoa/cifar100/2026-09-14_20-56-00_15798821/search/
sms-emoa,cifar100,FGSM,480,hv_2obj,24.10865820395293,results/sms-emoa/cifar100/2026-09-14_20-56-00_15798821/search/
sms-emoa,cifar100,FGSM,520,hv,71573.20005297562,results/sms-emoa/cifar100/2026-09-14_20-56-00_15798821/search/
sms-emoa,cifar100,FGSM,520,r2,0.33258775229491666,results/sms-emoa/cifar100/2026-09-14_20-56-00_15798821/search/
sms-emoa,cifar100,FGSM,520,hv_2obj,24.10865820395293,results/sms-emoa/cifar100/2026-09-14_20-56-00_15798821/search/
sms-emoa,cifar100,FGSM,560,hv,71942.20176626345,results/sms-emoa/cifar100/2026-09-14_20-56-00_15798821/search/
sms-emoa,cifar100,FGSM,560,r2,0.33193470815916826,results/sms-emoa/cifar100/2026-09-14_20-56-00_15798821/search/
sms-emoa,cifar100,FGSM,560,hv_2obj,24.202780419787516,results/sms-emoa/cifar100/2026-09-14_20-56-00_15798821/search/
sms-emoa,cifar100,FGSM,600,hv,71997.93928598358,results/sms-emoa/cifar100/2026-09-14_20-56-00_15798821/search/
sms-emoa,cifar100,FGSM,600,r2,0.33172835508678183,results/sms-emoa/cifar100/2026-09-14_20-56-00_15798821/search/
sms-emoa,cifar100,FGSM,600,hv_2obj,24.220328027149346,results/sms-emoa/cifar100/2026-09-14_20-56-00_15798821/search/
sms-emoa,cifar100,FGSM,640,hv,72055.88815709381,results/sms-emoa/cifar100/2026-09-14_20-56-00_15798821/search/
sms-emoa,cifar100,FGSM,640,r2,0.33172835508678183,results/sms-emoa/cifar100/2026-09-14_20-56-00_15798821/search/
sms-emoa,cifar100,FGSM,640,hv_2obj,24.22058976481513,results/sms-emoa/cifar100/2026-09-14_20-56-00_15798821/search/
sms-emoa,cifar100,FGSM,680,hv,72069.5773761238,results/sms-emoa/cifar100/2026-09-14_20-56-00_15798821/search/
sms-emoa,cifar100,FGSM,680,r2,0.33169664529043585,results/sms-emoa/cifar100/2026-09-14_20-56-00_15798821/search/
sms-emoa,cifar100,FGSM,680,hv_2obj,24.224470015259364,results/sms-emoa/cifar100/2026-09-14_20-56-00_15798821/search/
sms-emoa,cifar100,FGSM,720,hv,72145.66830674499,results/sms-emoa/cifar100/2026-09-14_20-56-00_15798821/search/
sms-emoa,cifar100,FGSM,720,r2,0.3315726405356809,results/sms-emoa/cifar100/2026-09-14_20-56-00_15798821/search/
sms-emoa,cifar100,FGSM,720,hv_2obj,24.24414721783993,results/sms-emoa/cifar100/2026-09-14_20-56-00_15798821/search/
sms-emoa,cifar100,FGSM,760,hv,72147.64160273716,results/sms-emoa/cifar100/2026-09-14_20-56-00_15798821/search/
sms-emoa,cifar100,FGSM,760,r2,0.3315726405356809,results/sms-emoa/cifar100/2026-09-14_20-56-00_15798821/search/
sms-emoa,cifar100,FGSM,760,hv_2obj,24.24414721783993,results/sms-emoa/cifar100/2026-09-14_20-56-00_15798821/search/
sms-emoa,cifar100,FGSM,800,hv,72861.36147433385,results/sms-emoa/cifar100/2026-09-14_20-56-00_15798821/search/
sms-emoa,cifar100,FGSM,800,r2,0.3299005439472513,results/sms-emoa/cifar100/2026-09-14_20-56-00_15798821/search/
sms-emoa,cifar100,FGSM,800,hv_2obj,24.484214944679692,results/sms-emoa/cifar100/2026-09-14_20-56-00_15798821/search/
sms-emoa,cifar100,FGSM,840,hv,72865.35283518622,results/sms-emoa/cifar100/2026-09-14_20-56-00_15798821/search/
sms-emoa,cifar100,FGSM,840,r2,0.3299005439472513,results/sms-emoa/cifar100/2026-09-14_20-56-00_15798821/search/
sms-emoa,cifar100,FGSM,840,hv_2obj,24.484214944679692,results/sms-emoa/cifar100/2026-09-14_20-56-00_15798821/search/
sms-emoa,cifar100,FGSM,880,hv,72975.1403041828,results/sms-emoa/cifar100/2026-09-14_20-56-00_15798821/search/
sms-emoa,cifar100,FGSM,880,r2,0.3299005439472513,results/sms-emoa/cifar100/2026-09-14_20-56-00_15798821/search/
sms-emoa,cifar100,FGSM,880,hv_2obj,24.484819133066253,results/sms-emoa/cifar100/2026-09-14_20-56-00_15798821/search/
sms-emoa,cifar100,FGSM,920,hv,72976.59569128584,results/sms-emoa/cifar100/2026-09-14_20-56-00_15798821/search/
sms-emoa,cifar100,FGSM,920,r2,0.3299005439472513,results/sms-emoa/cifar100/2026-09-14_20-56-00_15798821/search/
sms-emoa,cifar100,FGSM,920,hv_2obj,24.484819133066253,results/sms-emoa/cifar100/2026-09-14_20-56-00_15798821/search/
sms-emoa,cifar100,FGSM,960,hv,72979.1519278621,results/sms-emoa/cifar100/2026-09-14_20-56-00_15798821/search/
sms-emoa,cifar100,FGSM,960,r2,0.3299005439472513,results/sms-emoa/cifar100/2026-09-14_20-56-00_15798821/search/
sms-emoa,cifar100,FGSM,960,hv_2obj,24.484819133066253,results/sms-emoa/cifar100/2026-09-14_20-56-00_15798821/search/
sms-emoa,cifar100,FGSM,1000,hv,72982.62414547273,results/sms-emoa/cifar100/2026-09-14_20-56-00_15798821/search/
sms-emoa,cifar100,FGSM,1000,r2,0.3299005439472513,results/sms-emoa/cifar100/2026-09-14_20-56-00_15798821/search/
sms-emoa,cifar100,FGSM,1000,hv_2obj,24.484819133066253,results/sms-emoa/cifar100/2026-09-14_20-56-00_15798821/search/
sms-emoa,cifar100,FGSM,1040,hv,73046.15971340647,results/sms-emoa/cifar100/2026-09-14_20-56-00_15798821/search/
sms-emoa,cifar100,FGSM,1040,r2,0.3299005439472513,results/sms-emoa/cifar100/2026-09-14_20-56-00_15798821/search/
sms-emoa,cifar100,FGSM,1040,hv_2obj,24.484819133066253,results/sms-emoa/cifar100/2026-09-14_20-56-00_15798821/search/
sms-emoa,cifar100,FGSM,1080,hv,73046.56971833913,results/sms-emoa/cifar100/2026-09-14_20-56-00_15798821/search/
sms-emoa,cifar100,FGSM,1080,r2,0.3299005439472513,results/sms-emoa/cifar100/2026-09-14_20-56-00_15798821/search/
sms-emoa,cifar100,FGSM,1080,hv_2obj,24.48483006013154,results/sms-emoa/cifar100/2026-09-14_20-56-00_15798821/search/
sms-emoa,cifar100,FGSM,1120,hv,73047.37244516925,results/sms-emoa/cifar100/2026-09-14_20-56-00_15798821/search/
sms-emoa,cifar100,FGSM,1120,r2,0.3299005439472513,results/sms-emoa/cifar100/2026-09-14_20-56-00_15798821/search/
sms-emoa,cifar100,FGSM,1120,hv_2obj,24.48483006013154,results/sms-emoa/cifar100/2026-09-14_20-56-00_15798821/search/
sms-emoa,cifar100,FGSM,1160,hv,73048.04104601164,results/sms-emoa/cifar100/2026-09-14_20-56-00_15798821/search/
sms-emoa,cifar100,FGSM,1160,r2,0.3299005439472513,results/sms-emoa/cifar100/2026-09-14_20-56-00_15798821/search/
sms-emoa,cifar100,FGSM,1160,hv_2obj,24.48483006013154,results/sms-emoa/cifar100/2026-09-14_20-56-00_15798821/search/
sms-emoa,cifar100,FGSM,1200,hv,73207.26182082767,results/sms-emoa/cifar100/2026-09-14_20-56-00_15798821/search/
sms-emoa,cifar100,FGSM,1200,r2,0.3295762475786615,results/sms-emoa/cifar100/2026-09-14_20-56-00_15798821/search/
sms-emoa,cifar100,FGSM,1200,hv_2obj,24.53843527444571,results/sms-emoa/cifar100/2026-09-14_20-56-00_15798821/search/
sms-emoa,cifar100,FGSM,1240,hv,73208.72105267471,results/sms-emoa/cifar100/2026-09-14_20-56-00_15798821/search/
sms-emoa,cifar100,FGSM,1240,r2,0.3295762475786615,results/sms-emoa/cifar100/2026-09-14_20-56-00_15798821/search/
sms-emoa,cifar100,FGSM,1240,hv_2obj,24.53843527444571,results/sms-emoa/cifar100/2026-09-14_20-56-00_15798821/search/
sms-emoa,cifar100,FGSM,40,hv,67776.48886882795,results/sms-emoa/cifar100/2026-09-15_02-05-49_65381509/search/
sms-emoa,cifar100,FGSM,40,r2,0.34067288162923026,results/sms-emoa/cifar100/2026-09-15_02-05-49_65381509/search/
sms-emoa,cifar100,FGSM,40,hv_2obj,23.164869687798408,results/sms-emoa/cifar100/2026-09-15_02-05-49_65381509/search/
sms-emoa,cifar100,FGSM,80,hv,68235.73844995322,results/sms-emoa/cifar100/2026-09-15_02-05-49_65381509/search/
sms-emoa,cifar100,FGSM,80,r2,0.34029348276057364,results/sms-emoa/cifar100/2026-09-15_02-05-49_65381509/search/
sms-emoa,cifar100,FGSM,80,hv_2obj,23.220967563052813,results/sms-emoa/cifar100/2026-09-15_02-05-49_65381509/search/
sms-emoa,cifar100,FGSM,120,hv,68512.75132267064,results/sms-emoa/cifar100/2026-09-15_02-05-49_65381509/search/
sms-emoa,cifar100,FGSM,120,r2,0.3395458036450369,results/sms-emoa/cifar100/2026-09-15_02-05-49_65381509/search/
sms-emoa,cifar100,FGSM,120,hv_2obj,23.30115442380397,results/sms-emoa/cifar100/2026-09-15_02-05-49_65381509/search/
sms-emoa,cifar100,FGSM,160,hv,68695.69637071107,results/sms-emoa/cifar100/2026-09-15_02-05-49_65381509/search/
sms-emoa,cifar100,FGSM,160,r2,0.33927230780050766,results/sms-emoa/cifar100/2026-09-15_02-05-49_65381509/search/
sms-emoa,cifar100,FGSM,160,hv_2obj,23.32980991267404,results/sms-emoa/cifar100/2026-09-15_02-05-49_65381509/search/
sms-emoa,cifar100,FGSM,200,hv,70077.57586613168,results/sms-emoa/cifar100/2026-09-15_02-05-49_65381509/search/
sms-emoa,cifar100,FGSM,200,r2,0.3352835629999268,results/sms-emoa/cifar100/2026-09-15_02-05-49_65381509/search/
sms-emoa,cifar100,FGSM,200,hv_2obj,23.8115795721225,results/sms-emoa/cifar100/2026-09-15_02-05-49_65381509/search/
sms-emoa,cifar100,FGSM,240,hv,70937.10112172393,results/sms-emoa/cifar100/2026-09-15_02-05-49_65381509/search/
sms-emoa,cifar100,FGSM,240,r2,0.33364631839709763,results/sms-emoa/cifar100/2026-09-15_02-05-49_65381509/search/
sms-emoa,cifar100,FGSM,240,hv_2obj,24.049979188531495,results/sms-emoa/cifar100/2026-09-15_02-05-49_65381509/search/
sms-emoa,cifar100,FGSM,280,hv,71029.22988605677,results/sms-emoa/cifar100/2026-09-15_02-05-49_65381509/search/
sms-emoa,cifar100,FGSM,280,r2,0.33364631839709763,results/sms-emoa/cifar100/2026-09-15_02-05-49_65381509/search/
sms-emoa,cifar100,FGSM,280,hv_2obj,24.049979188531495,results/sms-emoa/cifar100/2026-09-15_02-05-49_65381509/search/
sms-emoa,cifar100,FGSM,320,hv,71440.28737158571,results/sms-emoa/cifar100/2026-09-15_02-05-49_65381509/search/
sms-emoa,cifar100,FGSM,320,r2,0.3327669289957217,results/sms-emoa/cifar100/2026-09-15_02-05-49_65381509/search/
sms-emoa,cifar100,FGSM,320,hv_2obj,24.13981447742417,results/sms-emoa/cifar100/2026-09-15_02-05-49_65381509/search/
sms-emoa,cifar100,FGSM,360,hv,71446.40548184738,results/sms-emoa/cifar100/2026-09-15_02-05-49_65381509/search/
sms-emoa,cifar100,FGSM,360,r2,0.3327669289957217,results/sms-emoa/cifar100/2026-09-15_02-05-49_65381509/search/
sms-emoa,cifar100,FGSM,360,hv_2obj,24.13981952324617,results/sms-emoa/cifar100/2026-09-15_02-05-49_65381509/search/
sms-emoa,cifar100,FGSM,400,hv,71487.99448210828,results/sms-emoa/cifar100/2026-09-15_02-05-49_65381509/search/
sms-emoa,cifar100,FGSM,400,r2,0.3327669289957217,results/sms-emoa/cifar100/2026-09-15_02-05-49_65381509/search/
sms-emoa,cifar100,FGSM,400,hv_2obj,24.13981952324617,results/sms-emoa/cifar100/2026-09-15_02-05-49_65381509/search/
sms-emoa,cifar100,FGSM,440,hv,72212.33303436548,results/sms-emoa/cifar100/2026-09-15_02-05-49_65381509/search/
sms-emoa,cifar100,FGSM,440,r2,0.33044959210658886,results/sms-emoa/cifar100/2026-09-15_02-05-49_65381509/search/
sms-emoa,cifar100,FGSM,440,hv_2obj,24.390173232636506,results/sms-emoa/cifar100/2026-09-15_02-05-49_65381509/search/
sms-emoa,cifar100,FGSM,480,hv,72220.79270206725,results/sms-emoa/cifar100/2026-09-15_02-05-49_65381509/search/
sms-emoa,cifar100,FGSM,480,r2,0.33044959210658886,results/sms-emoa/cifar100/2026-09-15_02-05-49_65381509/search/
sms-emoa,cifar100,FGSM,480,hv_2obj,24.390173232636506,results/sms-emoa/cifar100/2026-09-15_02-05-49_65381509/search/
sms-emoa,cifar100,FGSM,520,hv,72244.66999401583,results/sms-emoa/cifar100/2026-09-15_02-05-49_65381509/search/
sms-emoa,cifar100,FGSM,520,r2,0.33044959210658886,results/sms-emoa/cifar100/2026-09-15_02-05-49_65381509/search/
sms-emoa,cifar100,FGSM,520,hv_2obj,24.390173232636506,results/sms-emoa/cifar100/2026-09-15_02-05-49_65381509/search/
sms-emoa,cifar100,FGSM,560,hv,72267.51921494803,results/sms-emoa/cifar100/2026-09-15_02-05-49_65381509/search/
sms-emoa,cifar100,FGSM,560,r2,0.33044959210658886,results/sms-emoa/cifar100/2026-09-15_02-05-49_65381509/search/
sms-emoa,cifar100,FGSM,560,hv_2obj,24.390173232636506,results/sms-emoa/cifar100/2026-09-15_02-05-49_65381509/search/
sms-emoa,cifar100,FGSM,600,hv,72311.23277865085,results/sms-emoa/cifar100/2026-09-15_02-05-49_65381509/search/
sms-emoa,cifar100,FGSM,600,r2,0.33044959210658886,results/sms-emoa/cifar100/2026-09-15_02-05-49_65381509/search/
sms-emoa,cifar100,FGSM,600,hv_2obj,24.390173232636506,results/sms-emoa/cifar100/2026-09-15_02-05-49_65381509/search/
sms-emoa,cifar100,FGSM,640,hv,72341.84285751956,results/sms-emoa/cifar100/2026-09-15_02-05-49_65381509/search/
sms-emoa,cifar100,FGSM,640,r2,0.33032096751849294,results/sms-emoa/cifar100/2026-09-15_02-05-49_65381509/search/
sms-emoa,cifar100,FGSM,640,hv_2obj,24.397095278024157,results/sms-emoa/cifar100/2026-09-15_02-05-49_65381509/search/
sms-emoa,cifar100,FGSM,680,hv,72617.75975955892,results/sms-emoa/cifar100/2026-09-15_02-05-49_65381509/search/
sms-emoa,cifar100,FGSM,680,r2,0.32959074638788594,results/sms-emoa/cifar100/2026-09-15_02-05-49_65381509/search/
sms-emoa,cifar100,FGSM,680,hv_2obj,24.474371326238057,results/sms-emoa/cifar100/2026-09-15_02-05-49_65381509/search/
sms-emoa,cifar100,FGSM,720,hv,72713.08955817971,results/sms-emoa/cifar100/2026-09-15_02-05-49_65381509/search/
sms-emoa,cifar100,FGSM,720,r2,0.32959074638788594,results/sms-emoa/cifar100/2026-09-15_02-05-49_65381509/search/
sms-emoa,cifar100,FGSM,720,hv_2obj,24.474371326238057,results/sms-emoa/cifar100/2026-09-15_02-05-49_65381509/search/
sms-emoa,cifar100,FGSM,760,hv,72717.08950833723,results/sms-emoa/cifar100/2026-09-15_02-05-49_65381509/search/
sms-emoa,cifar100,FGSM,760,r2,0.32959074638788594,results/sms-emoa/cifar100/2026-09-15_02-05-49_65381509/search/
sms-emoa,cifar100,FGSM,760,hv_2obj,24.474371326238057,results/sms-emoa/cifar100/2026-09-15_02-05-49_65381509/search/
sms-emoa,cifar100,FGSM,800,hv,72781.96628177716,results/sms-emoa/cifar100/2026-09-15_02-05-49_65381509/search/
sms-emoa,cifar100,FGSM,800,r2,0.32959074638788594,results/sms-emoa/cifar100/2026-09-15_02-05-49_65381509/search/
sms-emoa,cifar100,FGSM,800,hv_2obj,24.474371326238057,results/sms-emoa/cifar100/2026-09-15_02-05-49_65381509/search/
sms-emoa,cifar100,FGSM,840,hv,72785.83830860551,results/sms-emoa/cifar100/2026-09-15_02-05-49_65381509/search/
sms-emoa,cifar100,FGSM,840,r2,0.32959074638788594,results/sms-emoa/cifar100/2026-09-15_02-05-49_65381509/search/
sms-emoa,cifar100,FGSM,840,hv_2obj,24.474371326238057,results/sms-emoa/cifar100/2026-09-15_02-05-49_65381509/search/
sms-emoa,cifar100,FGSM,880,hv,72802.65793897786,results/sms-emoa/cifar100/2026-09-15_02-05-49_65381509/search/
sms-emoa,cifar100,FGSM,880,r2,0.3295537294633568,results/sms-emoa/cifar100/2026-09-15_02-05-49_65381509/search/
sms-emoa,cifar100,FGSM,880,hv_2obj,24.476390967378606,results/sms-emoa/cifar100/2026-09-15_02-05-49_65381509/search/
sms-emoa,cifar100,FGSM,920,hv,72819.75992993088,results/sms-emoa/cifar100/2026-09-15_02-05-49_65381509/search/
sms-emoa,cifar100,FGSM,920,r2,0.3295390317600907,results/sms-emoa/cifar100/2026-09-15_02-05-49_65381509/search/
sms-emoa,cifar100,FGSM,920,hv_2obj,24.47892768360876,results/sms-emoa/cifar100/2026-09-15_02-05-49_65381509/search/
sms-emoa,cifar100,FGSM,960,hv,73397.43705403751,results/sms-emoa/cifar100/2026-09-15_02-05-49_65381509/search/
sms-emoa,cifar100,FGSM,960,r2,0.32800394128766136,results/sms-emoa/cifar100/2026-09-15_02-05-49_65381509/search/
sms-emoa,cifar100,FGSM,960,hv_2obj,24.672219893342124,results/sms-emoa/cifar100/2026-09-15_02-05-49_65381509/search/
sms-emoa,cifar100,FGSM,1000,hv,73397.7550645549,results/sms-emoa/cifar100/2026-09-15_02-05-49_65381509/search/
sms-emoa,cifar100,FGSM,1000,r2,0.32800394128766136,results/sms-emoa/cifar100/2026-09-15_02-05-49_65381509/search/
sms-emoa,cifar100,FGSM,1000,hv_2obj,24.672219893342124,results/sms-emoa/cifar100/2026-09-15_02-05-49_65381509/search/
sms-emoa,cifar100,FGSM,1040,hv,73398.23171056648,results/sms-emoa/cifar100/2026-09-15_02-05-49_65381509/search/
sms-emoa,cifar100,FGSM,1040,r2,0.32800394128766136,results/sms-emoa/cifar100/2026-09-15_02-05-49_65381509/search/
sms-emoa,cifar100,FGSM,1040,hv_2obj,24.672219893342124,results/sms-emoa/cifar100/2026-09-15_02-05-49_65381509/search/
sms-emoa,cifar100,FGSM,1080,hv,73400.74079008882,results/sms-emoa/cifar100/2026-09-15_02-05-49_65381509/search/
sms-emoa,cifar100,FGSM,1080,r2,0.32800394128766136,results/sms-emoa/cifar100/2026-09-15_02-05-49_65381509/search/
sms-emoa,cifar100,FGSM,1080,hv_2obj,24.672405240361538,results/sms-emoa/cifar100/2026-09-15_02-05-49_65381509/search/
sms-emoa,cifar100,FGSM,1120,hv,73405.35916013962,results/sms-emoa/cifar100/2026-09-15_02-05-49_65381509/search/
sms-emoa,cifar100,FGSM,1120,r2,0.32800394128766136,results/sms-emoa/cifar100/2026-09-15_02-05-49_65381509/search/
sms-emoa,cifar100,FGSM,1120,hv_2obj,24.67245705453746,results/sms-emoa/cifar100/2026-09-15_02-05-49_65381509/search/
sms-emoa,cifar100,FGSM,1160,hv,73533.33947582667,results/sms-emoa/cifar100/2026-09-15_02-05-49_65381509/search/
sms-emoa,cifar100,FGSM,1160,r2,0.32762116314059314,results/sms-emoa/cifar100/2026-09-15_02-05-49_65381509/search/
sms-emoa,cifar100,FGSM,1160,hv_2obj,24.71587528728246,results/sms-emoa/cifar100/2026-09-15_02-05-49_65381509/search/
sms-emoa,cifar100,FGSM,1200,hv,73860.6047938059,results/sms-emoa/cifar100/2026-09-15_02-05-49_65381509/search/
sms-emoa,cifar100,FGSM,1200,r2,0.3268613131249215,results/sms-emoa/cifar100/2026-09-15_02-05-49_65381509/search/
sms-emoa,cifar100,FGSM,1200,hv_2obj,24.797772842043837,results/sms-emoa/cifar100/2026-09-15_02-05-49_65381509/search/
sms-emoa,cifar100,FGSM,1240,hv,73866.73648937226,results/sms-emoa/cifar100/2026-09-15_02-05-49_65381509/search/
sms-emoa,cifar100,FGSM,1240,r2,0.3268613131249215,results/sms-emoa/cifar100/2026-09-15_02-05-49_65381509/search/
sms-emoa,cifar100,FGSM,1240,hv_2obj,24.797772842043837,results/sms-emoa/cifar100/2026-09-15_02-05-49_65381509/search/
sms-emoa,cifar100,FGSM,40,hv,68201.88414678478,results/sms-emoa/cifar100/2026-09-15_08-10-46_27293207/search/
sms-emoa,cifar100,FGSM,40,r2,0.3394731777944157,results/sms-emoa/cifar100/2026-09-15_08-10-46_27293207/search/
sms-emoa,cifar100,FGSM,40,hv_2obj,23.31933809439559,results/sms-emoa/cifar100/2026-09-15_08-10-46_27293207/search/
sms-emoa,cifar100,FGSM,80,hv,68274.2753662656,results/sms-emoa/cifar100/2026-09-15_08-10-46_27293207/search/
sms-emoa,cifar100,FGSM,80,r2,0.3394731777944157,results/sms-emoa/cifar100/2026-09-15_08-10-46_27293207/search/
sms-emoa,cifar100,FGSM,80,hv_2obj,23.320018932663153,results/sms-emoa/cifar100/2026-09-15_08-10-46_27293207/search/
sms-emoa,cifar100,FGSM,120,hv,68388.75592871063,results/sms-emoa/cifar100/2026-09-15_08-10-46_27293207/search/
sms-emoa,cifar100,FGSM,120,r2,0.3394731777944157,results/sms-emoa/cifar100/2026-09-15_08-10-46_27293207/search/
sms-emoa,cifar100,FGSM,120,hv_2obj,23.32235861305496,results/sms-emoa/cifar100/2026-09-15_08-10-46_27293207/search/
sms-emoa,cifar100,FGSM,160,hv,68484.91656633557,results/sms-emoa/cifar100/2026-09-15_08-10-46_27293207/search/
sms-emoa,cifar100,FGSM,160,r2,0.3394731777944157,results/sms-emoa/cifar100/2026-09-15_08-10-46_27293207/search/
sms-emoa,cifar100,FGSM,160,hv_2obj,23.32400833004899,results/sms-emoa/cifar100/2026-09-15_08-10-46_27293207/search/
sms-emoa,cifar100,FGSM,200,hv,69821.96074993818,results/sms-emoa/cifar100/2026-09-15_08-10-46_27293207/search/
sms-emoa,cifar100,FGSM,200,r2,0.3362165570248456,results/sms-emoa/cifar100/2026-09-15_08-10-46_27293207/search/
sms-emoa,cifar100,FGSM,200,hv_2obj,23.69347883668539,results/sms-emoa/cifar100/2026-09-15_08-10-46_27293207/search/
sms-emoa,cifar100,FGSM,240,hv,70003.56991200843,results/sms-emoa/cifar100/2026-09-15_08-10-46_27293207/search/
sms-emoa,cifar100,FGSM,240,r2,0.33617645248659334,results/sms-emoa/cifar100/2026-09-15_08-10-46_27293207/search/
sms-emoa,cifar100,FGSM,240,hv_2obj,23.699304887962313,results/sms-emoa/cifar100/2026-09-15_08-10-46_27293207/search/
sms-emoa,cifar100,FGSM,280,hv,70139.52789581419,results/sms-emoa/cifar100/2026-09-15_08-10-46_27293207/search/
sms-emoa,cifar100,FGSM,280,r2,0.33617645248659334,results/sms-emoa/cifar100/2026-09-15_08-10-46_27293207/search/
sms-emoa,cifar100,FGSM,280,hv_2obj,23.699304887962313,results/sms-emoa/cifar100/2026-09-15_08-10-46_27293207/search/
sms-emoa,cifar100,FGSM,320,hv,71115.47045933474,results/sms-emoa/cifar100/2026-09-15_08-10-46_27293207/search/
sms-emoa,cifar100,FGSM,320,r2,0.3333813878531599,results/sms-emoa/cifar100/2026-09-15_08-10-46_27293207/search/
sms-emoa,cifar100,FGSM,320,hv_2obj,24.03966886675349,results/sms-emoa/cifar100/2026-09-15_08-10-46_27293207/search/
sms-emoa,cifar100,FGSM,360,hv,71470.33369428122,results/sms-emoa/cifar100/2026-09-15_08-10-46_27293207/search/
sms-emoa,cifar100,FGSM,360,r2,0.3325266553418247,results/sms-emoa/cifar100/2026-09-15_08-10-46_27293207/search/
sms-emoa,cifar100,FGSM,360,hv_2obj,24.16189772283659,results/sms-emoa/cifar100/2026-09-15_08-10-46_27293207/search/
sms-emoa,cifar100,FGSM,400,hv,71733.68886267237,results/sms-emoa/cifar100/2026-09-15_08-10-46_27293207/search/
sms-emoa,cifar100,FGSM,400,r2,0.33173871547648576,results/sms-emoa/cifar100/2026-09-15_08-10-46_27293207/search/
sms-emoa,cifar100,FGSM,400,hv_2obj,24.23674864892347,results/sms-emoa/cifar100/2026-09-15_08-10-46_27293207/search/
sms-emoa,cifar100,FGSM,440,hv,71805.19420116153,results/sms-emoa/cifar100/2026-09-15_08-10-46_27293207/search/
sms-emoa,cifar100,FGSM,440,r2,0.3315551090534179,results/sms-emoa/cifar100/2026-09-15_08-10-46_27293207/search/
sms-emoa,cifar100,FGSM,440,hv_2obj,24.257150822382705,results/sms-emoa/cifar100/2026-09-15_08-10-46_27293207/search/
sms-emoa,cifar100,FGSM,480,hv,72047.68712541502,results/sms-emoa/cifar100/2026-09-15_08-10-46_27293207/search/
sms-emoa,cifar100,FGSM,480,r2,0.3314351740327232,results/sms-emoa/cifar100/2026-09-15_08-10-46_27293207/search/
sms-emoa,cifar100,FGSM,480,hv_2obj,24.271239976837794,results/sms-emoa/cifar100/2026-09-15_08-10-46_27293207/search/
sms-emoa,cifar100,FGSM,520,hv,72253.60546345879,results/sms-emoa/cifar100/2026-09-15_08-10-46_27293207/search/
sms-emoa,cifar100,FGSM,520,r2,0.3307855152318783,results/sms-emoa/cifar100/2026-09-15_08-10-46_27293207/search/
sms-emoa,cifar100,FGSM,520,hv_2obj,24.34178337131464,results/sms-emoa/cifar100/2026-09-15_08-10-46_27293207/search/
sms-emoa,cifar100,FGSM,560,hv,72452.35329056864,results/sms-emoa/cifar100/2026-09-15_08-10-46_27293207/search/
sms-emoa,cifar100,FGSM,560,r2,0.3305121481869869,results/sms-emoa/cifar100/2026-09-15_08-10-46_27293207/search/
sms-emoa,cifar100,FGSM,560,hv_2obj,24.37850005209313,results/sms-emoa/cifar100/2026-09-15_08-10-46_27293207/search/
sms-emoa,cifar100,FGSM,600,hv,72647.40604069602,results/sms-emoa/cifar100/2026-09-15_08-10-46_27293207/search/
sms-emoa,cifar100,FGSM,600,r2,0.330068311846154,results/sms-emoa/cifar100/2026-09-15_08-10-46_27293207/search/
sms-emoa,cifar100,FGSM,600,hv_2obj,24.442151929469723,results/sms-emoa/cifar100/2026-09-15_08-10-46_27293207/search/
sms-emoa,cifar100,FGSM,640,hv,72657.57186407944,results/sms-emoa/cifar100/2026-09-15_08-10-46_27293207/search/
sms-emoa,cifar100,FGSM,640,r2,0.330068311846154,results/sms-emoa/cifar100/2026-09-15_08-10-46_27293207/search/
sms-emoa,cifar100,FGSM,640,hv_2obj,24.442151929469723,results/sms-emoa/cifar100/2026-09-15_08-10-46_27293207/search/
sms-emoa,cifar100,FGSM,680,hv,72659.08092396095,results/sms-emoa/cifar100/2026-09-15_08-10-46_27293207/search/
sms-emoa,cifar100,FGSM,680,r2,0.330068311846154,results/sms-emoa/cifar100/2026-09-15_08-10-46_27293207/search/
sms-emoa,cifar100,FGSM,680,hv_2obj,24.442151929469723,results/sms-emoa/cifar100/2026-09-15_08-10-46_27293207/search/
sms-emoa,cifar100,FGSM,720,hv,73358.38104348318,results/sms-emoa/cifar100/2026-09-15_08-10-46_27293207/search/
sms-emoa,cifar100,FGSM,720,r2,0.32786033542301535,results/sms-emoa/cifar100/2026-09-15_08-10-46_27293207/search/
sms-emoa,cifar100,FGSM,720,hv_2obj,24.67911385072923,results/sms-emoa/cifar100/2026-09-15_08-10-46_27293207/search/
sms-emoa,cifar100,FGSM,760,hv,73376.92612569788,results/sms-emoa/cifar100/2026-09-15_08-10-46_27293207/search/
sms-emoa,cifar100,FGSM,760,r2,0.3278020134048564,results/sms-emoa/cifar100/2026-09-15_08-10-46_27293207/search/
sms-emoa,cifar100,FGSM,760,hv_2obj,24.685266795191584,results/sms-emoa/cifar100/2026-09-15_08-10-46_27293207/search/
sms-emoa,cifar100,FGSM,800,hv,73439.92501363796,results/sms-emoa/cifar100/2026-09-15_08-10-46_27293207/search/
sms-emoa,cifar100,FGSM,800,r2,0.3278020134048564,results/sms-emoa/cifar100/2026-09-15_08-10-46_27293207/search/
sms-emoa,cifar100,FGSM,800,hv_2obj,24.685266795191584,results/sms-emoa/cifar100/2026-09-15_08-10-46_27293207/search/
sms-emoa,cifar100,FGSM,840,hv,73443.24818740491,results/sms-emoa/cifar100/2026-09-15_08-10-46_27293207/search/
sms-emoa,cifar100,FGSM,840,r2,0.3278020134048564,results/sms-emoa/cifar100/2026-09-15_08-10-46_27293207/search/
sms-emoa,cifar100,FGSM,840,hv_2obj,24.685266795191584,results/sms-emoa/cifar100/2026-09-15_08-10-46_27293207/search/
sms-emoa,cifar100,FGSM,880,hv,73456.8957601675,results/sms-emoa/cifar100/2026-09-15_08-10-46_27293207/search/
sms-emoa,cifar100,FGSM,880,r2,0.3278020134048564,results/sms-emoa/cifar100/2026-09-15_08-10-46_27293207/search/
sms-emoa,cifar100,FGSM,880,hv_2obj,24.685761049895813,results/sms-emoa/cifar100/2026-09-15_08-10-46_27293207/search/
sms-emoa,cifar100,FGSM,920,hv,73456.8957601675,results/sms-emoa/cifar100/2026-09-15_08-10-46_27293207/search/
sms-emoa,cifar100,FGSM,920,r2,0.3278020134048564,results/sms-emoa/cifar100/2026-09-15_08-10-46_27293207/search/
sms-emoa,cifar100,FGSM,920,hv_2obj,24.685761049895813,results/sms-emoa/cifar100/2026-09-15_08-10-46_27293207/search/
sms-emoa,cifar100,FGSM,960,hv,73458.13111860347,results/sms-emoa/cifar100/2026-09-15_08-10-46_27293207/search/
sms-emoa,cifar100,FGSM,960,r2,0.3278020134048564,results/sms-emoa/cifar100/2026-09-15_08-10-46_27293207/search/
sms-emoa,cifar100,FGSM,960,hv_2obj,24.685761049895813,results/sms-emoa/cifar100/2026-09-15_08-10-46_27293207/search/
sms-emoa,cifar100,FGSM,1000,hv,73905.6140203625,results/sms-emoa/cifar100/2026-09-15_08-10-46_27293207/search/
sms-emoa,cifar100,FGSM,1000,r2,0.32676341020171074,results/sms-emoa/cifar100/2026-09-15_08-10-46_27293207/search/
sms-emoa,cifar100,FGSM,1000,hv_2obj,24.84082235878338,results/sms-emoa/cifar100/2026-09-15_08-10-46_27293207/search/
sms-emoa,cifar100,FGSM,1040,hv,73905.88418771981,results/sms-emoa/cifar100/2026-09-15_08-10-46_27293207/search/
sms-emoa,cifar100,FGSM,1040,r2,0.32676341020171074,results/sms-emoa/cifar100/2026-09-15_08-10-46_27293207/search/
sms-emoa,cifar100,FGSM,1040,hv_2obj,24.84082235878338,results/sms-emoa/cifar100/2026-09-15_08-10-46_27293207/search/
sms-emoa,cifar100,FGSM,1080,hv,73919.82778204125,results/sms-emoa/cifar100/2026-09-15_08-10-46_27293207/search/
sms-emoa,cifar100,FGSM,1080,r2,0.32673500179791015,results/sms-emoa/cifar100/2026-09-15_08-10-46_27293207/search/
sms-emoa,cifar100,FGSM,1080,hv_2obj,24.845127142525733,results/sms-emoa/cifar100/2026-09-15_08-10-46_27293207/search/
sms-emoa,cifar100,FGSM,1120,hv,73923.29718466925,results/sms-emoa/cifar100/2026-09-15_08-10-46_27293207/search/
sms-emoa,cifar100,FGSM,1120,r2,0.32673500179791015,results/sms-emoa/cifar100/2026-09-15_08-10-46_27293207/search/
sms-emoa,cifar100,FGSM,1120,hv_2obj,24.845127142525733,results/sms-emoa/cifar100/2026-09-15_08-10-46_27293207/search/
sms-emoa,cifar100,FGSM,1160,hv,73925.06204995001,results/sms-emoa/cifar100/2026-09-15_08-10-46_27293207/search/
sms-emoa,cifar100,FGSM,1160,r2,0.32673500179791015,results/sms-emoa/cifar100/2026-09-15_08-10-46_27293207/search/
sms-emoa,cifar100,FGSM,1160,hv_2obj,24.845127142525733,results/sms-emoa/cifar100/2026-09-15_08-10-46_27293207/search/
sms-emoa,cifar100,FGSM,1200,hv,73925.44521015041,results/sms-emoa/cifar100/2026-09-15_08-10-46_27293207/search/
sms-emoa,cifar100,FGSM,1200,r2,0.32673500179791015,results/sms-emoa/cifar100/2026-09-15_08-10-46_27293207/search/
sms-emoa,cifar100,FGSM,1200,hv_2obj,24.845127142525733,results/sms-emoa/cifar100/2026-09-15_08-10-46_27293207/search/
sms-emoa,cifar100,FGSM,1240,hv,73925.4562439234,results/sms-emoa/cifar100/2026-09-15_08-10-46_27293207/search/
sms-emoa,cifar100,FGSM,1240,r2,0.32673500179791015,results/sms-emoa/cifar100/2026-09-15_08-10-46_27293207/search/
sms-emoa,cifar100,FGSM,1240,hv_2obj,24.845127142525733,results/sms-emoa/cifar100/2026-09-15_08-10-46_27293207/search/
sms-emoa,cifar100,FGSM,40,hv,67706.27355453283,results/sms-emoa/cifar100/2026-09-15_21-31-10_27522793/search/
sms-emoa,cifar100,FGSM,40,r2,0.34057928294520845,results/sms-emoa/cifar100/2026-09-15_21-31-10_27522793/search/
sms-emoa,cifar100,FGSM,40,hv_2obj,23.14253621005713,results/sms-emoa/cifar100/2026-09-15_21-31-10_27522793/search/
sms-emoa,cifar100,FGSM,80,hv,68136.4178636618,results/sms-emoa/cifar100/2026-09-15_21-31-10_27522793/search/
sms-emoa,cifar100,FGSM,80,r2,0.3397074863194639,results/sms-emoa/cifar100/2026-09-15_21-31-10_27522793/search/
sms-emoa,cifar100,FGSM,80,hv_2obj,23.235345274719617,results/sms-emoa/cifar100/2026-09-15_21-31-10_27522793/search/
sms-emoa,cifar100,FGSM,120,hv,68670.74797943943,results/sms-emoa/cifar100/2026-09-15_21-31-10_27522793/search/
sms-emoa,cifar100,FGSM,120,r2,0.338462925141066,results/sms-emoa/cifar100/2026-09-15_21-31-10_27522793/search/
sms-emoa,cifar100,FGSM,120,hv_2obj,23.41458676567623,results/sms-emoa/cifar100/2026-09-15_21-31-10_27522793/search/
sms-emoa,cifar100,FGSM,160,hv,69683.61570165858,results/sms-emoa/cifar100/2026-09-15_21-31-10_27522793/search/
sms-emoa,cifar100,FGSM,160,r2,0.33669560875719945,results/sms-emoa/cifar100/2026-09-15_21-31-10_27522793/search/
sms-emoa,cifar100,FGSM,160,hv_2obj,23.611495209221033,results/sms-emoa/cifar100/2026-09-15_21-31-10_27522793/search/
sms-emoa,cifar100,FGSM,200,hv,70008.22753399816,results/sms-emoa/cifar100/2026-09-15_21-31-10_27522793/search/
sms-emoa,cifar100,FGSM,200,r2,0.3358339125177368,results/sms-emoa/cifar100/2026-09-15_21-31-10_27522793/search/
sms-emoa,cifar100,FGSM,200,hv_2obj,23.722085029614984,results/sms-emoa/cifar100/2026-09-15_21-31-10_27522793/search/
sms-emoa,cifar100,FGSM,240,hv,70016.73064612121,results/sms-emoa/cifar100/2026-09-15_21-31-10_27522793/search/
sms-emoa,cifar100,FGSM,240,r2,0.3358187514729667,results/sms-emoa/cifar100/2026-09-15_21-31-10_27522793/search/
sms-emoa,cifar100,FGSM,240,hv_2obj,23.72279255689113,results/sms-emoa/cifar100/2026-09-15_21-31-10_27522793/search/
sms-emoa,cifar100,FGSM,280,hv,70574.03552076193,results/sms-emoa/cifar100/2026-09-15_21-31-10_27522793/search/
sms-emoa,cifar100,FGSM,280,r2,0.33469792710815227,results/sms-emoa/cifar100/2026-09-15_21-31-10_27522793/search/
sms-emoa,cifar100,FGSM,280,hv_2obj,23.879328179877746,results/sms-emoa/cifar100/2026-09-15_21-31-10_27522793/search/
sms-emoa,cifar100,FGSM,320,hv,70591.23781534766,results/sms-emoa/cifar100/2026-09-15_21-31-10_27522793/search/
sms-emoa,cifar100,FGSM,320,r2,0.33469792710815227,results/sms-emoa/cifar100/2026-09-15_21-31-10_27522793/search/
sms-emoa,cifar100,FGSM,320,hv_2obj,23.879328179877746,results/sms-emoa/cifar100/2026-09-15_21-31-10_27522793/search/
sms-emoa,cifar100,FGSM,360,hv,70623.77580035757,results/sms-emoa/cifar100/2026-09-15_21-31-10_27522793/search/
sms-emoa,cifar100,FGSM,360,r2,0.3346895333099269,results/sms-emoa/cifar100/2026-09-15_21-31-10_27522793/search/
sms-emoa,cifar100,FGSM,360,hv_2obj,23.880849465200487,results/sms-emoa/cifar100/2026-09-15_21-31-10_27522793/search/
sms-emoa,cifar100,FGSM,400,hv,70837.79875962045,results/sms-emoa/cifar100/2026-09-15_21-31-10_27522793/search/
sms-emoa,cifar100,FGSM,400,r2,0.33453240786124955,results/sms-emoa/cifar100/2026-09-15_21-31-10_27522793/search/
sms-emoa,cifar100,FGSM,400,hv_2obj,23.90490706571185,results/sms-emoa/cifar100/2026-09-15_21-31-10_27522793/search/
sms-emoa,cifar100,FGSM,440,hv,70952.74918307508,results/sms-emoa/cifar100/2026-09-15_21-31-10_27522793/search/
sms-emoa,cifar100,FGSM,440,r2,0.33450920731587075,results/sms-emoa/cifar100/2026-09-15_21-31-10_27522793/search/
sms-emoa,cifar100,FGSM,440,hv_2obj,23.907255666262504,results/sms-emoa/cifar100/2026-09-15_21-31-10_27522793/search/
sms-emoa,cifar100,FGSM,480,hv,71775.82815317487,results/sms-emoa/cifar100/2026-09-15_21-31-10_27522793/search/
sms-emoa,cifar100,FGSM,480,r2,0.33213173326858525,results/sms-emoa/cifar100/2026-09-15_21-31-10_27522793/search/
sms-emoa,cifar100,FGSM,480,hv_2obj,24.17672846256821,results/sms-emoa/cifar100/2026-09-15_21-31-10_27522793/search/
sms-emoa,cifar100,FGSM,520,hv,71838.63620154213,results/sms-emoa/cifar100/2026-09-15_21-31-10_27522793/search/
sms-emoa,cifar100,FGSM,520,r2,0.33213173326858525,results/sms-emoa/cifar100/2026-09-15_21-31-10_27522793/search/
sms-emoa,cifar100,FGSM,520,hv_2obj,24.17672846256821,results/sms-emoa/cifar100/2026-09-15_21-31-10_27522793/search/
sms-emoa,cifar100,FGSM,560,hv,72123.31892333973,results/sms-emoa/cifar100/2026-09-15_21-31-10_27522793/search/
sms-emoa,cifar100,FGSM,560,r2,0.3314435434017596,results/sms-emoa/cifar100/2026-09-15_21-31-10_27522793/search/
sms-emoa,cifar100,FGSM,560,hv_2obj,24.273760372598403,results/sms-emoa/cifar100/2026-09-15_21-31-10_27522793/search/
sms-emoa,cifar100,FGSM,600,hv,72131.7791237275,results/sms-emoa/cifar100/2026-09-15_21-31-10_27522793/search/
sms-emoa,cifar100,FGSM,600,r2,0.3314435434017596,results/sms-emoa/cifar100/2026-09-15_21-31-10_27522793/search/
sms-emoa,cifar100,FGSM,600,hv_2obj,24.273760372598403,results/sms-emoa/cifar100/2026-09-15_21-31-10_27522793/search/
sms-emoa,cifar100,FGSM,640,hv,72418.33419599265,results/sms-emoa/cifar100/2026-09-15_21-31-10_27522793/search/
sms-emoa,cifar100,FGSM,640,r2,0.33056719969134146,results/sms-emoa/cifar100/2026-09-15_21-31-10_27522793/search/
sms-emoa,cifar100,FGSM,640,hv_2obj,24.366837531412298,results/sms-emoa/cifar100/2026-09-15_21-31-10_27522793/search/
sms-emoa,cifar100,FGSM,680,hv,72503.8563953284,results/sms-emoa/cifar100/2026-09-15_21-31-10_27522793/search/
sms-emoa,cifar100,FGSM,680,r2,0.33056719969134146,results/sms-emoa/cifar100/2026-09-15_21-31-10_27522793/search/
sms-emoa,cifar100,FGSM,680,hv_2obj,24.366837531412298,results/sms-emoa/cifar100/2026-09-15_21-31-10_27522793/search/
sms-emoa,cifar100,FGSM,720,hv,72596.99520146534,results/sms-emoa/cifar100/2026-09-15_21-31-10_27522793/search/
sms-emoa,cifar100,FGSM,720,r2,0.33056719969134146,results/sms-emoa/cifar100/2026-09-15_21-31-10_27522793/search/
sms-emoa,cifar100,FGSM,720,hv_2obj,24.366837531412298,results/sms-emoa/cifar100/2026-09-15_21-31-10_27522793/search/
sms-emoa,cifar100,FGSM,760,hv,72600.84978933603,results/sms-emoa/cifar100/2026-09-15_21-31-10_27522793/search/
sms-emoa,cifar100,FGSM,760,r2,0.33056719969134146,results/sms-emoa/cifar100/2026-09-15_21-31-10_27522793/search/
sms-emoa,cifar100,FGSM,760,hv_2obj,24.367093864693878,results/sms-emoa/cifar100/2026-09-15_21-31-10_27522793/search/
sms-emoa,cifar100,FGSM,800,hv,72601.91846851577,results/sms-emoa/cifar100/2026-09-15_21-31-10_27522793/search/
sms-emoa,cifar100,FGSM,800,r2,0.33056719969134146,results/sms-emoa/cifar100/2026-09-15_21-31-10_27522793/search/
sms-emoa,cifar100,FGSM,800,hv_2obj,24.367093864693878,results/sms-emoa/cifar100/2026-09-15_21-31-10_27522793/search/
sms-emoa,cifar100,FGSM,840,hv,72602.54618199657,results/sms-emoa/cifar100/2026-09-15_21-31-10_27522793/search/
sms-emoa,cifar100,FGSM,840,r2,0.33056719969134146,results/sms-emoa/cifar100/2026-09-15_21-31-10_27522793/search/
sms-emoa,cifar100,FGSM,840,hv_2obj,24.367093864693878,results/sms-emoa/cifar100/2026-09-15_21-31-10_27522793/search/
sms-emoa,cifar100,FGSM,880,hv,72603.35406132833,results/sms-emoa/cifar100/2026-09-15_21-31-10_27522793/search/
sms-emoa,cifar100,FGSM,880,r2,0.33056719969134146,results/sms-emoa/cifar100/2026-09-15_21-31-10_27522793/search/
sms-emoa,cifar100,FGSM,880,hv_2obj,24.367093864693878,results/sms-emoa/cifar100/2026-09-15_21-31-10_27522793/search/
sms-emoa,cifar100,FGSM,920,hv,72605.83448519156,results/sms-emoa/cifar100/2026-09-15_21-31-10_27522793/search/
sms-emoa,cifar100,FGSM,920,r2,0.33056719969134146,results/sms-emoa/cifar100/2026-09-15_21-31-10_27522793/search/
sms-emoa,cifar100,FGSM,920,hv_2obj,24.367093864693878,results/sms-emoa/cifar100/2026-09-15_21-31-10_27522793/search/
sms-emoa,cifar100,FGSM,960,hv,72606.79521976957,results/sms-emoa/cifar100/2026-09-15_21-31-10_27522793/search/
sms-emoa,cifar100,FGSM,960,r2,0.33056719969134146,results/sms-emoa/cifar100/2026-09-15_21-31-10_27522793/search/
sms-emoa,cifar100,FGSM,960,hv_2obj,24.367093864693878,results/sms-emoa/cifar100/2026-09-15_21-31-10_27522793/search/
sms-emoa,cifar100,FGSM,1000,hv,72610.35602671922,results/sms-emoa/cifar100/2026-09-15_21-31-10_27522793/search/
sms-emoa,cifar100,FGSM,1000,r2,0.33056719969134146,results/sms-emoa/cifar100/2026-09-15_21-31-10_27522793/search/
sms-emoa,cifar100,FGSM,1000,hv_2obj,24.367093864693878,results/sms-emoa/cifar100/2026-09-15_21-31-10_27522793/search/
sms-emoa,cifar100,FGSM,1040,hv,72618.35405411375,results/sms-emoa/cifar100/2026-09-15_21-31-10_27522793/search/
sms-emoa,cifar100,FGSM,1040,r2,0.33056719969134146,results/sms-emoa/cifar100/2026-09-15_21-31-10_27522793/search/
sms-emoa,cifar100,FGSM,1040,hv_2obj,24.36718760345288,results/sms-emoa/cifar100/2026-09-15_21-31-10_27522793/search/
sms-emoa,cifar100,FGSM,1080,hv,72618.43349983779,results/sms-emoa/cifar100/2026-09-15_21-31-10_27522793/search/
sms-emoa,cifar100,FGSM,1080,r2,0.33056719969134146,results/sms-emoa/cifar100/2026-09-15_21-31-10_27522793/search/
sms-emoa,cifar100,FGSM,1080,hv_2obj,24.36718760345288,results/sms-emoa/cifar100/2026-09-15_21-31-10_27522793/search/
sms-emoa,cifar100,FGSM,1120,hv,73009.66441334665,results/sms-emoa/cifar100/2026-09-15_21-31-10_27522793/search/
sms-emoa,cifar100,FGSM,1120,r2,0.3296791695966411,results/sms-emoa/cifar100/2026-09-15_21-31-10_27522793/search/
sms-emoa,cifar100,FGSM,1120,hv_2obj,24.498316093740993,results/sms-emoa/cifar100/2026-09-15_21-31-10_27522793/search/
sms-emoa,cifar100,FGSM,1160,hv,73072.38633827699,results/sms-emoa/cifar100/2026-09-15_21-31-10_27522793/search/
sms-emoa,cifar100,FGSM,1160,r2,0.3296791695966411,results/sms-emoa/cifar100/2026-09-15_21-31-10_27522793/search/
sms-emoa,cifar100,FGSM,1160,hv_2obj,24.498316093740993,results/sms-emoa/cifar100/2026-09-15_21-31-10_27522793/search/
sms-emoa,cifar100,FGSM,1200,hv,73682.46628746558,results/sms-emoa/cifar100/2026-09-15_21-31-10_27522793/search/
sms-emoa,cifar100,FGSM,1200,r2,0.3277331823522235,results/sms-emoa/cifar100/2026-09-15_21-31-10_27522793/search/
sms-emoa,cifar100,FGSM,1200,hv_2obj,24.70390489548301,results/sms-emoa/cifar100/2026-09-15_21-31-10_27522793/search/
sms-emoa,cifar100,FGSM,1240,hv,73683.4612619372,results/sms-emoa/cifar100/2026-09-15_21-31-10_27522793/search/
sms-emoa,cifar100,FGSM,1240,r2,0.3277331823522235,results/sms-emoa/cifar100/2026-09-15_21-31-10_27522793/search/
sms-emoa,cifar100,FGSM,1240,hv_2obj,24.70390489548301,results/sms-emoa/cifar100/2026-09-15_21-31-10_27522793/search/
