algorithm,dataset,attack,evaluations,indicator,value,dir
moead,cifar10,FGSM,40,hv,151132.09147103992,results/moead/cifar10/2026-09-05_23-26-35_18906049/search/
moead,cifar10,FGSM,40,r2,0.1493629113920637,results/moead/cifar10/2026-09-05_23-26-35_18906049/search/
moead,cifar10,FGSM,40,hv_2obj,51.54115731520892,results/moead/cifar10/2026-09-05_23-26-35_18906049/search/
moead,cifar10,FGSM,80,hv,151513.79312600748,results/moead/cifar10/2026-09-05_23-26-35_18906049/search/
moead,cifar10,FGSM,80,r2,0.1493629113920637,results/moead/cifar10/2026-09-05_23-26-35_18906049/search/
moead,cifar10,FGSM,80,hv_2obj,51.54115731520892,results/moead/cifar10/2026-09-05_23-26-35_18906049/search/
moead,cifar10,FGSM,120,hv,151514.1815578841,results/moead/cifar10/2026-09-05_23-26-35_18906049/search/
moead,cifar10,FGSM,120,r2,0.1493629113920637,results/moead/cifar10/2026-09-05_23-26-35_18906049/search/
moead,cifar10,FGSM,120,hv_2obj,51.54115731520892,results/moead/cifar10/2026-09-05_23-26-35_18906049/search/
moead,cifar10,FGSM,160,hv,152079.63798887873,results/moead/cifar10/2026-09-05_23-26-35_18906049/search/
moead,cifar10,FGSM,160,r2,0.1493629113920637,results/moead/cifar10/2026-09-05_23-26-35_18906049/search/
moead,cifar10,FGSM,160,hv_2obj,51.54115731520892,results/moead/cifar10/2026-09-05_23-26-35_18906049/search/
moead,cifar10,FGSM,200,hv,152080.0956535895,results/moead/cifar10/2026-09-05_23-26-35_18906049/search/
moead,cifar10,FGSM,200,r2,0.1493629113920637,results/moead/cifar10/2026-09-05_23-26-35_18906049/search/
moead,cifar10,FGSM,200,hv_2obj,51.54115731520892,results/moead/cifar10/2026-09-05_23-26-35_18906049/search/
moead,cifar10,FGSM,240,hv,152080.0956535895,results/moead/cifar10/2026-09-05_23-26-35_18906049/search/
moead,cifar10,FGSM,240,r2,0.1493629113920637,results/moead/cifar10/2026-09-05_23-26-35_18906049/search/
moead,cifar10,FGSM,240,hv_2obj,51.54115731520892,results/moead/cifar10/2026-09-05_23-26-35_18906049/search/
moead,cifar10,FGSM,280,hv,152080.0956535895,results/moead/cifar10/2026-09-05_23-26-35_18906049/search/
moead,cifar10,FGSM,280,r2,0.1493629113920637,results/moead/cifar10/2026-09-05_23-26-35_18906049/search/
moead,cifar10,FGSM,280,hv_2obj,51.54115731520892,results/moead/cifar10/2026-09-05_23-26-35_18906049/search/
moead,cifar10,FGSM,320,hv,152080.0956535895,results/moead/cifar10/2026-09-05_23-26-35_18906049/search/
moead,cifar10,FGSM,320,r2,0.1493629113920637,results/moead/cifar10/2026-09-05_23-26-35_18906049/search/
moead,cifar10,FGSM,320,hv_2obj,51.54115731520892,results/moead/cifar10/2026-09-05_23-26-35_18906049/search/
moead,cifar10,FGSM,360,hv,152080.0956535895,results/moead/cifar10/2026-09-05_23-26-35_18906049/search/
moead,cifar10,FGSM,360,r2,0.1493629113920637,results/moead/cifar10/2026-09-05_23-26-35_18906049/search/
moead,cifar10,FGSM,360,hv_2obj,51.54115731520892,results/moead/cifar10/2026-09-05_23-26-35_18906049/search/
moead,cifar10,FGSM,400,hv,152080.0956535895,results/moead/cifar10/2026-09-05_23-26-35_18906049/search/
moead,cifar10,FGSM,400,r2,0.1493629113920637,results/moead/cifar10/2026-09-05_23-26-35_18906049/search/
moead,cifar10,FGSM,400,hv_2obj,51.54115731520892,results/moead/cifar10/2026-09-05_23-26-35_18906049/search/
moead,cifar10,FGSM,440,hv,152080.20144105153,results/moead/cifar10/2026-09-05_23-26-35_18906049/search/
moead,cifar10,FGSM,440,r2,0.1493629113920637,results/moead/cifar10/2026-09-05_23-26-35_18906049/search/
moead,cifar10,FGSM,440,hv_2obj,51.54115731520892,results/moead/cifar10/2026-09-05_23-26-35_18906049/search/
moead,cifar10,FGSM,480,hv,152080.30976947228,results/moead/cifar10/2026-09-05_23-26-35_18906049/search/
moead,cifar10,FGSM,480,r2,0.1493629113920637,results/moead/cifar10/2026-09-05_23-26-35_18906049/search/
moead,cifar10,FGSM,480,hv_2obj,51.54115731520892,results/moead/cifar10/2026-09-05_23-26-35_18906049/search/
moead,cifar10,FGSM,520,hv,152080.35524284627,results/moead/cifar10/2026-09-05_23-26-35_18906049/search/
moead,cifar10,FGSM,520,r2,0.1493629113920637,results/moead/cifar10/2026-09-05_23-26-35_18906049/search/
moead,cifar10,FGSM,520,hv_2obj,51.54115731520892,results/moead/cifar10/2026-09-05_23-26-35_18906049/search/
moead,cifar10,FGSM,560,hv,152284.6353861124,results/moead/cifar10/2026-09-05_23-26-35_18906049/search/
moead,cifar10,FGSM,560,r2,0.1493629113920637,results/moead/cifar10/2026-09-05_23-26-35_18906049/search/
moead,cifar10,FGSM,560,hv_2obj,51.54115731520892,results/moead/cifar10/2026-09-05_23-26-35_18906049/search/
moead,cifar10,FGSM,600,hv,152285.21172463775,results/moead/cifar10/2026-09-05_23-26-35_18906049/search/
moead,cifar10,FGSM,600,r2,0.1493629113920637,results/moead/cifar10/2026-09-05_23-26-35_18906049/search/
moead,cifar10,FGSM,600,hv_2obj,51.54115731520892,results/moead/cifar10/2026-09-05_23-26-35_18906049/search/
moead,cifar10,FGSM,640,hv,152285.21172463775,results/moead/cifar10/2026-09-05_23-26-35_18906049/search/
moead,cifar10,FGSM,640,r2,0.1493629113920637,results/moead/cifar10/2026-09-05_23-26-35_18906049/search/
moead,cifar10,FGSM,640,hv_2obj,51.54115731520892,results/moead/cifar10/2026-09-05_23-26-35_18906049/search/
moead,cifar10,FGSM,680,hv,152285.21172463775,results/moead/cifar10/2026-09-05_23-26-35_18906049/search/
moead,cifar10,FGSM,680,r2,0.1493629113920637,results/moead/cifar10/2026-09-05_23-26-35_18906049/search/
moead,cifar10,FGSM,680,hv_2obj,51.54115731520892,results/moead/cifar10/2026-09-05_23-26-35_18906049/search/
moead,cifar10,FGSM,720,hv,152285.21172463775,results/moead/cifar10/2026-09-05_23-26-35_18906049/search/
moead,cifar10,FGSM,720,r2,0.1493629113920637,results/moead/cifar10/2026-09-05_23-26-35_18906049/search/
moead,cifar10,FGSM,720,hv_2obj,51.54115731520892,results/moead/cifar10/2026-09-05_23-26-35_18906049/search/
moead,cifar10,FGSM,760,hv,152285.21172463775,results/moead/cifar10/2026-09-05_23-26-35_18906049/search/
moead,cifar10,FGSM,760,r2,0.1493629113920637,results/moead/cifar10/2026-09-05_23-26-35_18906049/search/
moead,cifar10,FGSM,760,hv_2obj,51.54115731520892,results/moead/cifar10/2026-09-05_23-26-35_18906049/search/
moead,cifar10,FGSM,800,hv,152896.1872164556,results/moead/cifar10/2026-09-05_23-26-35_18906049/search/
moead,cifar10,FGSM,800,r2,0.1493629113920637,results/moead/cifar10/2026-09-05_23-26-35_18906049/search/
moead,cifar10,FGSM,800,hv_2obj,51.54115731520892,results/moead/cifar10/2026-09-05_23-26-35_18906049/search/
moead,cifar10,FGSM,840,hv,152897.7579305378,results/moead/cifar10/2026-09-05_23-26-35_18906049/search/
moead,cifar10,FGSM,840,r2,0.1493629113920637,results/moead/cifar10/2026-09-05_23-26-35_18906049/search/
moead,cifar10,FGSM,840,hv_2obj,51.54115731520892,results/moead/cifar10/2026-09-05_23-26-35_18906049/search/
moead,cifar10,FGSM,880,hv,152899.249412602,results/moead/cifar10/2026-09-05_23-26-35_18906049/search/
moead,cifar10,FGSM,880,r2,0.1493629113920637,results/moead/cifar10/2026-09-05_23-26-35_18906049/search/
moead,cifar10,FGSM,880,hv_2obj,51.54115731520892,results/moead/cifar10/2026-09-05_23-26-35_18906049/search/
moead,cifar10,FGSM,920,hv,152900.24573084878,results/moead/cifar10/2026-09-05_23-26-35_18906049/search/
moead,cifar10,FGSM,920,r2,0.1493629113920637,results/moead/cifar10/2026-09-05_23-26-35_18906049/search/
moead,cifar10,FGSM,920,hv_2obj,51.54115731520892,results/moead/cifar10/2026-09-05_23-26-35_18906049/search/
moead,cifar10,FGSM,960,hv,152900.24573084878,results/moead/cifar10/2026-09-05_23-26-35_18906049/search/
moead,cifar10,FGSM,960,r2,0.1493629113920637,results/moead/cifar10/2026-09-05_23-26-35_18906049/search/
moead,cifar10,FGSM,960,hv_2obj,51.54115731520892,results/moead/cifar10/2026-09-05_23-26-35_18906049/search/
moead,cifar10,FGSM,1000,hv,152900.27128971214,results/moead/cifar10/2026-09-05_23-26-35_18906049/search/
moead,cifar10,FGSM,1000,r2,0.1493629113920637,results/moead/cifar10/2026-09-05_23-26-35_18906049/search/
moead,cifar10,FGSM,1000,hv_2obj,51.54115731520892,results/moead/cifar10/2026-09-05_23-26-35_18906049/search/
moead,cifar10,FGSM,1040,hv,152900.27128971214,results/moead/cifar10/2026-09-05_23-26-35_18906049/search/
moead,cifar10,FGSM,1040,r2,0.1493629113920637,results/moead/cifar10/2026-09-05_23-26-35_18906049/search/
moead,cifar10,FGSM,1040,hv_2obj,51.54115731520892,results/moead/cifar10/2026-09-05_23-26-35_18906049/search/
moead,cifar10,FGSM,1080,hv,152900.27128971214,results/moead/cifar10/2026-09-05_23-26-35_18906049/search/
moead,cifar10,FGSM,1080,r2,0.1493629113920637,results/moead/cifar10/2026-09-05_23-26-35_18906049/search/
moead,cifar10,FGSM,1080,hv_2obj,51.54115731520892,results/moead/cifar10/2026-09-05_23-26-35_18906049/search/
moead,cifar10,FGSM,1120,hv,152900.27128971214,results/moead/cifar10/2026-09-05_23-26-35_18906049/search/
moead,cifar10,FGSM,1120,r2,0.1493629113920637,results/moead/cifar10/2026-09-05_23-26-35_18906049/search/
moead,cifar10,FGSM,1120,hv_2obj,51.54115731520892,results/moead/cifar10/2026-09-05_23-26-35_18906049/search/
moead,cifar10,FGSM,1160,hv,152900.27128971214,results/moead/cifar10/2026-09-05_23-26-35_18906049/search/
moead,cifar10,FGSM,1160,r2,0.1493629113920637,results/moead/cifar10/2026-09-05_23-26-35_18906049/search/
moead,cifar10,FGSM,1160,hv_2obj,51.54115731520892,results/moead/cifar10/2026-09-05_23-26-35_18906049/search/
moead,cifar10,FGSM,1200,hv,152965.23692562795,results/moead/cifar10/2026-09-05_23-26-35_18906049/search/
moead,cifar10,FGSM,1200,r2,0.1493629113920637,results/moead/cifar10/2026-09-05_23-26-35_18906049/search/
moead,cifar10,FGSM,1200,hv_2obj,51.54115731520892,results/moead/cifar10/2026-09-05_23-26-35_18906049/search/
moead,cifar10,FGSM,1240,hv,152965.23778973878,results/moead/cifar10/2026-09-05_23-26-35_18906049/search/
moead,cifar10,FGSM,1240,r2,0.1493629113920637,results/moead/cifar10/2026-09-05_23-26-35_18906049/search/
moead,cifar10,FGSM,1240,hv_2obj,51.54115731520892,results/moead/cifar10/2026-09-05_23-26-35_18906049/search/
moead,cifar10,FGSM,40,hv,149759.33352529255,results/moead/cifar10/2026-09-06_03-30-00_15798821/search/
moead,cifar10,FGSM,40,r2,0.15165202916699677,results/moead/cifar10/2026-09-06_03-30-00_15798821/search/
moead,cifar10,FGSM,40,hv_2obj,51.06230700010495,results/moead/cifar10/2026-09-06_03-30-00_15798821/search/
moead,cifar10,FGSM,80,hv,151626.9013087579,results/moead/cifar10/2026-09-06_03-30-00_15798821/search/
moead,cifar10,FGSM,80,r2,0.1513643108475627,results/moead/cifar10/2026-09-06_03-30-00_15798821/search/
moead,cifar10,FGSM,80,hv_2obj,51.124412600951445,results/moead/cifar10/2026-09-06_03-30-00_15798821/search/
moead,cifar10,FGSM,120,hv,151626.9013087579,results/moead/cifar10/2026-09-06_03-30-00_15798821/search/
moead,cifar10,FGSM,120,r2,0.1513643108475627,results/moead/cifar10/2026-09-06_03-30-00_15798821/search/
moead,cifar10,FGSM,120,hv_2obj,51.124412600951445,results/moead/cifar10/2026-09-06_03-30-00_15798821/search/
moead,cifar10,FGSM,160,hv,151627.81567834722,results/moead/cifar10/2026-09-06_03-30-00_15798821/search/
moead,cifar10,FGSM,160,r2,0.1513643108475627,results/moead/cifar10/2026-09-06_03-30-00_15798821/search/
moead,cifar10,FGSM,160,hv_2obj,51.124412600951445,results/moead/cifar10/2026-09-06_03-30-00_15798821/search/
moead,cifar10,FGSM,200,hv,151630.68553746297,results/moead/cifar10/2026-09-06_03-30-00_15798821/search/
moead,cifar10,FGSM,200,r2,0.1513643108475627,results/moead/cifar10/2026-09-06_03-30-00_15798821/search/
moead,cifar10,FGSM,200,hv_2obj,51.124412600951445,results/moead/cifar10/2026-09-06_03-30-00_15798821/search/
moead,cifar10,FGSM,240,hv,151631.11918221012,results/moead/cifar10/2026-09-06_03-30-00_15798821/search/
moead,cifar10,FGSM,240,r2,0.1513643108475627,results/moead/cifar10/2026-09-06_03-30-00_15798821/search/
moead,cifar10,FGSM,240,hv_2obj,51.124412600951445,results/moead/cifar10/2026-09-06_03-30-00_15798821/search/
moead,cifar10,FGSM,280,hv,151634.15166980756,results/moead/cifar10/2026-09-06_03-30-00_15798821/search/
moead,cifar10,FGSM,280,r2,0.1513643108475627,results/moead/cifar10/2026-09-06_03-30-00_15798821/search/
moead,cifar10,FGSM,280,hv_2obj,51.124412600951445,results/moead/cifar10/2026-09-06_03-30-00_15798821/search/
moead,cifar10,FGSM,320,hv,151634.15166980756,results/moead/cifar10/2026-09-06_03-30-00_15798821/search/
moead,cifar10,FGSM,320,r2,0.1513643108475627,results/moead/cifar10/2026-09-06_03-30-00_15798821/search/
moead,cifar10,FGSM,320,hv_2obj,51.124412600951445,results/moead/cifar10/2026-09-06_03-30-00_15798821/search/
moead,cifar10,FGSM,360,hv,151634.15166980756,results/moead/cifar10/2026-09-06_03-30-00_15798821/search/
moead,cifar10,FGSM,360,r2,0.1513643108475627,results/moead/cifar10/2026-09-06_03-30-00_15798821/search/
moead,cifar10,FGSM,360,hv_2obj,51.124412600951445,results/moead/cifar10/2026-09-06_03-30-00_15798821/search/
moead,cifar10,FGSM,400,hv,151634.26982926455,results/moead/cifar10/2026-09-06_03-30-00_15798821/search/
moead,cifar10,FGSM,400,r2,0.1513643108475627,results/moead/cifar10/2026-09-06_03-30-00_15798821/search/
moead,cifar10,FGSM,400,hv_2obj,51.124412600951445,results/moead/cifar10/2026-09-06_03-30-00_15798821/search/
moead,cifar10,FGSM,440,hv,151634.29725867306,results/moead/cifar10/2026-09-06_03-30-00_15798821/search/
moead,cifar10,FGSM,440,r2,0.1513643108475627,results/moead/cifar10/2026-09-06_03-30-00_15798821/search/
moead,cifar10,FGSM,440,hv_2obj,51.124412600951445,results/moead/cifar10/2026-09-06_03-30-00_15798821/search/
moead,cifar10,FGSM,480,hv,151835.14397935432,results/moead/cifar10/2026-09-06_03-30-00_15798821/search/
moead,cifar10,FGSM,480,r2,0.1513643108475627,results/moead/cifar10/2026-09-06_03-30-00_15798821/search/
moead,cifar10,FGSM,480,hv_2obj,51.124412600951445,results/moead/cifar10/2026-09-06_03-30-00_15798821/search/
moead,cifar10,FGSM,520,hv,151835.14397935432,results/moead/cifar10/2026-09-06_03-30-00_15798821/search/
moead,cifar10,FGSM,520,r2,0.1513643108475627,results/moead/cifar10/2026-09-06_03-30-00_15798821/search/
moead,cifar10,FGSM,520,hv_2obj,51.124412600951445,results/moead/cifar10/2026-09-06_03-30-00_15798821/search/
moead,cifar10,FGSM,560,hv,151835.14397935432,results/moead/cifar10/2026-09-06_03-30-00_15798821/search/
moead,cifar10,FGSM,560,r2,0.1513643108475627,results/moead/cifar10/2026-09-06_03-30-00_15798821/search/
moead,cifar10,FGSM,560,hv_2obj,51.124412600951445,results/moead/cifar10/2026-09-06_03-30-00_15798821/search/
moead,cifar10,FGSM,600,hv,151835.7766217037,results/moead/cifar10/2026-09-06_03-30-00_15798821/search/
moead,cifar10,FGSM,600,r2,0.1513643108475627,results/moead/cifar10/2026-09-06_03-30-00_15798821/search/
moead,cifar10,FGSM,600,hv_2obj,51.124412600951445,results/moead/cifar10/2026-09-06_03-30-00_15798821/search/
moead,cifar10,FGSM,640,hv,152041.02984104352,results/moead/cifar10/2026-09-06_03-30-00_15798821/search/
moead,cifar10,FGSM,640,r2,0.1513643108475627,results/moead/cifar10/2026-09-06_03-30-00_15798821/search/
moead,cifar10,FGSM,640,hv_2obj,51.124412600951445,results/moead/cifar10/2026-09-06_03-30-00_15798821/search/
moead,cifar10,FGSM,680,hv,152041.75649547225,results/moead/cifar10/2026-09-06_03-30-00_15798821/search/
moead,cifar10,FGSM,680,r2,0.1513643108475627,results/moead/cifar10/2026-09-06_03-30-00_15798821/search/
moead,cifar10,FGSM,680,hv_2obj,51.124412600951445,results/moead/cifar10/2026-09-06_03-30-00_15798821/search/
moead,cifar10,FGSM,720,hv,152041.89984079814,results/moead/cifar10/2026-09-06_03-30-00_15798821/search/
moead,cifar10,FGSM,720,r2,0.1513643108475627,results/moead/cifar10/2026-09-06_03-30-00_15798821/search/
moead,cifar10,FGSM,720,hv_2obj,51.124412600951445,results/moead/cifar10/2026-09-06_03-30-00_15798821/search/
moead,cifar10,FGSM,760,hv,152041.95663391362,results/moead/cifar10/2026-09-06_03-30-00_15798821/search/
moead,cifar10,FGSM,760,r2,0.1513643108475627,results/moead/cifar10/2026-09-06_03-30-00_15798821/search/
moead,cifar10,FGSM,760,hv_2obj,51.124412600951445,results/moead/cifar10/2026-09-06_03-30-00_15798821/search/
moead,cifar10,FGSM,800,hv,152041.95770828682,results/moead/cifar10/2026-09-06_03-30-00_15798821/search/
moead,cifar10,FGSM,800,r2,0.1513643108475627,results/moead/cifar10/2026-09-06_03-30-00_15798821/search/
moead,cifar10,FGSM,800,hv_2obj,51.124412600951445,results/moead/cifar10/2026-09-06_03-30-00_15798821/search/
moead,cifar10,FGSM,840,hv,152041.95770828682,results/moead/cifar10/2026-09-06_03-30-00_15798821/search/
moead,cifar10,FGSM,840,r2,0.1513643108475627,results/moead/cifar10/2026-09-06_03-30-00_15798821/search/
moead,cifar10,FGSM,840,hv_2obj,51.124412600951445,results/moead/cifar10/2026-09-06_03-30-00_15798821/search/
moead,cifar10,FGSM,880,hv,152044.71528759625,results/moead/cifar10/2026-09-06_03-30-00_15798821/search/
moead,cifar10,FGSM,880,r2,0.1513643108475627,results/moead/cifar10/2026-09-06_03-30-00_15798821/search/
moead,cifar10,FGSM,880,hv_2obj,51.124412600951445,results/moead/cifar10/2026-09-06_03-30-00_15798821/search/
moead,cifar10,FGSM,920,hv,152045.15247999964,results/moead/cifar10/2026-09-06_03-30-00_15798821/search/
moead,cifar10,FGSM,920,r2,0.1513643108475627,results/moead/cifar10/2026-09-06_03-30-00_15798821/search/
moead,cifar10,FGSM,920,hv_2obj,51.124412600951445,results/moead/cifar10/2026-09-06_03-30-00_15798821/search/
moead,cifar10,FGSM,960,hv,152045.18242483906,results/moead/cifar10/2026-09-06_03-30-00_15798821/search/
moead,cifar10,FGSM,960,r2,0.1513643108475627,results/moead/cifar10/2026-09-06_03-30-00_15798821/search/
moead,cifar10,FGSM,960,hv_2obj,51.124412600951445,results/moead/cifar10/2026-09-06_03-30-00_15798821/search/
moead,cifar10,FGSM,1000,hv,152185.95274037222,results/moead/cifar10/2026-09-06_03-30-00_15798821/search/
moead,cifar10,FGSM,1000,r2,0.1513643108475627,results/moead/cifar10/2026-09-06_03-30-00_15798821/search/
moead,cifar10,FGSM,1000,hv_2obj,51.124412600951445,results/moead/cifar10/2026-09-06_03-30-00_15798821/search/
moead,cifar10,FGSM,1040,hv,152224.69452181616,results/moead/cifar10/2026-09-06_03-30-00_15798821/search/
moead,cifar10,FGSM,1040,r2,0.1513643108475627,results/moead/cifar10/2026-09-06_03-30-00_15798821/search/
moead,cifar10,FGSM,1040,hv_2obj,51.124412600951445,results/moead/cifar10/2026-09-06_03-30-00_15798821/search/
moead,cifar10,FGSM,1080,hv,152224.69452181616,results/moead/cifar10/2026-09-06_03-30-00_15798821/search/
moead,cifar10,FGSM,1080,r2,0.1513643108475627,results/moead/cifar10/2026-09-06_03-30-00_15798821/search/
moead,cifar10,FGSM,1080,hv_2obj,51.124412600951445,results/moead/cifar10/2026-09-06_03-30-00_15798821/search/
moead,cifar10,FGSM,1120,hv,152225.77841044802,results/moead/cifar10/2026-09-06_03-30-00_15798821/search/
moead,cifar10,FGSM,1120,r2,0.1513643108475627,results/moead/cifar10/2026-09-06_03-30-00_15798821/search/
moead,cifar10,FGSM,1120,hv_2obj,51.124412600951445,results/moead/cifar10/2026-09-06_03-30-00_15798821/search/
moead,cifar10,FGSM,1160,hv,152225.8390290883,results/moead/cifar10/2026-09-06_03-30-00_15798821/search/
moead,cifar10,FGSM,1160,r2,0.1513643108475627,results/moead/cifar10/2026-09-06_03-30-00_15798821/search/
moead,cifar10,FGSM,1160,hv_2obj,51.124412600951445,results/moead/cifar10/2026-09-06_03-30-00_15798821/search/
moead,cifar10,FGSM,1200,hv,152226.33663404285,results/moead/cifar10/2026-09-06_03-30-00_15798821/search/
moead,cifar10,FGSM,1200,r2,0.1513643108475627,results/moead/cifar10/2026-09-06_03-30-00_15798821/search/
moead,cifar10,FGSM,1200,hv_2obj,51.124412600951445,results/moead/cifar10/2026-09-06_03-30-00_15798821/search/
moead,cifar10,FGSM,1240,hv,152236.21004446028,results/moead/cifar10/2026-09-06_03-30-00_15798821/search/
moead,cifar10,FGSM,1240,r2,0.1513643108475627,results/moead/cifar10/2026-09-06_03-30-00_15798821/search/
moead,cifar10,FGSM,1240,hv_2obj,51.124412600951445,results/moead/cifar10/2026-09-06_03-30-00_15798821/search/
moead,cifar10,FGSM,40,hv,148915.05009902167,results/moead/cifar10/2026-09-06_07-31-47_65381509/search/
moead,cifar10,FGSM,40,r2,0.153354555731065,results/moead/cifar10/2026-09-06_07-31-47_65381509/search/
moead,cifar10,FGSM,40,hv_2obj,50.758938441082655,results/moead/cifar10/2026-09-06_07-31-47_65381509/search/
moead,cifar10,FGSM,80,hv,149565.9080287993,results/moead/cifar10/2026-09-06_07-31-47_65381509/search/
moead,cifar10,FGSM,80,r2,0.15240605463700635,results/moead/cifar10/2026-09-06_07-31-47_65381509/search/
moead,cifar10,FGSM,80,hv_2obj,50.96142134288351,results/moead/cifar10/2026-09-06_07-31-47_65381509/search/
moead,cifar10,FGSM,120,hv,149652.13934294556,results/moead/cifar10/2026-09-06_07-31-47_65381509/search/
moead,cifar10,FGSM,120,r2,0.15240605463700635,results/moead/cifar10/2026-09-06_07-31-47_65381509/search/
moead,cifar10,FGSM,120,hv_2obj,50.96142134288351,results/moead/cifar10/2026-09-06_07-31-47_65381509/search/
moead,cifar10,FGSM,160,hv,149842.76884559047,results/moead/cifar10/2026-09-06_07-31-47_65381509/search/
moead,cifar10,FGSM,160,r2,0.15240605463700635,results/moead/cifar10/2026-09-06_07-31-47_65381509/search/
moead,cifar10,FGSM,160,hv_2obj,50.96142134288351,results/moead/cifar10/2026-09-06_07-31-47_65381509/search/
moead,cifar10,FGSM,200,hv,149842.76884559047,results/moead/cifar10/2026-09-06_07-31-47_65381509/search/
moead,cifar10,FGSM,200,r2,0.15240605463700635,results/moead/cifar10/2026-09-06_07-31-47_65381509/search/
moead,cifar10,FGSM,200,hv_2obj,50.96142134288351,results/moead/cifar10/2026-09-06_07-31-47_65381509/search/
moead,cifar10,FGSM,240,hv,149843.02721761903,results/moead/cifar10/2026-09-06_07-31-47_65381509/search/
moead,cifar10,FGSM,240,r2,0.15240605463700635,results/moead/cifar10/2026-09-06_07-31-47_65381509/search/
moead,cifar10,FGSM,240,hv_2obj,50.96142134288351,results/moead/cifar10/2026-09-06_07-31-47_65381509/search/
moead,cifar10,FGSM,280,hv,149845.40222757572,results/moead/cifar10/2026-09-06_07-31-47_65381509/search/
moead,cifar10,FGSM,280,r2,0.15240605463700635,results/moead/cifar10/2026-09-06_07-31-47_65381509/search/
moead,cifar10,FGSM,280,hv_2obj,50.96142134288351,results/moead/cifar10/2026-09-06_07-31-47_65381509/search/
moead,cifar10,FGSM,320,hv,150147.62953781337,results/moead/cifar10/2026-09-06_07-31-47_65381509/search/
moead,cifar10,FGSM,320,r2,0.15240605463700635,results/moead/cifar10/2026-09-06_07-31-47_65381509/search/
moead,cifar10,FGSM,320,hv_2obj,50.96142134288351,results/moead/cifar10/2026-09-06_07-31-47_65381509/search/
moead,cifar10,FGSM,360,hv,150150.26997733253,results/moead/cifar10/2026-09-06_07-31-47_65381509/search/
moead,cifar10,FGSM,360,r2,0.15240605463700635,results/moead/cifar10/2026-09-06_07-31-47_65381509/search/
moead,cifar10,FGSM,360,hv_2obj,50.96142134288351,results/moead/cifar10/2026-09-06_07-31-47_65381509/search/
moead,cifar10,FGSM,400,hv,150150.26997733253,results/moead/cifar10/2026-09-06_07-31-47_65381509/search/
moead,cifar10,FGSM,400,r2,0.15240605463700635,results/moead/cifar10/2026-09-06_07-31-47_65381509/search/
moead,cifar10,FGSM,400,hv_2obj,50.96142134288351,results/moead/cifar10/2026-09-06_07-31-47_65381509/search/
moead,cifar10,FGSM,440,hv,150150.26997733253,results/moead/cifar10/2026-09-06_07-31-47_65381509/search/
moead,cifar10,FGSM,440,r2,0.15240605463700635,results/moead/cifar10/2026-09-06_07-31-47_65381509/search/
moead,cifar10,FGSM,440,hv_2obj,50.96142134288351,results/moead/cifar10/2026-09-06_07-31-47_65381509/search/
moead,cifar10,FGSM,480,hv,150425.95992303136,results/moead/cifar10/2026-09-06_07-31-47_65381509/search/
moead,cifar10,FGSM,480,r2,0.15240605463700635,results/moead/cifar10/2026-09-06_07-31-47_65381509/search/
moead,cifar10,FGSM,480,hv_2obj,50.96142134288351,results/moead/cifar10/2026-09-06_07-31-47_65381509/search/
moead,cifar10,FGSM,520,hv,150428.39941165244,results/moead/cifar10/2026-09-06_07-31-47_65381509/search/
moead,cifar10,FGSM,520,r2,0.15240605463700635,results/moead/cifar10/2026-09-06_07-31-47_65381509/search/
moead,cifar10,FGSM,520,hv_2obj,50.96142134288351,results/moead/cifar10/2026-09-06_07-31-47_65381509/search/
moead,cifar10,FGSM,560,hv,150428.39941165244,results/moead/cifar10/2026-09-06_07-31-47_65381509/search/
moead,cifar10,FGSM,560,r2,0.15240605463700635,results/moead/cifar10/2026-09-06_07-31-47_65381509/search/
moead,cifar10,FGSM,560,hv_2obj,50.96142134288351,results/moead/cifar10/2026-09-06_07-31-47_65381509/search/
moead,cifar10,FGSM,600,hv,150428.39941165244,results/moead/cifar10/2026-09-06_07-31-47_65381509/search/
moead,cifar10,FGSM,600,r2,0.15240605463700635,results/moead/cifar10/2026-09-06_07-31-47_65381509/search/
moead,cifar10,FGSM,600,hv_2obj,50.96142134288351,results/moead/cifar10/2026-09-06_07-31-47_65381509/search/
moead,cifar10,FGSM,640,hv,150428.39941165244,results/moead/cifar10/2026-09-06_07-31-47_65381509/search/
moead,cifar10,FGSM,640,r2,0.15240605463700635,results/moead/cifar10/2026-09-06_07-31-47_65381509/search/
moead,cifar10,FGSM,640,hv_2obj,50.96142134288351,results/moead/cifar10/2026-09-06_07-31-47_65381509/search/
moead,cifar10,FGSM,680,hv,150428.39941165244,results/moead/cifar10/2026-09-06_07-31-47_65381509/search/
moead,cifar10,FGSM,680,r2,0.15240605463700635,results/moead/cifar10/2026-09-06_07-31-47_65381509/search/
moead,cifar10,FGSM,680,hv_2obj,50.96142134288351,results/moead/cifar10/2026-09-06_07-31-47_65381509/search/
moead,cifar10,FGSM,720,hv,150428.70545058456,results/moead/cifar10/2026-09-06_07-31-47_65381509/search/
moead,cifar10,FGSM,720,r2,0.15240605463700635,results/moead/cifar10/2026-09-06_07-31-47_65381509/search/
moead,cifar10,FGSM,720,hv_2obj,50.96142134288351,results/moead/cifar10/2026-09-06_07-31-47_65381509/search/
moead,cifar10,FGSM,760,hv,150428.70545058456,results/moead/cifar10/2026-09-06_07-31-47_65381509/search/
moead,cifar10,FGSM,760,r2,0.15240605463700635,results/moead/cifar10/2026-09-06_07-31-47_65381509/search/
moead,cifar10,FGSM,760,hv_2obj,50.96142134288351,results/moead/cifar10/2026-09-06_07-31-47_65381509/search/
moead,cifar10,FGSM,800,hv,150435.38673668006,results/moead/cifar10/2026-09-06_07-31-47_65381509/search/
moead,cifar10,FGSM,800,r2,0.15240605463700635,results/moead/cifar10/2026-09-06_07-31-47_65381509/search/
moead,cifar10,FGSM,800,hv_2obj,50.96142134288351,results/moead/cifar10/2026-09-06_07-31-47_65381509/search/
moead,cifar10,FGSM,840,hv,150435.93470351805,results/moead/cifar10/2026-09-06_07-31-47_65381509/search/
moead,cifar10,FGSM,840,r2,0.15240605463700635,results/moead/cifar10/2026-09-06_07-31-47_65381509/search/
moead,cifar10,FGSM,840,hv_2obj,50.96142134288351,results/moead/cifar10/2026-09-06_07-31-47_65381509/search/
moead,cifar10,FGSM,880,hv,150436.03395775234,results/moead/cifar10/2026-09-06_07-31-47_65381509/search/
moead,cifar10,FGSM,880,r2,0.15240605463700635,results/moead/cifar10/2026-09-06_07-31-47_65381509/search/
moead,cifar10,FGSM,880,hv_2obj,50.96142134288351,results/moead/cifar10/2026-09-06_07-31-47_65381509/search/
moead,cifar10,FGSM,920,hv,150436.03395775234,results/moead/cifar10/2026-09-06_07-31-47_65381509/search/
moead,cifar10,FGSM,920,r2,0.15240605463700635,results/moead/cifar10/2026-09-06_07-31-47_65381509/search/
moead,cifar10,FGSM,920,hv_2obj,50.96142134288351,results/moead/cifar10/2026-09-06_07-31-47_65381509/search/
moead,cifar10,FGSM,960,hv,150436.03395775234,results/moead/cifar10/2026-09-06_07-31-47_65381509/search/
moead,cifar10,FGSM,960,r2,0.15240605463700635,results/moead/cifar10/2026-09-06_07-31-47_65381509/search/
moead,cifar10,FGSM,960,hv_2obj,50.96142134288351,results/moead/cifar10/2026-09-06_07-31-47_65381509/search/
moead,cifar10,FGSM,1000,hv,150839.6571224814,results/moead/cifar10/2026-09-06_07-31-47_65381509/search/
moead,cifar10,FGSM,1000,r2,0.15240605463700635,results/moead/cifar10/2026-09-06_07-31-47_65381509/search/
moead,cifar10,FGSM,1000,hv_2obj,50.96142134288351,results/moead/cifar10/2026-09-06_07-31-47_65381509/search/
moead,cifar10,FGSM,1040,hv,150839.6571224814,results/moead/cifar10/2026-09-06_07-31-47_65381509/search/
moead,cifar10,FGSM,1040,r2,0.15240605463700635,results/moead/cifar10/2026-09-06_07-31-47_65381509/search/
moead,cifar10,FGSM,1040,hv_2obj,50.96142134288351,results/moead/cifar10/2026-09-06_07-31-47_65381509/search/
moead,cifar10,FGSM,1080,hv,150839.6571224814,results/moead/cifar10/2026-09-06_07-31-47_65381509/search/
moead,cifar10,FGSM,1080,r2,0.15240605463700635,results/moead/cifar10/2026-09-06_07-31-47_65381509/search/
moead,cifar10,FGSM,1080,hv_2obj,50.96142134288351,results/moead/cifar10/2026-09-06_07-31-47_65381509/search/
moead,cifar10,FGSM,1120,hv,150839.6571224814,results/moead/cifar10/2026-09-06_07-31-47_65381509/search/
moead,cifar10,FGSM,1120,r2,0.15240605463700635,results/moead/cifar10/2026-09-06_07-31-47_65381509/search/
moead,cifar10,FGSM,1120,hv_2obj,50.96142134288351,results/moead/cifar10/2026-09-06_07-31-47_65381509/search/
moead,cifar10,FGSM,1160,hv,150881.36904032683,results/moead/cifar10/2026-09-06_07-31-47_65381509/search/
moead,cifar10,FGSM,1160,r2,0.15240605463700635,results/moead/cifar10/2026-09-06_07-31-47_65381509/search/
moead,cifar10,FGSM,1160,hv_2obj,50.96142134288351,results/moead/cifar10/2026-09-06_07-31-47_65381509/search/
moead,cifar10,FGSM,1200,hv,150881.36904032683,results/moead/cifar10/2026-09-06_07-31-47_65381509/search/
moead,cifar10,FGSM,1200,r2,0.15240605463700635,results/moead/cifar10/2026-09-06_07-31-47_65381509/search/
moead,cifar10,FGSM,1200,hv_2obj,50.96142134288351,results/moead/cifar10/2026-09-06_07-31-47_65381509/search/
moead,cifar10,FGSM,1240,hv,150881.36904032683,results/moead/cifar10/2026-09-06_07-31-47_65381509/search/
moead,cifar10,FGSM,1240,r2,0.15240605463700635,results/moead/cifar10/2026-09-06_07-31-47_65381509/search/
moead,cifar10,FGSM,1240,hv_2obj,50.96142134288351,results/moead/cifar10/2026-09-06_07-31-47_65381509/search/
moead,cifar10,FGSM,40,hv,151556.1026496416,results/moead/cifar10/2026-09-06_11-43-56_27293207/search/
moead,cifar10,FGSM,40,r2,0.14846963338326435,results/moead/cifar10/2026-09-06_11-43-56_27293207/search/
moead,cifar10,FGSM,40,hv_2obj,51.675984864427576,results/moead/cifar10/2026-09-06_11-43-56_27293207/search/
moead,cifar10,FGSM,80,hv,151786.75602866785,results/moead/cifar10/2026-09-06_11-43-56_27293207/search/
moead,cifar10,FGSM,80,r2,0.14846963338326435,results/moead/cifar10/2026-09-06_11-43-56_27293207/search/
moead,cifar10,FGSM,80,hv_2obj,51.675984864427576,results/moead/cifar10/2026-09-06_11-43-56_27293207/search/
moead,cifar10,FGSM,120,hv,151786.87119365763,results/moead/cifar10/2026-09-06_11-43-56_27293207/search/
moead,cifar10,FGSM,120,r2,0.14846963338326435,results/moead/cifar10/2026-09-06_11-43-56_27293207/search/
moead,cifar10,FGSM,120,hv_2obj,51.675984864427576,results/moead/cifar10/2026-09-06_11-43-56_27293207/search/
moead,cifar10,FGSM,160,hv,152236.21963713388,results/moead/cifar10/2026-09-06_11-43-56_27293207/search/
moead,cifar10,FGSM,160,r2,0.14846963338326435,results/moead/cifar10/2026-09-06_11-43-56_27293207/search/
moead,cifar10,FGSM,160,hv_2obj,51.675984864427576,results/moead/cifar10/2026-09-06_11-43-56_27293207/search/
moead,cifar10,FGSM,200,hv,152236.9960506324,results/moead/cifar10/2026-09-06_11-43-56_27293207/search/
moead,cifar10,FGSM,200,r2,0.14846963338326435,results/moead/cifar10/2026-09-06_11-43-56_27293207/search/
moead,cifar10,FGSM,200,hv_2obj,51.675984864427576,results/moead/cifar10/2026-09-06_11-43-56_27293207/search/
moead,cifar10,FGSM,240,hv,152236.9960506324,results/moead/cifar10/2026-09-06_11-43-56_27293207/search/
moead,cifar10,FGSM,240,r2,0.14846963338326435,results/moead/cifar10/2026-09-06_11-43-56_27293207/search/
moead,cifar10,FGSM,240,hv_2obj,51.675984864427576,results/moead/cifar10/2026-09-06_11-43-56_27293207/search/
moead,cifar10,FGSM,280,hv,152236.9960506324,results/moead/cifar10/2026-09-06_11-43-56_27293207/search/
moead,cifar10,FGSM,280,r2,0.14846963338326435,results/moead/cifar10/2026-09-06_11-43-56_27293207/search/
moead,cifar10,FGSM,280,hv_2obj,51.675984864427576,results/moead/cifar10/2026-09-06_11-43-56_27293207/search/
moead,cifar10,FGSM,320,hv,152243.22700178687,results/moead/cifar10/2026-09-06_11-43-56_27293207/search/
moead,cifar10,FGSM,320,r2,0.14846963338326435,results/moead/cifar10/2026-09-06_11-43-56_27293207/search/
moead,cifar10,FGSM,320,hv_2obj,51.675984864427576,results/moead/cifar10/2026-09-06_11-43-56_27293207/search/
moead,cifar10,FGSM,360,hv,152243.915736681,results/moead/cifar10/2026-09-06_11-43-56_27293207/search/
moead,cifar10,FGSM,360,r2,0.14846963338326435,results/moead/cifar10/2026-09-06_11-43-56_27293207/search/
moead,cifar10,FGSM,360,hv_2obj,51.675984864427576,results/moead/cifar10/2026-09-06_11-43-56_27293207/search/
moead,cifar10,FGSM,400,hv,152445.2511465263,results/moead/cifar10/2026-09-06_11-43-56_27293207/search/
moead,cifar10,FGSM,400,r2,0.14846963338326435,results/moead/cifar10/2026-09-06_11-43-56_27293207/search/
moead,cifar10,FGSM,400,hv_2obj,51.675984864427576,results/moead/cifar10/2026-09-06_11-43-56_27293207/search/
moead,cifar10,FGSM,440,hv,152452.88881390644,results/moead/cifar10/2026-09-06_11-43-56_27293207/search/
moead,cifar10,FGSM,440,r2,0.14846963338326435,results/moead/cifar10/2026-09-06_11-43-56_27293207/search/
moead,cifar10,FGSM,440,hv_2obj,51.675984864427576,results/moead/cifar10/2026-09-06_11-43-56_27293207/search/
moead,cifar10,FGSM,480,hv,152453.595556235,results/moead/cifar10/2026-09-06_11-43-56_27293207/search/
moead,cifar10,FGSM,480,r2,0.14846963338326435,results/moead/cifar10/2026-09-06_11-43-56_27293207/search/
moead,cifar10,FGSM,480,hv_2obj,51.675984864427576,results/moead/cifar10/2026-09-06_11-43-56_27293207/search/
moead,cifar10,FGSM,520,hv,152453.595556235,results/moead/cifar10/2026-09-06_11-43-56_27293207/search/
moead,cifar10,FGSM,520,r2,0.14846963338326435,results/moead/cifar10/2026-09-06_11-43-56_27293207/search/
moead,cifar10,FGSM,520,hv_2obj,51.675984864427576,results/moead/cifar10/2026-09-06_11-43-56_27293207/search/
moead,cifar10,FGSM,560,hv,152580.5570679409,results/moead/cifar10/2026-09-06_11-43-56_27293207/search/
moead,cifar10,FGSM,560,r2,0.14846963338326435,results/moead/cifar10/2026-09-06_11-43-56_27293207/search/
moead,cifar10,FGSM,560,hv_2obj,51.675984864427576,results/moead/cifar10/2026-09-06_11-43-56_27293207/search/
moead,cifar10,FGSM,600,hv,152580.5570679409,results/moead/cifar10/2026-09-06_11-43-56_27293207/search/
moead,cifar10,FGSM,600,r2,0.14846963338326435,results/moead/cifar10/2026-09-06_11-43-56_27293207/search/
moead,cifar10,FGSM,600,hv_2obj,51.675984864427576,results/moead/cifar10/2026-09-06_11-43-56_27293207/search/
moead,cifar10,FGSM,640,hv,152793.44659874728,results/moead/cifar10/2026-09-06_11-43-56_27293207/search/
moead,cifar10,FGSM,640,r2,0.14846963338326435,results/moead/cifar10/2026-09-06_11-43-56_27293207/search/
moead,cifar10,FGSM,640,hv_2obj,51.675984864427576,results/moead/cifar10/2026-09-06_11-43-56_27293207/search/
moead,cifar10,FGSM,680,hv,152892.33541958116,results/moead/cifar10/2026-09-06_11-43-56_27293207/search/
moead,cifar10,FGSM,680,r2,0.14846963338326435,results/moead/cifar10/2026-09-06_11-43-56_27293207/search/
moead,cifar10,FGSM,680,hv_2obj,51.675984864427576,results/moead/cifar10/2026-09-06_11-43-56_27293207/search/
moead,cifar10,FGSM,720,hv,152893.2941788723,results/moead/cifar10/2026-09-06_11-43-56_27293207/search/
moead,cifar10,FGSM,720,r2,0.14846963338326435,results/moead/cifar10/2026-09-06_11-43-56_27293207/search/
moead,cifar10,FGSM,720,hv_2obj,51.675984864427576,results/moead/cifar10/2026-09-06_11-43-56_27293207/search/
moead,cifar10,FGSM,760,hv,152893.63134131272,results/moead/cifar10/2026-09-06_11-43-56_27293207/search/
moead,cifar10,FGSM,760,r2,0.14846963338326435,results/moead/cifar10/2026-09-06_11-43-56_27293207/search/
moead,cifar10,FGSM,760,hv_2obj,51.675984864427576,results/moead/cifar10/2026-09-06_11-43-56_27293207/search/
moead,cifar10,FGSM,800,hv,152893.78052087713,results/moead/cifar10/2026-09-06_11-43-56_27293207/search/
moead,cifar10,FGSM,800,r2,0.14846963338326435,results/moead/cifar10/2026-09-06_11-43-56_27293207/search/
moead,cifar10,FGSM,800,hv_2obj,51.675984864427576,results/moead/cifar10/2026-09-06_11-43-56_27293207/search/
moead,cifar10,FGSM,840,hv,152893.78052087713,results/moead/cifar10/2026-09-06_11-43-56_27293207/search/
moead,cifar10,FGSM,840,r2,0.14846963338326435,results/moead/cifar10/2026-09-06_11-43-56_27293207/search/
moead,cifar10,FGSM,840,hv_2obj,51.675984864427576,results/moead/cifar10/2026-09-06_11-43-56_27293207/search/
moead,cifar10,FGSM,880,hv,152920.24911050295,results/moead/cifar10/2026-09-06_11-43-56_27293207/search/
moead,cifar10,FGSM,880,r2,0.14846963338326435,results/moead/cifar10/2026-09-06_11-43-56_27293207/search/
moead,cifar10,FGSM,880,hv_2obj,51.675984864427576,results/moead/cifar10/2026-09-06_11-43-56_27293207/search/
moead,cifar10,FGSM,920,hv,152922.0383840952,results/moead/cifar10/2026-09-06_11-43-56_27293207/search/
moead,cifar10,FGSM,920,r2,0.14846963338326435,results/moead/cifar10/2026-09-06_11-43-56_27293207/search/
moead,cifar10,FGSM,920,hv_2obj,51.675984864427576,results/moead/cifar10/2026-09-06_11-43-56_27293207/search/
moead,cifar10,FGSM,960,hv,152945.58116006549,results/moead/cifar10/2026-09-06_11-43-56_27293207/search/
moead,cifar10,FGSM,960,r2,0.14846963338326435,results/moead/cifar10/2026-09-06_11-43-56_27293207/search/
moead,cifar10,FGSM,960,hv_2obj,51.675984864427576,results/moead/cifar10/2026-09-06_11-43-56_27293207/search/
moead,cifar10,FGSM,1000,hv,152945.65395734936,results/moead/cifar10/2026-09-06_11-43-56_27293207/search/
moead,cifar10,FGSM,1000,r2,0.14846963338326435,results/moead/cifar10/2026-09-06_11-43-56_27293207/search/
moead,cifar10,FGSM,1000,hv_2obj,51.675984864427576,results/moead/cifar10/2026-09-06_11-43-56_27293207/search/
moead,cifar10,FGSM,1040,hv,152945.68021586596,results/moead/cifar10/2026-09-06_11-43-56_27293207/search/
moead,cifar10,FGSM,1040,r2,0.14846963338326435,results/moead/cifar10/2026-09-06_11-43-56_27293207/search/
moead,cifar10,FGSM,1040,hv_2obj,51.675984864427576,results/moead/cifar10/2026-09-06_11-43-56_27293207/search/
moead,cifar10,FGSM,1080,hv,153022.64988024413,results/moead/cifar10/2026-09-06_11-43-56_27293207/search/
moead,cifar10,FGSM,1080,r2,0.14846963338326435,results/moead/cifar10/2026-09-06_11-43-56_27293207/search/
moead,cifar10,FGSM,1080,hv_2obj,51.675984864427576,results/moead/cifar10/2026-09-06_11-43-56_27293207/search/
moead,cifar10,FGSM,1120,hv,153129.5161958312,results/moead/cifar10/2026-09-06_11-43-56_27293207/search/
moead,cifar10,FGSM,1120,r2,0.14846963338326435,results/moead/cifar10/2026-09-06_11-43-56_27293207/search/
moead,cifar10,FGSM,1120,hv_2obj,51.675984864427576,results/moead/cifar10/2026-09-06_11-43-56_27293207/search/
moead,cifar10,FGSM,1160,hv,153129.5555015331,results/moead/cifar10/2026-09-06_11-43-56_27293207/search/
moead,cifar10,FGSM,1160,r2,0.14846963338326435,results/moead/cifar10/2026-09-06_11-43-56_27293207/search/
moead,cifar10,FGSM,1160,hv_2obj,51.675984864427576,results/moead/cifar10/2026-09-06_11-43-56_27293207/search/
moead,cifar10,FGSM,1200,hv,153746.6406875441,results/moead/cifar10/2026-09-06_11-43-56_27293207/search/
moead,cifar10,FGSM,1200,r2,0.14846963338326435,results/moead/cifar10/2026-09-06_11-43-56_27293207/search/
moead,cifar10,FGSM,1200,hv_2obj,51.675984864427576,results/moead/cifar10/2026-09-06_11-43-56_27293207/search/
moead,cifar10,FGSM,1240,hv,153753.99982826973,results/moead/cifar10/2026-09-06_11-43-56_27293207/search/
moead,cifar10,FGSM,1240,r2,0.14846963338326435,results/moead/cifar10/2026-09-06_11-43-56_27293207/search/
moead,cifar10,FGSM,1240,hv_2obj,51.675984864427576,results/moead/cifar10/2026-09-06_11-43-56_27293207/search/
moead,cifar10,FGSM,40,hv,148669.34205052874,results/moead/cifar10/2026-09-06_15-53-52_27522793/search/
moead,cifar10,FGSM,40,r2,0.154149182846898,results/moead/cifar10/2026-09-06_15-53-52_27522793/search/
moead,cifar10,FGSM,40,hv_2obj,50.677710373427814,results/moead/cifar10/2026-09-06_15-53-52_27522793/search/
moead,cifar10,FGSM,80,hv,149351.19439463847,results/moead/cifar10/2026-09-06_15-53-52_27522793/search/
moead,cifar10,FGSM,80,r2,0.154149182846898,results/moead/cifar10/2026-09-06_15-53-52_27522793/search/
moead,cifar10,FGSM,80,hv_2obj,50.677710373427814,results/moead/cifar10/2026-09-06_15-53-52_27522793/search/
moead,cifar10,FGSM,120,hv,149351.45300780138,results/moead/cifar10/2026-09-06_15-53-52_27522793/search/
moead,cifar10,FGSM,120,r2,0.154149182846898,results/moead/cifar10/2026-09-06_15-53-52_27522793/search/
moead,cifar10,FGSM,120,hv_2obj,50.677710373427814,results/moead/cifar10/2026-09-06_15-53-52_27522793/search/
moead,cifar10,FGSM,160,hv,149369.91027309577,results/moead/cifar10/2026-09-06_15-53-52_27522793/search/
moead,cifar10,FGSM,160,r2,0.154149182846898,results/moead/cifar10/2026-09-06_15-53-52_27522793/search/
moead,cifar10,FGSM,160,hv_2obj,50.677710373427814,results/moead/cifar10/2026-09-06_15-53-52_27522793/search/
moead,cifar10,FGSM,200,hv,149369.91027309577,results/moead/cifar10/2026-09-06_15-53-52_27522793/search/
moead,cifar10,FGSM,200,r2,0.154149182846898,results/moead/cifar10/2026-09-06_15-53-52_27522793/search/
moead,cifar10,FGSM,200,hv_2obj,50.677710373427814,results/moead/cifar10/2026-09-06_15-53-52_27522793/search/
moead,cifar10,FGSM,240,hv,149369.91027309577,results/moead/cifar10/2026-09-06_15-53-52_27522793/search/
moead,cifar10,FGSM,240,r2,0.154149182846898,results/moead/cifar10/2026-09-06_15-53-52_27522793/search/
moead,cifar10,FGSM,240,hv_2obj,50.677710373427814,results/moead/cifar10/2026-09-06_15-53-52_27522793/search/
moead,cifar10,FGSM,280,hv,149496.18119862032,results/moead/cifar10/2026-09-06_15-53-52_27522793/search/
moead,cifar10,FGSM,280,r2,0.154149182846898,results/moead/cifar10/2026-09-06_15-53-52_27522793/search/
moead,cifar10,FGSM,280,hv_2obj,50.677710373427814,results/moead/cifar10/2026-09-06_15-53-52_27522793/search/
moead,cifar10,FGSM,320,hv,149496.3369727885,results/moead/cifar10/2026-09-06_15-53-52_27522793/search/
moead,cifar10,FGSM,320,r2,0.154149182846898,results/moead/cifar10/2026-09-06_15-53-52_27522793/search/
moead,cifar10,FGSM,320,hv_2obj,50.677710373427814,results/moead/cifar10/2026-09-06_15-53-52_27522793/search/
moead,cifar10,FGSM,360,hv,149912.4377893191,results/moead/cifar10/2026-09-06_15-53-52_27522793/search/
moead,cifar10,FGSM,360,r2,0.154149182846898,results/moead/cifar10/2026-09-06_15-53-52_27522793/search/
moead,cifar10,FGSM,360,hv_2obj,50.677710373427814,results/moead/cifar10/2026-09-06_15-53-52_27522793/search/
moead,cifar10,FGSM,400,hv,150051.09052915033,results/moead/cifar10/2026-09-06_15-53-52_27522793/search/
moead,cifar10,FGSM,400,r2,0.154149182846898,results/moead/cifar10/2026-09-06_15-53-52_27522793/search/
moead,cifar10,FGSM,400,hv_2obj,50.677710373427814,results/moead/cifar10/2026-09-06_15-53-52_27522793/search/
moead,cifar10,FGSM,440,hv,150051.46692455924,results/moead/cifar10/2026-09-06_15-53-52_27522793/search/
moead,cifar10,FGSM,440,r2,0.154149182846898,results/moead/cifar10/2026-09-06_15-53-52_27522793/search/
moead,cifar10,FGSM,440,hv_2obj,50.677710373427814,results/moead/cifar10/2026-09-06_15-53-52_27522793/search/
moead,cifar10,FGSM,480,hv,150051.46692455924,results/moead/cifar10/2026-09-06_15-53-52_27522793/search/
moead,cifar10,FGSM,480,r2,0.154149182846898,results/moead/cifar10/2026-09-06_15-53-52_27522793/search/
moead,cifar10,FGSM,480,hv_2obj,50.677710373427814,results/moead/cifar10/2026-09-06_15-53-52_27522793/search/
moead,cifar10,FGSM,520,hv,150054.55393040043,results/moead/cifar10/2026-09-06_15-53-52_27522793/search/
moead,cifar10,FGSM,520,r2,0.154149182846898,results/moead/cifar10/2026-09-06_15-53-52_27522793/search/
moead,cifar10,FGSM,520,hv_2obj,50.677710373427814,results/moead/cifar10/2026-09-06_15-53-52_27522793/search/
moead,cifar10,FGSM,560,hv,150461.80110138466,results/moead/cifar10/2026-09-06_15-53-52_27522793/search/
moead,cifar10,FGSM,560,r2,0.154149182846898,results/moead/cifar10/2026-09-06_15-53-52_27522793/search/
moead,cifar10,FGSM,560,hv_2obj,50.677710373427814,results/moead/cifar10/2026-09-06_15-53-52_27522793/search/
moead,cifar10,FGSM,600,hv,150461.80110138466,results/moead/cifar10/2026-09-06_15-53-52_27522793/search/
moead,cifar10,FGSM,600,r2,0.154149182846898,results/moead/cifar10/2026-09-06_15-53-52_27522793/search/
moead,cifar10,FGSM,600,hv_2obj,50.677710373427814,results/moead/cifar10/2026-09-06_15-53-52_27522793/search/
moead,cifar10,FGSM,640,hv,150461.89114864625,results/moead/cifar10/2026-09-06_15-53-52_27522793/search/
moead,cifar10,FGSM,640,r2,0.154149182846898,results/moead/cifar10/2026-09-06_15-53-52_27522793/search/
moead,cifar10,FGSM,640,hv_2obj,50.677710373427814,results/moead/cifar10/2026-09-06_15-53-52_27522793/search/
moead,cifar10,FGSM,680,hv,150461.89114864625,results/moead/cifar10/2026-09-06_15-53-52_27522793/search/
moead,cifar10,FGSM,680,r2,0.154149182846898,results/moead/cifar10/2026-09-06_15-53-52_27522793/search/
moead,cifar10,FGSM,680,hv_2obj,50.677710373427814,results/moead/cifar10/2026-09-06_15-53-52_27522793/search/
moead,cifar10,FGSM,720,hv,150461.89114864625,results/moead/cifar10/2026-09-06_15-53-52_27522793/search/
moead,cifar10,FGSM,720,r2,0.154149182846898,results/moead/cifar10/2026-09-06_15-53-52_27522793/search/
moead,cifar10,FGSM,720,hv_2obj,50.677710373427814,results/moead/cifar10/2026-09-06_15-53-52_27522793/search/
moead,cifar10,FGSM,760,hv,150461.9145655,results/moead/cifar10/2026-09-06_15-53-52_27522793/search/
moead,cifar10,FGSM,760,r2,0.154149182846898,results/moead/cifar10/2026-09-06_15-53-52_27522793/search/
moead,cifar10,FGSM,760,hv_2obj,50.677710373427814,results/moead/cifar10/2026-09-06_15-53-52_27522793/search/
moead,cifar10,FGSM,800,hv,150461.9146050629,results/moead/cifar10/2026-09-06_15-53-52_27522793/search/
moead,cifar10,FGSM,800,r2,0.154149182846898,results/moead/cifar10/2026-09-06_15-53-52_27522793/search/
moead,cifar10,FGSM,800,hv_2obj,50.677710373427814,results/moead/cifar10/2026-09-06_15-53-52_27522793/search/
moead,cifar10,FGSM,840,hv,150462.6267040596,results/moead/cifar10/2026-09-06_15-53-52_27522793/search/
moead,cifar10,FGSM,840,r2,0.154149182846898,results/moead/cifar10/2026-09-06_15-53-52_27522793/search/
moead,cifar10,FGSM,840,hv_2obj,50.677710373427814,results/moead/cifar10/2026-09-06_15-53-52_27522793/search/
moead,cifar10,FGSM,880,hv,150462.6267040596,results/moead/cifar10/2026-09-06_15-53-52_27522793/search/
moead,cifar10,FGSM,880,r2,0.154149182846898,results/moead/cifar10/2026-09-06_15-53-52_27522793/search/
moead,cifar10,FGSM,880,hv_2obj,50.677710373427814,results/moead/cifar10/2026-09-06_15-53-52_27522793/search/
moead,cifar10,FGSM,920,hv,150463.08418609292,results/moead/cifar10/2026-09-06_15-53-52_27522793/search/
moead,cifar10,FGSM,920,r2,0.154149182846898,results/moead/cifar10/2026-09-06_15-53-52_27522793/search/
moead,cifar10,FGSM,920,hv_2obj,50.677710373427814,results/moead/cifar10/2026-09-06_15-53-52_27522793/search/
moead,cifar10,FGSM,960,hv,150463.08494078074,results/moead/cifar10/2026-09-06_15-53-52_27522793/search/
moead,cifar10,FGSM,960,r2,0.154149182846898,results/moead/cifar10/2026-09-06_15-53-52_27522793/search/
moead,cifar10,FGSM,960,hv_2obj,50.677710373427814,results/moead/cifar10/2026-09-06_15-53-52_27522793/search/
moead,cifar10,FGSM,1000,hv,150562.61954443224,results/moead/cifar10/2026-09-06_15-53-52_27522793/search/
moead,cifar10,FGSM,1000,r2,0.154149182846898,results/moead/cifar10/2026-09-06_15-53-52_27522793/search/
moead,cifar10,FGSM,1000,hv_2obj,50.677710373427814,results/moead/cifar10/2026-09-06_15-53-52_27522793/search/
moead,cifar10,FGSM,1040,hv,150562.61954443224,results/moead/cifar10/2026-09-06_15-53-52_27522793/search/
moead,cifar10,FGSM,1040,r2,0.154149182846898,results/moead/cifar10/2026-09-06_15-53-52_27522793/search/
moead,cifar10,FGSM,1040,hv_2obj,50.677710373427814,results/moead/cifar10/2026-09-06_15-53-52_27522793/search/
moead,cifar10,FGSM,1080,hv,150562.61954443224,results/moead/cifar10/2026-09-06_15-53-52_27522793/search/
moead,cifar10,FGSM,1080,r2,0.154149182846898,results/moead/cifar10/2026-09-06_15-53-52_27522793/search/
moead,cifar10,FGSM,1080,hv_2obj,50.677710373427814,results/moead/cifar10/2026-09-06_15-53-52_27522793/search/
moead,cifar10,FGSM,1120,hv,150562.61954443224,results/moead/cifar10/2026-09-06_15-53-52_27522793/search/
moead,cifar10,FGSM,1120,r2,0.154149182846898,results/moead/cifar10/2026-09-06_15-53-52_27522793/search/
moead,cifar10,FGSM,1120,hv_2obj,50.677710373427814,results/moead/cifar10/2026-09-06_15-53-52_27522793/search/
moead,cifar10,FGSM,1160,hv,150663.54705445468,results/moead/cifar10/2026-09-06_15-53-52_27522793/search/
moead,cifar10,FGSM,1160,r2,0.154149182846898,results/moead/cifar10/2026-09-06_15-53-52_27522793/search/
moead,cifar10,FGSM,1160,hv_2obj,50.677710373427814,results/moead/cifar10/2026-09-06_15-53-52_27522793/search/
moead,cifar10,FGSM,1200,hv,150663.6275818034,results/moead/cifar10/2026-09-06_15-53-52_27522793/search/
moead,cifar10,FGSM,1200,r2,0.154149182846898,results/moead/cifar10/2026-09-06_15-53-52_27522793/search/
moead,cifar10,FGSM,1200,hv_2obj,50.677710373427814,results/moead/cifar10/2026-09-06_15-53-52_27522793/search/
moead,cifar10,FGSM,1240,hv,150664.25469833604,results/moead/cifar10/2026-09-06_15-53-52_27522793/search/
moead,cifar10,FGSM,1240,r2,0.154149182846898,results/moead/cifar10/2026-09-06_15-53-52_27522793/search/
moead,cifar10,FGSM,1240,hv_2obj,50.677710373427814,results/moead/cifar10/2026-09-06_15-53-52_27522793/search/
moead,cifar100,FGSM,40,hv,68293.05200128719,results/moead/cifar100/2026-09-17_22-26-44_18906049/search/
moead,cifar100,FGSM,40,r2,0.3391123646465462,results/moead/cifar100/2026-09-17_22-26-44_18906049/search/
moead,cifar100,FGSM,40,hv_2obj,23.34900723944299,results/moead/cifar100/2026-09-17_22-26-44_18906049/search/
moead,cifar100,FGSM,80,hv,68508.11346696386,results/moead/cifar100/2026-09-17_22-26-44_18906049/search/
moead,cifar100,FGSM,80,r2,0.3391123646465462,results/moead/cifar100/2026-09-17_22-26-44_18906049/search/
moead,cifar100,FGSM,80,hv_2obj,23.34900723944299,results/moead/cifar100/2026-09-17_22-26-44_18906049/search/
moead,cifar100,FGSM,120,hv,68528.5857571397,results/moead/cifar100/2026-09-17_22-26-44_18906049/search/
moead,cifar100,FGSM,120,r2,0.3391123646465462,results/moead/cifar100/2026-09-17_22-26-44_18906049/search/
moead,cifar100,FGSM,120,hv_2obj,23.349048672448863,results/moead/cifar100/2026-09-17_22-26-44_18906049/search/
moead,cifar100,FGSM,160,hv,68859.21110597538,results/moead/cifar100/2026-09-17_22-26-44_18906049/search/
moead,cifar100,FGSM,160,r2,0.338935621973638,results/moead/cifar100/2026-09-17_22-26-44_18906049/search/
moead,cifar100,FGSM,160,hv_2obj,23.37412320293538,results/moead/cifar100/2026-09-17_22-26-44_18906049/search/
moead,cifar100,FGSM,200,hv,68860.92873272827,results/moead/cifar100/2026-09-17_22-26-44_18906049/search/
moead,cifar100,FGSM,200,r2,0.338935621973638,results/moead/cifar100/2026-09-17_22-26-44_18906049/search/
moead,cifar100,FGSM,200,hv_2obj,23.37412320293538,results/moead/cifar100/2026-09-17_22-26-44_18906049/search/
moead,cifar100,FGSM,240,hv,68960.77642961874,results/moead/cifar100/2026-09-17_22-26-44_18906049/search/
moead,cifar100,FGSM,240,r2,0.3387040732517118,results/moead/cifar100/2026-09-17_22-26-44_18906049/search/
moead,cifar100,FGSM,240,hv_2obj,23.406840351867405,results/moead/cifar100/2026-09-17_22-26-44_18906049/search/
moead,cifar100,FGSM,280,hv,68960.77642961874,results/moead/cifar100/2026-09-17_22-26-44_18906049/search/
moead,cifar100,FGSM,280,r2,0.3387040732517118,results/moead/cifar100/2026-09-17_22-26-44_18906049/search/
moead,cifar100,FGSM,280,hv_2obj,23.406840351867405,results/moead/cifar100/2026-09-17_22-26-44_18906049/search/
moead,cifar100,FGSM,320,hv,69161.02812183902,results/moead/cifar100/2026-09-17_22-26-44_18906049/search/
moead,cifar100,FGSM,320,r2,0.3382256249191101,results/moead/cifar100/2026-09-17_22-26-44_18906049/search/
moead,cifar100,FGSM,320,hv_2obj,23.47462970502576,results/moead/cifar100/2026-09-17_22-26-44_18906049/search/
moead,cifar100,FGSM,360,hv,69161.02812183902,results/moead/cifar100/2026-09-17_22-26-44_18906049/search/
moead,cifar100,FGSM,360,r2,0.3382256249191101,results/moead/cifar100/2026-09-17_22-26-44_18906049/search/
moead,cifar100,FGSM,360,hv_2obj,23.47462970502576,results/moead/cifar100/2026-09-17_22-26-44_18906049/search/
moead,cifar100,FGSM,400,hv,69161.02812183902,results/moead/cifar100/2026-09-17_22-26-44_18906049/search/
moead,cifar100,FGSM,400,r2,0.3382256249191101,results/moead/cifar100/2026-09-17_22-26-44_18906049/search/
moead,cifar100,FGSM,400,hv_2obj,23.47462970502576,results/moead/cifar100/2026-09-17_22-26-44_18906049/search/
moead,cifar100,FGSM,440,hv,69161.02812183902,results/moead/cifar100/2026-09-17_22-26-44_18906049/search/
moead,cifar100,FGSM,440,r2,0.3382256249191101,results/moead/cifar100/2026-09-17_22-26-44_18906049/search/
moead,cifar100,FGSM,440,hv_2obj,23.47462970502576,results/moead/cifar100/2026-09-17_22-26-44_18906049/search/
moead,cifar100,FGSM,480,hv,69300.3862280813,results/moead/cifar100/2026-09-17_22-26-44_18906049/search/
moead,cifar100,FGSM,480,r2,0.3378845306349679,results/moead/cifar100/2026-09-17_22-26-44_18906049/search/
moead,cifar100,FGSM,480,hv_2obj,23.521918286510076,results/moead/cifar100/2026-09-17_22-26-44_18906049/search/
moead,cifar100,FGSM,520,hv,69300.3862280813,results/moead/cifar100/2026-09-17_22-26-44_18906049/search/
moead,cifar100,FGSM,520,r2,0.3378845306349679,results/moead/cifar100/2026-09-17_22-26-44_18906049/search/
moead,cifar100,FGSM,520,hv_2obj,23.521918286510076,results/moead/cifar100/2026-09-17_22-26-44_18906049/search/
moead,cifar100,FGSM,560,hv,69393.13620921325,results/moead/cifar100/2026-09-17_22-26-44_18906049/search/
moead,cifar100,FGSM,560,r2,0.3378845306349679,results/moead/cifar100/2026-09-17_22-26-44_18906049/search/
moead,cifar100,FGSM,560,hv_2obj,23.521918286510076,results/moead/cifar100/2026-09-17_22-26-44_18906049/search/
moead,cifar100,FGSM,600,hv,69394.51957927262,results/moead/cifar100/2026-09-17_22-26-44_18906049/search/
moead,cifar100,FGSM,600,r2,0.3378845306349679,results/moead/cifar100/2026-09-17_22-26-44_18906049/search/
moead,cifar100,FGSM,600,hv_2obj,23.521918286510076,results/moead/cifar100/2026-09-17_22-26-44_18906049/search/
moead,cifar100,FGSM,640,hv,69397.38818650594,results/moead/cifar100/2026-09-17_22-26-44_18906049/search/
moead,cifar100,FGSM,640,r2,0.3378845306349679,results/moead/cifar100/2026-09-17_22-26-44_18906049/search/
moead,cifar100,FGSM,640,hv_2obj,23.521954744387195,results/moead/cifar100/2026-09-17_22-26-44_18906049/search/
moead,cifar100,FGSM,680,hv,69399.20420745546,results/moead/cifar100/2026-09-17_22-26-44_18906049/search/
moead,cifar100,FGSM,680,r2,0.3378845306349679,results/moead/cifar100/2026-09-17_22-26-44_18906049/search/
moead,cifar100,FGSM,680,hv_2obj,23.52219881941996,results/moead/cifar100/2026-09-17_22-26-44_18906049/search/
moead,cifar100,FGSM,720,hv,69399.20420745546,results/moead/cifar100/2026-09-17_22-26-44_18906049/search/
moead,cifar100,FGSM,720,r2,0.3378845306349679,results/moead/cifar100/2026-09-17_22-26-44_18906049/search/
moead,cifar100,FGSM,720,hv_2obj,23.52219881941996,results/moead/cifar100/2026-09-17_22-26-44_18906049/search/
moead,cifar100,FGSM,760,hv,69399.20420745546,results/moead/cifar100/2026-09-17_22-26-44_18906049/search/
moead,cifar100,FGSM,760,r2,0.3378845306349679,results/moead/cifar100/2026-09-17_22-26-44_18906049/search/
moead,cifar100,FGSM,760,hv_2obj,23.52219881941996,results/moead/cifar100/2026-09-17_22-26-44_18906049/search/
moead,cifar100,FGSM,800,hv,69674.5311425706,results/moead/cifar100/2026-09-17_22-26-44_18906049/search/
moead,cifar100,FGSM,800,r2,0.3378845306349679,results/moead/cifar100/2026-09-17_22-26-44_18906049/search/
moead,cifar100,FGSM,800,hv_2obj,23.52219881941996,results/moead/cifar100/2026-09-17_22-26-44_18906049/search/
moead,cifar100,FGSM,840,hv,69682.73092710057,results/moead/cifar100/2026-09-17_22-26-44_18906049/search/
moead,cifar100,FGSM,840,r2,0.3378845306349679,results/moead/cifar100/2026-09-17_22-26-44_18906049/search/
moead,cifar100,FGSM,840,hv_2obj,23.52219881941996,results/moead/cifar100/2026-09-17_22-26-44_18906049/search/
moead,cifar100,FGSM,880,hv,69682.76322311469,results/moead/cifar100/2026-09-17_22-26-44_18906049/search/
moead,cifar100,FGSM,880,r2,0.3378845306349679,results/moead/cifar100/2026-09-17_22-26-44_18906049/search/
moead,cifar100,FGSM,880,hv_2obj,23.52219881941996,results/moead/cifar100/2026-09-17_22-26-44_18906049/search/
moead,cifar100,FGSM,920,hv,69684.318612507,results/moead/cifar100/2026-09-17_22-26-44_18906049/search/
moead,cifar100,FGSM,920,r2,0.3378845306349679,results/moead/cifar100/2026-09-17_22-26-44_18906049/search/
moead,cifar100,FGSM,920,hv_2obj,23.52219881941996,results/moead/cifar100/2026-09-17_22-26-44_18906049/search/
moead,cifar100,FGSM,960,hv,69685.6696136191,results/moead/cifar100/2026-09-17_22-26-44_18906049/search/
moead,cifar100,FGSM,960,r2,0.3378845306349679,results/moead/cifar100/2026-09-17_22-26-44_18906049/search/
moead,cifar100,FGSM,960,hv_2obj,23.52219881941996,results/moead/cifar100/2026-09-17_22-26-44_18906049/search/
moead,cifar100,FGSM,1000,hv,69685.6696136191,results/moead/cifar100/2026-09-17_22-26-44_18906049/search/
moead,cifar100,FGSM,1000,r2,0.3378845306349679,results/moead/cifar100/2026-09-17_22-26-44_18906049/search/
moead,cifar100,FGSM,1000,hv_2obj,23.52219881941996,results/moead/cifar100/2026-09-17_22-26-44_18906049/search/
moead,cifar100,FGSM,1040,hv,69685.6696136191,results/moead/cifar100/2026-09-17_22-26-44_18906049/search/
moead,cifar100,FGSM,1040,r2,0.3378845306349679,results/moead/cifar100/2026-09-17_22-26-44_18906049/search/
moead,cifar100,FGSM,1040,hv_2obj,23.52219881941996,results/moead/cifar100/2026-09-17_22-26-44_18906049/search/
moead,cifar100,FGSM,1080,hv,69685.6696136191,results/moead/cifar100/2026-09-17_22-26-44_18906049/search/
moead,cifar100,FGSM,1080,r2,0.3378845306349679,results/moead/cifar100/2026-09-17_22-26-44_18906049/search/
moead,cifar100,FGSM,1080,hv_2obj,23.52219881941996,results/moead/cifar100/2026-09-17_22-26-44_18906049/search/
moead,cifar100,FGSM,1120,hv,69685.67305803472,results/moead/cifar100/2026-09-17_22-26-44_18906049/search/
moead,cifar100,FGSM,1120,r2,0.3378845306349679,results/moead/cifar100/2026-09-17_22-26-44_18906049/search/
moead,cifar100,FGSM,1120,hv_2obj,23.52219881941996,results/moead/cifar100/2026-09-17_22-26-44_18906049/search/
moead,cifar100,FGSM,1160,hv,69686.54672180122,results/moead/cifar100/2026-09-17_22-26-44_18906049/search/
moead,cifar100,FGSM,1160,r2,0.3378845306349679,results/moead/cifar100/2026-09-17_22-26-44_18906049/search/
moead,cifar100,FGSM,1160,hv_2obj,23.52219881941996,results/moead/cifar100/2026-09-17_22-26-44_18906049/search/
moead,cifar100,FGSM,1200,hv,69716.5344589574,results/moead/cifar100/2026-09-17_22-26-44_18906049/search/
moead,cifar100,FGSM,1200,r2,0.3378845306349679,results/moead/cifar100/2026-09-17_22-26-44_18906049/search/
moead,cifar100,FGSM,1200,hv_2obj,23.52219881941996,results/moead/cifar100/2026-09-17_22-26-44_18906049/search/
moead,cifar100,FGSM,1240,hv,69716.5344589574,results/moead/cifar100/2026-09-17_22-26-44_18906049/search/
moead,cifar100,FGSM,1240,r2,0.3378845306349679,results/moead/cifar100/2026-09-17_22-26-44_18906049/search/
moead,cifar100,FGSM,1240,hv_2obj,23.52219881941996,results/moead/cifar100/2026-09-17_22-26-44_18906049/search/
moead,cifar100,FGSM,40,hv,67186.71964296073,results/moead/cifar100/2026-09-18_03-42-22_15798821/search/
moead,cifar100,FGSM,40,r2,0.34227574844230607,results/moead/cifar100/2026-09-18_03-42-22_15798821/search/
moead,cifar100,FGSM,40,hv_2obj,22.964475919026263,results/moead/cifar100/2026-09-18_03-42-22_15798821/search/
moead,cifar100,FGSM,80,hv,68389.13226266789,results/moead/cifar100/2026-09-18_03-42-22_15798821/search/
moead,cifar100,FGSM,80,r2,0.3412878231314928,results/moead/cifar100/2026-09-18_03-42-22_15798821/search/
moead,cifar100,FGSM,80,hv_2obj,23.104368599793794,results/moead/cifar100/2026-09-18_03-42-22_15798821/search/
moead,cifar100,FGSM,120,hv,68392.25690976053,results/moead/cifar100/2026-09-18_03-42-22_15798821/search/
moead,cifar100,FGSM,120,r2,0.3412878231314928,results/moead/cifar100/2026-09-18_03-42-22_15798821/search/
moead,cifar100,FGSM,120,hv_2obj,23.104368599793794,results/moead/cifar100/2026-09-18_03-42-22_15798821/search/
moead,cifar100,FGSM,160,hv,68392.25690976053,results/moead/cifar100/2026-09-18_03-42-22_15798821/search/
moead,cifar100,FGSM,160,r2,0.3412878231314928,results/moead/cifar100/2026-09-18_03-42-22_15798821/search/
moead,cifar100,FGSM,160,hv_2obj,23.104368599793794,results/moead/cifar100/2026-09-18_03-42-22_15798821/search/
moead,cifar100,FGSM,200,hv,68393.49694347987,results/moead/cifar100/2026-09-18_03-42-22_15798821/search/
moead,cifar100,FGSM,200,r2,0.3412878231314928,results/moead/cifar100/2026-09-18_03-42-22_15798821/search/
moead,cifar100,FGSM,200,hv_2obj,23.104368599793794,results/moead/cifar100/2026-09-18_03-42-22_15798821/search/
moead,cifar100,FGSM,240,hv,68393.49694347987,results/moead/cifar100/2026-09-18_03-42-22_15798821/search/
moead,cifar100,FGSM,240,r2,0.3412878231314928,results/moead/cifar100/2026-09-18_03-42-22_15798821/search/
moead,cifar100,FGSM,240,hv_2obj,23.104368599793794,results/moead/cifar100/2026-09-18_03-42-22_15798821/search/
moead,cifar100,FGSM,280,hv,68393.49694347987,results/moead/cifar100/2026-09-18_03-42-22_15798821/search/
moead,cifar100,FGSM,280,r2,0.3412878231314928,results/moead/cifar100/2026-09-18_03-42-22_15798821/search/
moead,cifar100,FGSM,280,hv_2obj,23.104368599793794,results/moead/cifar100/2026-09-18_03-42-22_15798821/search/
moead,cifar100,FGSM,320,hv,68393.49694347987,results/moead/cifar100/2026-09-18_03-42-22_15798821/search/
moead,cifar100,FGSM,320,r2,0.3412878231314928,results/moead/cifar100/2026-09-18_03-42-22_15798821/search/
moead,cifar100,FGSM,320,hv_2obj,23.104368599793794,results/moead/cifar100/2026-09-18_03-42-22_15798821/search/
moead,cifar100,FGSM,360,hv,68393.49694347987,results/moead/cifar100/2026-09-18_03-42-22_15798821/search/
moead,cifar100,FGSM,360,r2,0.3412878231314928,results/moead/cifar100/2026-09-18_03-42-22_15798821/search/
moead,cifar100,FGSM,360,hv_2obj,23.104368599793794,results/moead/cifar100/2026-09-18_03-42-22_15798821/search/
moead,cifar100,FGSM,400,hv,68393.49694347987,results/moead/cifar100/2026-09-18_03-42-22_15798821/search/
moead,cifar100,FGSM,400,r2,0.3412878231314928,results/moead/cifar100/2026-09-18_03-42-22_15798821/search/
moead,cifar100,FGSM,400,hv_2obj,23.104368599793794,results/moead/cifar100/2026-09-18_03-42-22_15798821/search/
moead,cifar100,FGSM,440,hv,68393.49694347987,results/moead/cifar100/2026-09-18_03-42-22_15798821/search/
moead,cifar100,FGSM,440,r2,0.3412878231314928,results/moead/cifar100/2026-09-18_03-42-22_15798821/search/
moead,cifar100,FGSM,440,hv_2obj,23.104368599793794,results/moead/cifar100/2026-09-18_03-42-22_15798821/search/
moead,cifar100,FGSM,480,hv,68485.37784000636,results/moead/cifar100/2026-09-18_03-42-22_15798821/search/
moead,cifar100,FGSM,480,r2,0.3412878231314928,results/moead/cifar100/2026-09-18_03-42-22_15798821/search/
moead,cifar100,FGSM,480,hv_2obj,23.104368599793794,results/moead/cifar100/2026-09-18_03-42-22_15798821/search/
moead,cifar100,FGSM,520,hv,68489.31917474864,results/moead/cifar100/2026-09-18_03-42-22_15798821/search/
moead,cifar100,FGSM,520,r2,0.3412878231314928,results/moead/cifar100/2026-09-18_03-42-22_15798821/search/
moead,cifar100,FGSM,520,hv_2obj,23.104368599793794,results/moead/cifar100/2026-09-18_03-42-22_15798821/search/
moead,cifar100,FGSM,560,hv,68489.52442143671,results/moead/cifar100/2026-09-18_03-42-22_15798821/search/
moead,cifar100,FGSM,560,r2,0.3412878231314928,results/moead/cifar100/2026-09-18_03-42-22_15798821/search/
moead,cifar100,FGSM,560,hv_2obj,23.104368599793794,results/moead/cifar100/2026-09-18_03-42-22_15798821/search/
moead,cifar100,FGSM,600,hv,68489.52442143671,results/moead/cifar100/2026-09-18_03-42-22_15798821/search/
moead,cifar100,FGSM,600,r2,0.3412878231314928,results/moead/cifar100/2026-09-18_03-42-22_15798821/search/
moead,cifar100,FGSM,600,hv_2obj,23.104368599793794,results/moead/cifar100/2026-09-18_03-42-22_15798821/search/
moead,cifar100,FGSM,640,hv,68583.09592573838,results/moead/cifar100/2026-09-18_03-42-22_15798821/search/
moead,cifar100,FGSM,640,r2,0.3412878231314928,results/moead/cifar100/2026-09-18_03-42-22_15798821/search/
moead,cifar100,FGSM,640,hv_2obj,23.104368599793794,results/moead/cifar100/2026-09-18_03-42-22_15798821/search/
moead,cifar100,FGSM,680,hv,68583.45265199173,results/moead/cifar100/2026-09-18_03-42-22_15798821/search/
moead,cifar100,FGSM,680,r2,0.3412878231314928,results/moead/cifar100/2026-09-18_03-42-22_15798821/search/
moead,cifar100,FGSM,680,hv_2obj,23.104368599793794,results/moead/cifar100/2026-09-18_03-42-22_15798821/search/
moead,cifar100,FGSM,720,hv,68583.52666747395,results/moead/cifar100/2026-09-18_03-42-22_15798821/search/
moead,cifar100,FGSM,720,r2,0.3412878231314928,results/moead/cifar100/2026-09-18_03-42-22_15798821/search/
moead,cifar100,FGSM,720,hv_2obj,23.104368599793794,results/moead/cifar100/2026-09-18_03-42-22_15798821/search/
moead,cifar100,FGSM,760,hv,68583.52666747395,results/moead/cifar100/2026-09-18_03-42-22_15798821/search/
moead,cifar100,FGSM,760,r2,0.3412878231314928,results/moead/cifar100/2026-09-18_03-42-22_15798821/search/
moead,cifar100,FGSM,760,hv_2obj,23.104368599793794,results/moead/cifar100/2026-09-18_03-42-22_15798821/search/
moead,cifar100,FGSM,800,hv,68583.52666747395,results/moead/cifar100/2026-09-18_03-42-22_15798821/search/
moead,cifar100,FGSM,800,r2,0.3412878231314928,results/moead/cifar100/2026-09-18_03-42-22_15798821/search/
moead,cifar100,FGSM,800,hv_2obj,23.104368599793794,results/moead/cifar100/2026-09-18_03-42-22_15798821/search/
moead,cifar100,FGSM,840,hv,68583.52666747395,results/moead/cifar100/2026-09-18_03-42-22_15798821/search/
moead,cifar100,FGSM,840,r2,0.3412878231314928,results/moead/cifar100/2026-09-18_03-42-22_15798821/search/
moead,cifar100,FGSM,840,hv_2obj,23.104368599793794,results/moead/cifar100/2026-09-18_03-42-22_15798821/search/
moead,cifar100,FGSM,880,hv,68583.55793820285,results/moead/cifar100/2026-09-18_03-42-22_15798821/search/
moead,cifar100,FGSM,880,r2,0.3412878231314928,results/moead/cifar100/2026-09-18_03-42-22_15798821/search/
moead,cifar100,FGSM,880,hv_2obj,23.104368599793794,results/moead/cifar100/2026-09-18_03-42-22_15798821/search/
moead,cifar100,FGSM,920,hv,68583.55793820285,results/moead/cifar100/2026-09-18_03-42-22_15798821/search/
moead,cifar100,FGSM,920,r2,0.3412878231314928,results/moead/cifar100/2026-09-18_03-42-22_15798821/search/
moead,cifar100,FGSM,920,hv_2obj,23.104368599793794,results/moead/cifar100/2026-09-18_03-42-22_15798821/search/
moead,cifar100,FGSM,960,hv,68583.55795413654,results/moead/cifar100/2026-09-18_03-42-22_15798821/search/
moead,cifar100,FGSM,960,r2,0.3412878231314928,results/moead/cifar100/2026-09-18_03-42-22_15798821/search/
moead,cifar100,FGSM,960,hv_2obj,23.104368599793794,results/moead/cifar100/2026-09-18_03-42-22_15798821/search/
moead,cifar100,FGSM,1000,hv,68647.92303668364,results/moead/cifar100/2026-09-18_03-42-22_15798821/search/
moead,cifar100,FGSM,1000,r2,0.3412878231314928,results/moead/cifar100/2026-09-18_03-42-22_15798821/search/
moead,cifar100,FGSM,1000,hv_2obj,23.104368599793794,results/moead/cifar100/2026-09-18_03-42-22_15798821/search/
moead,cifar100,FGSM,1040,hv,68664.62955234016,results/moead/cifar100/2026-09-18_03-42-22_15798821/search/
moead,cifar100,FGSM,1040,r2,0.3412878231314928,results/moead/cifar100/2026-09-18_03-42-22_15798821/search/
moead,cifar100,FGSM,1040,hv_2obj,23.104368599793794,results/moead/cifar100/2026-09-18_03-42-22_15798821/search/
moead,cifar100,FGSM,1080,hv,68666.77388760286,results/moead/cifar100/2026-09-18_03-42-22_15798821/search/
moead,cifar100,FGSM,1080,r2,0.3412878231314928,results/moead/cifar100/2026-09-18_03-42-22_15798821/search/
moead,cifar100,FGSM,1080,hv_2obj,23.104371212965912,results/moead/cifar100/2026-09-18_03-42-22_15798821/search/
moead,cifar100,FGSM,1120,hv,68666.77388760286,results/moead/cifar100/2026-09-18_03-42-22_15798821/search/
moead,cifar100,FGSM,1120,r2,0.3412878231314928,results/moead/cifar100/2026-09-18_03-42-22_15798821/search/
moead,cifar100,FGSM,1120,hv_2obj,23.104371212965912,results/moead/cifar100/2026-09-18_03-42-22_15798821/search/
moead,cifar100,FGSM,1160,hv,68666.77388760286,results/moead/cifar100/2026-09-18_03-42-22_15798821/search/
moead,cifar100,FGSM,1160,r2,0.3412878231314928,results/moead/cifar100/2026-09-18_03-42-22_15798821/search/
moead,cifar100,FGSM,1160,hv_2obj,23.104371212965912,results/moead/cifar100/2026-09-18_03-42-22_15798821/search/
moead,cifar100,FGSM,1200,hv,68666.77388760286,results/moead/cifar100/2026-09-18_03-42-22_15798821/search/
moead,cifar100,FGSM,1200,r2,0.3412878231314928,results/moead/cifar100/2026-09-18_03-42-22_15798821/search/
moead,cifar100,FGSM,1200,hv_2obj,23.104371212965912,results/moead/cifar100/2026-09-18_03-42-22_15798821/search/
moead,cifar100,FGSM,1240,hv,68666.77388760286,results/moead/cifar100/2026-09-18_03-42-22_15798821/search/
moead,cifar100,FGSM,1240,r2,0.3412878231314928,results/moead/cifar100/2026-09-18_03-42-22_15798821/search/
moead,cifar100,FGSM,1240,hv_2obj,23.104371212965912,results/moead/cifar100/2026-09-18_03-42-22_15798821/search/
moead,cifar100,FGSM,40,hv,67395.57751048672,results/moead/cifar100/2026-09-18_08-48-48_65381509/search/
moead,cifar100,FGSM,40,r2,0.34216859461221477,results/moead/cifar100/2026-09-18_08-48-48_65381509/search/
moead,cifar100,FGSM,40,hv_2obj,23.031218053239897,results/moead/cifar100/2026-09-18_08-48-48_65381509/search/
moead,cifar100,FGSM,80,hv,67474.43200347769,results/moead/cifar100/2026-09-18_08-48-48_65381509/search/
moead,cifar100,FGSM,80,r2,0.3419995164694608,results/moead/cifar100/2026-09-18_08-48-48_65381509/search/
moead,cifar100,FGSM,80,hv_2obj,23.048214175254103,results/moead/cifar100/2026-09-18_08-48-48_65381509/search/
moead,cifar100,FGSM,120,hv,67575.5135666215,results/moead/cifar100/2026-09-18_08-48-48_65381509/search/
moead,cifar100,FGSM,120,r2,0.3419995164694608,results/moead/cifar100/2026-09-18_08-48-48_65381509/search/
moead,cifar100,FGSM,120,hv_2obj,23.048214175254103,results/moead/cifar100/2026-09-18_08-48-48_65381509/search/
moead,cifar100,FGSM,160,hv,67577.13400981713,results/moead/cifar100/2026-09-18_08-48-48_65381509/search/
moead,cifar100,FGSM,160,r2,0.3419995164694608,results/moead/cifar100/2026-09-18_08-48-48_65381509/search/
moead,cifar100,FGSM,160,hv_2obj,23.048214175254103,results/moead/cifar100/2026-09-18_08-48-48_65381509/search/
moead,cifar100,FGSM,200,hv,67577.43051579192,results/moead/cifar100/2026-09-18_08-48-48_65381509/search/
moead,cifar100,FGSM,200,r2,0.3419995164694608,results/moead/cifar100/2026-09-18_08-48-48_65381509/search/
moead,cifar100,FGSM,200,hv_2obj,23.048214175254103,results/moead/cifar100/2026-09-18_08-48-48_65381509/search/
moead,cifar100,FGSM,240,hv,67577.62117716775,results/moead/cifar100/2026-09-18_08-48-48_65381509/search/
moead,cifar100,FGSM,240,r2,0.3419995164694608,results/moead/cifar100/2026-09-18_08-48-48_65381509/search/
moead,cifar100,FGSM,240,hv_2obj,23.048214175254103,results/moead/cifar100/2026-09-18_08-48-48_65381509/search/
moead,cifar100,FGSM,280,hv,67577.62117716775,results/moead/cifar100/2026-09-18_08-48-48_65381509/search/
moead,cifar100,FGSM,280,r2,0.3419995164694608,results/moead/cifar100/2026-09-18_08-48-48_65381509/search/
moead,cifar100,FGSM,280,hv_2obj,23.048214175254103,results/moead/cifar100/2026-09-18_08-48-48_65381509/search/
moead,cifar100,FGSM,320,hv,67577.72871337453,results/moead/cifar100/2026-09-18_08-48-48_65381509/search/
moead,cifar100,FGSM,320,r2,0.3419995164694608,results/moead/cifar100/2026-09-18_08-48-48_65381509/search/
moead,cifar100,FGSM,320,hv_2obj,23.048214175254103,results/moead/cifar100/2026-09-18_08-48-48_65381509/search/
moead,cifar100,FGSM,360,hv,67579.35430022988,results/moead/cifar100/2026-09-18_08-48-48_65381509/search/
moead,cifar100,FGSM,360,r2,0.3419995164694608,results/moead/cifar100/2026-09-18_08-48-48_65381509/search/
moead,cifar100,FGSM,360,hv_2obj,23.048214175254103,results/moead/cifar100/2026-09-18_08-48-48_65381509/search/
moead,cifar100,FGSM,400,hv,67579.95433407967,results/moead/cifar100/2026-09-18_08-48-48_65381509/search/
moead,cifar100,FGSM,400,r2,0.3419995164694608,results/moead/cifar100/2026-09-18_08-48-48_65381509/search/
moead,cifar100,FGSM,400,hv_2obj,23.048214175254103,results/moead/cifar100/2026-09-18_08-48-48_65381509/search/
moead,cifar100,FGSM,440,hv,67579.95839867495,results/moead/cifar100/2026-09-18_08-48-48_65381509/search/
moead,cifar100,FGSM,440,r2,0.3419995164694608,results/moead/cifar100/2026-09-18_08-48-48_65381509/search/
moead,cifar100,FGSM,440,hv_2obj,23.048214175254103,results/moead/cifar100/2026-09-18_08-48-48_65381509/search/
moead,cifar100,FGSM,480,hv,67581.32077081314,results/moead/cifar100/2026-09-18_08-48-48_65381509/search/
moead,cifar100,FGSM,480,r2,0.3419995164694608,results/moead/cifar100/2026-09-18_08-48-48_65381509/search/
moead,cifar100,FGSM,480,hv_2obj,23.048214175254103,results/moead/cifar100/2026-09-18_08-48-48_65381509/search/
moead,cifar100,FGSM,520,hv,67581.32077081314,results/moead/cifar100/2026-09-18_08-48-48_65381509/search/
moead,cifar100,FGSM,520,r2,0.3419995164694608,results/moead/cifar100/2026-09-18_08-48-48_65381509/search/
moead,cifar100,FGSM,520,hv_2obj,23.048214175254103,results/moead/cifar100/2026-09-18_08-48-48_65381509/search/
moead,cifar100,FGSM,560,hv,67582.69633531854,results/moead/cifar100/2026-09-18_08-48-48_65381509/search/
moead,cifar100,FGSM,560,r2,0.3419995164694608,results/moead/cifar100/2026-09-18_08-48-48_65381509/search/
moead,cifar100,FGSM,560,hv_2obj,23.048214175254103,results/moead/cifar100/2026-09-18_08-48-48_65381509/search/
moead,cifar100,FGSM,600,hv,67582.69633531854,results/moead/cifar100/2026-09-18_08-48-48_65381509/search/
moead,cifar100,FGSM,600,r2,0.3419995164694608,results/moead/cifar100/2026-09-18_08-48-48_65381509/search/
moead,cifar100,FGSM,600,hv_2obj,23.048214175254103,results/moead/cifar100/2026-09-18_08-48-48_65381509/search/
moead,cifar100,FGSM,640,hv,67582.69633531854,results/moead/cifar100/2026-09-18_08-48-48_65381509/search/
moead,cifar100,FGSM,640,r2,0.3419995164694608,results/moead/cifar100/2026-09-18_08-48-48_65381509/search/
moead,cifar100,FGSM,640,hv_2obj,23.048214175254103,results/moead/cifar100/2026-09-18_08-48-48_65381509/search/
moead,cifar100,FGSM,680,hv,67764.67787691386,results/moead/cifar100/2026-09-18_08-48-48_65381509/search/
moead,cifar100,FGSM,680,r2,0.3419995164694608,results/moead/cifar100/2026-09-18_08-48-48_65381509/search/
moead,cifar100,FGSM,680,hv_2obj,23.048214175254103,results/moead/cifar100/2026-09-18_08-48-48_65381509/search/
moead,cifar100,FGSM,720,hv,67766.33468864458,results/moead/cifar100/2026-09-18_08-48-48_65381509/search/
moead,cifar100,FGSM,720,r2,0.3419995164694608,results/moead/cifar100/2026-09-18_08-48-48_65381509/search/
moead,cifar100,FGSM,720,hv_2obj,23.048214175254103,results/moead/cifar100/2026-09-18_08-48-48_65381509/search/
moead,cifar100,FGSM,760,hv,67766.72899409496,results/moead/cifar100/2026-09-18_08-48-48_65381509/search/
moead,cifar100,FGSM,760,r2,0.3419995164694608,results/moead/cifar100/2026-09-18_08-48-48_65381509/search/
moead,cifar100,FGSM,760,hv_2obj,23.048214175254103,results/moead/cifar100/2026-09-18_08-48-48_65381509/search/
moead,cifar100,FGSM,800,hv,67766.78188551588,results/moead/cifar100/2026-09-18_08-48-48_65381509/search/
moead,cifar100,FGSM,800,r2,0.3419995164694608,results/moead/cifar100/2026-09-18_08-48-48_65381509/search/
moead,cifar100,FGSM,800,hv_2obj,23.048214175254103,results/moead/cifar100/2026-09-18_08-48-48_65381509/search/
moead,cifar100,FGSM,840,hv,67767.9191176831,results/moead/cifar100/2026-09-18_08-48-48_65381509/search/
moead,cifar100,FGSM,840,r2,0.3419995164694608,results/moead/cifar100/2026-09-18_08-48-48_65381509/search/
moead,cifar100,FGSM,840,hv_2obj,23.048214175254103,results/moead/cifar100/2026-09-18_08-48-48_65381509/search/
moead,cifar100,FGSM,880,hv,67768.36832739851,results/moead/cifar100/2026-09-18_08-48-48_65381509/search/
moead,cifar100,FGSM,880,r2,0.3419995164694608,results/moead/cifar100/2026-09-18_08-48-48_65381509/search/
moead,cifar100,FGSM,880,hv_2obj,23.048214175254103,results/moead/cifar100/2026-09-18_08-48-48_65381509/search/
moead,cifar100,FGSM,920,hv,67769.03244140759,results/moead/cifar100/2026-09-18_08-48-48_65381509/search/
moead,cifar100,FGSM,920,r2,0.3419995164694608,results/moead/cifar100/2026-09-18_08-48-48_65381509/search/
moead,cifar100,FGSM,920,hv_2obj,23.048214175254103,results/moead/cifar100/2026-09-18_08-48-48_65381509/search/
moead,cifar100,FGSM,960,hv,67769.03244140759,results/moead/cifar100/2026-09-18_08-48-48_65381509/search/
moead,cifar100,FGSM,960,r2,0.3419995164694608,results/moead/cifar100/2026-09-18_08-48-48_65381509/search/
moead,cifar100,FGSM,960,hv_2obj,23.048214175254103,results/moead/cifar100/2026-09-18_08-48-48_65381509/search/
moead,cifar100,FGSM,1000,hv,67828.14835037258,results/moead/cifar100/2026-09-18_08-48-48_65381509/search/
moead,cifar100,FGSM,1000,r2,0.3419995164694608,results/moead/cifar100/2026-09-18_08-48-48_65381509/search/
moead,cifar100,FGSM,1000,hv_2obj,23.048214175254103,results/moead/cifar100/2026-09-18_08-48-48_65381509/search/
moead,cifar100,FGSM,1040,hv,67828.57672555547,results/moead/cifar100/2026-09-18_08-48-48_65381509/search/
moead,cifar100,FGSM,1040,r2,0.3419995164694608,results/moead/cifar100/2026-09-18_08-48-48_65381509/search/
moead,cifar100,FGSM,1040,hv_2obj,23.048214175254103,results/moead/cifar100/2026-09-18_08-48-48_65381509/search/
moead,cifar100,FGSM,1080,hv,67828.57672555547,results/moead/cifar100/2026-09-18_08-48-48_65381509/search/
moead,cifar100,FGSM,1080,r2,0.3419995164694608,results/moead/cifar100/2026-09-18_08-48-48_65381509/search/
moead,cifar100,FGSM,1080,hv_2obj,23.048214175254103,results/moead/cifar100/2026-09-18_08-48-48_65381509/search/
moead,cifar100,FGSM,1120,hv,67828.57672555547,results/moead/cifar100/2026-09-18_08-48-48_65381509/search/
moead,cifar100,FGSM,1120,r2,0.3419995164694608,results/moead/cifar100/2026-09-18_08-48-48_65381509/search/
moead,cifar100,FGSM,1120,hv_2obj,23.048214175254103,results/moead/cifar100/2026-09-18_08-48-48_65381509/search/
moead,cifar100,FGSM,1160,hv,67844.9191807339,results/moead/cifar100/2026-09-18_08-48-48_65381509/search/
moead,cifar100,FGSM,1160,r2,0.3419995164694608,results/moead/cifar100/2026-09-18_08-48-48_65381509/search/
moead,cifar100,FGSM,1160,hv_2obj,23.048214175254103,results/moead/cifar100/2026-09-18_08-48-48_65381509/search/
moead,cifar100,FGSM,1200,hv,67844.92671238982,results/moead/cifar100/2026-09-18_08-48-48_65381509/search/
moead,cifar100,FGSM,1200,r2,0.3419995164694608,results/moead/cifar100/2026-09-18_08-48-48_65381509/search/
moead,cifar100,FGSM,1200,hv_2obj,23.048214175254103,results/moead/cifar100/2026-09-18_08-48-48_65381509/search/
moead,cifar100,FGSM,1240,hv,67845.25489709197,results/moead/cifar100/2026-09-18_08-48-48_65381509/search/
moead,cifar100,FGSM,1240,r2,0.3419995164694608,results/moead/cifar100/2026-09-18_08-48-48_65381509/search/
moead,cifar100,FGSM,1240,hv_2obj,23.048214175254103,results/moead/cifar100/2026-09-18_08-48-48_65381509/search/
moead,cifar100,FGSM,40,hv,68693.94237451027,results/moead/cifar100/2026-09-18_14-20-48_27293207/search/
moead,cifar100,FGSM,40,r2,0.33805843291511656,results/moead/cifar100/2026-09-18_14-20-48_27293207/search/
moead,cifar100,FGSM,40,hv_2obj,23.494944370674776,results/moead/cifar100/2026-09-18_14-20-48_27293207/search/
moead,cifar100,FGSM,80,hv,68806.16559197416,results/moead/cifar100/2026-09-18_14-20-48_27293207/search/
moead,cifar100,FGSM,80,r2,0.33805843291511656,results/moead/cifar100/2026-09-18_14-20-48_27293207/search/
moead,cifar100,FGSM,80,hv_2obj,23.494944370674776,results/moead/cifar100/2026-09-18_14-20-48_27293207/search/
moead,cifar100,FGSM,120,hv,68807.74314060676,results/moead/cifar100/2026-09-18_14-20-48_27293207/search/
moead,cifar100,FGSM,120,r2,0.33805843291511656,results/moead/cifar100/2026-09-18_14-20-48_27293207/search/
moead,cifar100,FGSM,120,hv_2obj,23.494944370674776,results/moead/cifar100/2026-09-18_14-20-48_27293207/search/
moead,cifar100,FGSM,160,hv,69021.0597858524,results/moead/cifar100/2026-09-18_14-20-48_27293207/search/
moead,cifar100,FGSM,160,r2,0.33805843291511656,results/moead/cifar100/2026-09-18_14-20-48_27293207/search/
moead,cifar100,FGSM,160,hv_2obj,23.494944370674776,results/moead/cifar100/2026-09-18_14-20-48_27293207/search/
moead,cifar100,FGSM,200,hv,69022.58717717972,results/moead/cifar100/2026-09-18_14-20-48_27293207/search/
moead,cifar100,FGSM,200,r2,0.33805843291511656,results/moead/cifar100/2026-09-18_14-20-48_27293207/search/
moead,cifar100,FGSM,200,hv_2obj,23.494944370674776,results/moead/cifar100/2026-09-18_14-20-48_27293207/search/
moead,cifar100,FGSM,240,hv,69024.26505495192,results/moead/cifar100/2026-09-18_14-20-48_27293207/search/
moead,cifar100,FGSM,240,r2,0.33805843291511656,results/moead/cifar100/2026-09-18_14-20-48_27293207/search/
moead,cifar100,FGSM,240,hv_2obj,23.494944370674776,results/moead/cifar100/2026-09-18_14-20-48_27293207/search/
moead,cifar100,FGSM,280,hv,69032.54820550566,results/moead/cifar100/2026-09-18_14-20-48_27293207/search/
moead,cifar100,FGSM,280,r2,0.33805843291511656,results/moead/cifar100/2026-09-18_14-20-48_27293207/search/
moead,cifar100,FGSM,280,hv_2obj,23.494944370674776,results/moead/cifar100/2026-09-18_14-20-48_27293207/search/
moead,cifar100,FGSM,320,hv,69032.54820550566,results/moead/cifar100/2026-09-18_14-20-48_27293207/search/
moead,cifar100,FGSM,320,r2,0.33805843291511656,results/moead/cifar100/2026-09-18_14-20-48_27293207/search/
moead,cifar100,FGSM,320,hv_2obj,23.494944370674776,results/moead/cifar100/2026-09-18_14-20-48_27293207/search/
moead,cifar100,FGSM,360,hv,69032.54820550566,results/moead/cifar100/2026-09-18_14-20-48_27293207/search/
moead,cifar100,FGSM,360,r2,0.33805843291511656,results/moead/cifar100/2026-09-18_14-20-48_27293207/search/
moead,cifar100,FGSM,360,hv_2obj,23.494944370674776,results/moead/cifar100/2026-09-18_14-20-48_27293207/search/
moead,cifar100,FGSM,400,hv,69124.84223548486,results/moead/cifar100/2026-09-18_14-20-48_27293207/search/
moead,cifar100,FGSM,400,r2,0.33805843291511656,results/moead/cifar100/2026-09-18_14-20-48_27293207/search/
moead,cifar100,FGSM,400,hv_2obj,23.494944370674776,results/moead/cifar100/2026-09-18_14-20-48_27293207/search/
moead,cifar100,FGSM,440,hv,69124.84223548486,results/moead/cifar100/2026-09-18_14-20-48_27293207/search/
moead,cifar100,FGSM,440,r2,0.33805843291511656,results/moead/cifar100/2026-09-18_14-20-48_27293207/search/
moead,cifar100,FGSM,440,hv_2obj,23.494944370674776,results/moead/cifar100/2026-09-18_14-20-48_27293207/search/
moead,cifar100,FGSM,480,hv,69124.96384965062,results/moead/cifar100/2026-09-18_14-20-48_27293207/search/
moead,cifar100,FGSM,480,r2,0.33805843291511656,results/moead/cifar100/2026-09-18_14-20-48_27293207/search/
moead,cifar100,FGSM,480,hv_2obj,23.494944370674776,results/moead/cifar100/2026-09-18_14-20-48_27293207/search/
moead,cifar100,FGSM,520,hv,69125.2501830215,results/moead/cifar100/2026-09-18_14-20-48_27293207/search/
moead,cifar100,FGSM,520,r2,0.33805843291511656,results/moead/cifar100/2026-09-18_14-20-48_27293207/search/
moead,cifar100,FGSM,520,hv_2obj,23.494944370674776,results/moead/cifar100/2026-09-18_14-20-48_27293207/search/
moead,cifar100,FGSM,560,hv,69182.89790096818,results/moead/cifar100/2026-09-18_14-20-48_27293207/search/
moead,cifar100,FGSM,560,r2,0.33805843291511656,results/moead/cifar100/2026-09-18_14-20-48_27293207/search/
moead,cifar100,FGSM,560,hv_2obj,23.494944370674776,results/moead/cifar100/2026-09-18_14-20-48_27293207/search/
moead,cifar100,FGSM,600,hv,69186.94412548536,results/moead/cifar100/2026-09-18_14-20-48_27293207/search/
moead,cifar100,FGSM,600,r2,0.33805843291511656,results/moead/cifar100/2026-09-18_14-20-48_27293207/search/
moead,cifar100,FGSM,600,hv_2obj,23.494944370674776,results/moead/cifar100/2026-09-18_14-20-48_27293207/search/
moead,cifar100,FGSM,640,hv,69186.94440561695,results/moead/cifar100/2026-09-18_14-20-48_27293207/search/
moead,cifar100,FGSM,640,r2,0.33805843291511656,results/moead/cifar100/2026-09-18_14-20-48_27293207/search/
moead,cifar100,FGSM,640,hv_2obj,23.494944370674776,results/moead/cifar100/2026-09-18_14-20-48_27293207/search/
moead,cifar100,FGSM,680,hv,69233.161863559,results/moead/cifar100/2026-09-18_14-20-48_27293207/search/
moead,cifar100,FGSM,680,r2,0.33805843291511656,results/moead/cifar100/2026-09-18_14-20-48_27293207/search/
moead,cifar100,FGSM,680,hv_2obj,23.494944370674776,results/moead/cifar100/2026-09-18_14-20-48_27293207/search/
moead,cifar100,FGSM,720,hv,69233.51033521416,results/moead/cifar100/2026-09-18_14-20-48_27293207/search/
moead,cifar100,FGSM,720,r2,0.33805843291511656,results/moead/cifar100/2026-09-18_14-20-48_27293207/search/
moead,cifar100,FGSM,720,hv_2obj,23.494944370674776,results/moead/cifar100/2026-09-18_14-20-48_27293207/search/
moead,cifar100,FGSM,760,hv,69237.02619434039,results/moead/cifar100/2026-09-18_14-20-48_27293207/search/
moead,cifar100,FGSM,760,r2,0.33805843291511656,results/moead/cifar100/2026-09-18_14-20-48_27293207/search/
moead,cifar100,FGSM,760,hv_2obj,23.494944370674776,results/moead/cifar100/2026-09-18_14-20-48_27293207/search/
moead,cifar100,FGSM,800,hv,69237.02619434039,results/moead/cifar100/2026-09-18_14-20-48_27293207/search/
moead,cifar100,FGSM,800,r2,0.33805843291511656,results/moead/cifar100/2026-09-18_14-20-48_27293207/search/
moead,cifar100,FGSM,800,hv_2obj,23.494944370674776,results/moead/cifar100/2026-09-18_14-20-48_27293207/search/
moead,cifar100,FGSM,840,hv,69237.0293964057,results/moead/cifar100/2026-09-18_14-20-48_27293207/search/
moead,cifar100,FGSM,840,r2,0.33805843291511656,results/moead/cifar100/2026-09-18_14-20-48_27293207/search/
moead,cifar100,FGSM,840,hv_2obj,23.494944370674776,results/moead/cifar100/2026-09-18_14-20-48_27293207/search/
moead,cifar100,FGSM,880,hv,69237.84146828609,results/moead/cifar100/2026-09-18_14-20-48_27293207/search/
moead,cifar100,FGSM,880,r2,0.33805843291511656,results/moead/cifar100/2026-09-18_14-20-48_27293207/search/
moead,cifar100,FGSM,880,hv_2obj,23.494944370674776,results/moead/cifar100/2026-09-18_14-20-48_27293207/search/
moead,cifar100,FGSM,920,hv,69237.84600650809,results/moead/cifar100/2026-09-18_14-20-48_27293207/search/
moead,cifar100,FGSM,920,r2,0.33805843291511656,results/moead/cifar100/2026-09-18_14-20-48_27293207/search/
moead,cifar100,FGSM,920,hv_2obj,23.494944370674776,results/moead/cifar100/2026-09-18_14-20-48_27293207/search/
moead,cifar100,FGSM,960,hv,69238.04000532739,results/moead/cifar100/2026-09-18_14-20-48_27293207/search/
moead,cifar100,FGSM,960,r2,0.33805843291511656,results/moead/cifar100/2026-09-18_14-20-48_27293207/search/
moead,cifar100,FGSM,960,hv_2obj,23.494944370674776,results/moead/cifar100/2026-09-18_14-20-48_27293207/search/
moead,cifar100,FGSM,1000,hv,69240.85382838744,results/moead/cifar100/2026-09-18_14-20-48_27293207/search/
moead,cifar100,FGSM,1000,r2,0.33805843291511656,results/moead/cifar100/2026-09-18_14-20-48_27293207/search/
moead,cifar100,FGSM,1000,hv_2obj,23.494944370674776,results/moead/cifar100/2026-09-18_14-20-48_27293207/search/
moead,cifar100,FGSM,1040,hv,69240.85382838744,results/moead/cifar100/2026-09-18_14-20-48_27293207/search/
moead,cifar100,FGSM,1040,r2,0.33805843291511656,results/moead/cifar100/2026-09-18_14-20-48_27293207/search/
moead,cifar100,FGSM,1040,hv_2obj,23.494944370674776,results/moead/cifar100/2026-09-18_14-20-48_27293207/search/
moead,cifar100,FGSM,1080,hv,69320.19061559501,results/moead/cifar100/2026-09-18_14-20-48_27293207/search/
moead,cifar100,FGSM,1080,r2,0.33805843291511656,results/moead/cifar100/2026-09-18_14-20-48_27293207/search/
moead,cifar100,FGSM,1080,hv_2obj,23.494944370674776,results/moead/cifar100/2026-09-18_14-20-48_27293207/search/
moead,cifar100,FGSM,1120,hv,69320.37115312755,results/moead/cifar100/2026-09-18_14-20-48_27293207/search/
moead,cifar100,FGSM,1120,r2,0.33805843291511656,results/moead/cifar100/2026-09-18_14-20-48_27293207/search/
moead,cifar100,FGSM,1120,hv_2obj,23.494944370674776,results/moead/cifar100/2026-09-18_14-20-48_27293207/search/
moead,cifar100,FGSM,1160,hv,69320.37115396227,results/moead/cifar100/2026-09-18_14-20-48_27293207/search/
moead,cifar100,FGSM,1160,r2,0.33805843291511656,results/moead/cifar100/2026-09-18_14-20-48_27293207/search/
moead,cifar100,FGSM,1160,hv_2obj,23.494944370674776,results/moead/cifar100/2026-09-18_14-20-48_27293207/search/
moead,cifar100,FGSM,1200,hv,69597.24464721257,results/moead/cifar100/2026-09-18_14-20-48_27293207/search/
moead,cifar100,FGSM,1200,r2,0.33805843291511656,results/moead/cifar100/2026-09-18_14-20-48_27293207/search/
moead,cifar100,FGSM,1200,hv_2obj,23.494944370674776,results/moead/cifar100/2026-09-18_14-20-48_27293207/search/
moead,cifar100,FGSM,1240,hv,69627.5955942505,results/moead/cifar100/2026-09-18_14-20-48_27293207/search/
moead,cifar100,FGSM,1240,r2,0.33805843291511656,results/moead/cifar100/2026-09-18_14-20-48_27293207/search/
moead,cifar100,FGSM,1240,hv_2obj,23.494944370674776,results/moead/cifar100/2026-09-18_14-20-48_27293207/search/
moead,cifar100,FGSM,40,hv,67656.62111882567,results/moead/cifar100/2026-09-18_19-51-14_27522793/search/
moead,cifar100,FGSM,40,r2,0.3405599941938288,results/moead/cifar100/2026-09-18_19-51-14_27522793/search/
moead,cifar100,FGSM,40,hv_2obj,23.130479339319265,results/moead/cifar100/2026-09-18_19-51-14_27522793/search/
moead,cifar100,FGSM,80,hv,67969.34398760267,results/moead/cifar100/2026-09-18_19-51-14_27522793/search/
moead,cifar100,FGSM,80,r2,0.3405599941938288,results/moead/cifar100/2026-09-18_19-51-14_27522793/search/
moead,cifar100,FGSM,80,hv_2obj,23.130479339319265,results/moead/cifar100/2026-09-18_19-51-14_27522793/search/
moead,cifar100,FGSM,120,hv,67972.31547089979,results/moead/cifar100/2026-09-18_19-51-14_27522793/search/
moead,cifar100,FGSM,120,r2,0.3405599941938288,results/moead/cifar100/2026-09-18_19-51-14_27522793/search/
moead,cifar100,FGSM,120,hv_2obj,23.130479339319265,results/moead/cifar100/2026-09-18_19-51-14_27522793/search/
moead,cifar100,FGSM,160,hv,67973.5689258171,results/moead/cifar100/2026-09-18_19-51-14_27522793/search/
moead,cifar100,FGSM,160,r2,0.3405599941938288,results/moead/cifar100/2026-09-18_19-51-14_27522793/search/
moead,cifar100,FGSM,160,hv_2obj,23.130479339319265,results/moead/cifar100/2026-09-18_19-51-14_27522793/search/
moead,cifar100,FGSM,200,hv,68420.9078896597,results/moead/cifar100/2026-09-18_19-51-14_27522793/search/
moead,cifar100,FGSM,200,r2,0.3394825752993762,results/moead/cifar100/2026-09-18_19-51-14_27522793/search/
moead,cifar100,FGSM,200,hv_2obj,23.280263194501487,results/moead/cifar100/2026-09-18_19-51-14_27522793/search/
moead,cifar100,FGSM,240,hv,68420.9078896597,results/moead/cifar100/2026-09-18_19-51-14_27522793/search/
moead,cifar100,FGSM,240,r2,0.3394825752993762,results/moead/cifar100/2026-09-18_19-51-14_27522793/search/
moead,cifar100,FGSM,240,hv_2obj,23.280263194501487,results/moead/cifar100/2026-09-18_19-51-14_27522793/search/
moead,cifar100,FGSM,280,hv,68478.71195617989,results/moead/cifar100/2026-09-18_19-51-14_27522793/search/
moead,cifar100,FGSM,280,r2,0.3394825752993762,results/moead/cifar100/2026-09-18_19-51-14_27522793/search/
moead,cifar100,FGSM,280,hv_2obj,23.280263194501487,results/moead/cifar100/2026-09-18_19-51-14_27522793/search/
moead,cifar100,FGSM,320,hv,68478.8984289746,results/moead/cifar100/2026-09-18_19-51-14_27522793/search/
moead,cifar100,FGSM,320,r2,0.3394825752993762,results/moead/cifar100/2026-09-18_19-51-14_27522793/search/
moead,cifar100,FGSM,320,hv_2obj,23.280263194501487,results/moead/cifar100/2026-09-18_19-51-14_27522793/search/
moead,cifar100,FGSM,360,hv,68664.08710356311,results/moead/cifar100/2026-09-18_19-51-14_27522793/search/
moead,cifar100,FGSM,360,r2,0.3394825752993762,results/moead/cifar100/2026-09-18_19-51-14_27522793/search/
moead,cifar100,FGSM,360,hv_2obj,23.280263194501487,results/moead/cifar100/2026-09-18_19-51-14_27522793/search/
moead,cifar100,FGSM,400,hv,68665.30534240903,results/moead/cifar100/2026-09-18_19-51-14_27522793/search/
moead,cifar100,FGSM,400,r2,0.3394825752993762,results/moead/cifar100/2026-09-18_19-51-14_27522793/search/
moead,cifar100,FGSM,400,hv_2obj,23.280263194501487,results/moead/cifar100/2026-09-18_19-51-14_27522793/search/
moead,cifar100,FGSM,440,hv,68666.57417218061,results/moead/cifar100/2026-09-18_19-51-14_27522793/search/
moead,cifar100,FGSM,440,r2,0.3394825752993762,results/moead/cifar100/2026-09-18_19-51-14_27522793/search/
moead,cifar100,FGSM,440,hv_2obj,23.280263194501487,results/moead/cifar100/2026-09-18_19-51-14_27522793/search/
moead,cifar100,FGSM,480,hv,68666.57417218061,results/moead/cifar100/2026-09-18_19-51-14_27522793/search/
moead,cifar100,FGSM,480,r2,0.3394825752993762,results/moead/cifar100/2026-09-18_19-51-14_27522793/search/
moead,cifar100,FGSM,480,hv_2obj,23.280263194501487,results/moead/cifar100/2026-09-18_19-51-14_27522793/search/
moead,cifar100,FGSM,520,hv,68666.57417218061,results/moead/cifar100/2026-09-18_19-51-14_27522793/search/
moead,cifar100,FGSM,520,r2,0.3394825752993762,results/moead/cifar100/2026-09-18_19-51-14_27522793/search/
moead,cifar100,FGSM,520,hv_2obj,23.280263194501487,results/moead/cifar100/2026-09-18_19-51-14_27522793/search/
moead,cifar100,FGSM,560,hv,68849.65847323147,results/moead/cifar100/2026-09-18_19-51-14_27522793/search/
moead,cifar100,FGSM,560,r2,0.3394825752993762,results/moead/cifar100/2026-09-18_19-51-14_27522793/search/
moead,cifar100,FGSM,560,hv_2obj,23.280263194501487,results/moead/cifar100/2026-09-18_19-51-14_27522793/search/
moead,cifar100,FGSM,600,hv,68849.65847323147,results/moead/cifar100/2026-09-18_19-51-14_27522793/search/
moead,cifar100,FGSM,600,r2,0.3394825752993762,results/moead/cifar100/2026-09-18_19-51-14_27522793/search/
moead,cifar100,FGSM,600,hv_2obj,23.280263194501487,results/moead/cifar100/2026-09-18_19-51-14_27522793/search/
moead,cifar100,FGSM,640,hv,68849.65847323147,results/moead/cifar100/2026-09-18_19-51-14_27522793/search/
moead,cifar100,FGSM,640,r2,0.3394825752993762,results/moead/cifar100/2026-09-18_19-51-14_27522793/search/
moead,cifar100,FGSM,640,hv_2obj,23.280263194501487,results/moead/cifar100/2026-09-18_19-51-14_27522793/search/
moead,cifar100,FGSM,680,hv,68850.15391306822,results/moead/cifar100/2026-09-18_19-51-14_27522793/search/
moead,cifar100,FGSM,680,r2,0.3394825752993762,results/moead/cifar100/2026-09-18_19-51-14_27522793/search/
moead,cifar100,FGSM,680,hv_2obj,23.280263194501487,results/moead/cifar100/2026-09-18_19-51-14_27522793/search/
moead,cifar100,FGSM,720,hv,68850.15391306822,results/moead/cifar100/2026-09-18_19-51-14_27522793/search/
moead,cifar100,FGSM,720,r2,0.3394825752993762,results/moead/cifar100/2026-09-18_19-51-14_27522793/search/
moead,cifar100,FGSM,720,hv_2obj,23.280263194501487,results/moead/cifar100/2026-09-18_19-51-14_27522793/search/
moead,cifar100,FGSM,760,hv,68850.15391306822,results/moead/cifar100/2026-09-18_19-51-14_27522793/search/
moead,cifar100,FGSM,760,r2,0.3394825752993762,results/moead/cifar100/2026-09-18_19-51-14_27522793/search/
moead,cifar100,FGSM,760,hv_2obj,23.280263194501487,results/moead/cifar100/2026-09-18_19-51-14_27522793/search/
moead,cifar100,FGSM,800,hv,68850.83684337775,results/moead/cifar100/2026-09-18_19-51-14_27522793/search/
moead,cifar100,FGSM,800,r2,0.3394825752993762,results/moead/cifar100/2026-09-18_19-51-14_27522793/search/
moead,cifar100,FGSM,800,hv_2obj,23.280263194501487,results/moead/cifar100/2026-09-18_19-51-14_27522793/search/
moead,cifar100,FGSM,840,hv,68851.80963674343,results/moead/cifar100/2026-09-18_19-51-14_27522793/search/
moead,cifar100,FGSM,840,r2,0.3394825752993762,results/moead/cifar100/2026-09-18_19-51-14_27522793/search/
moead,cifar100,FGSM,840,hv_2obj,23.280263194501487,results/moead/cifar100/2026-09-18_19-51-14_27522793/search/
moead,cifar100,FGSM,880,hv,68851.80963674343,results/moead/cifar100/2026-09-18_19-51-14_27522793/search/
moead,cifar100,FGSM,880,r2,0.3394825752993762,results/moead/cifar100/2026-09-18_19-51-14_27522793/search/
moead,cifar100,FGSM,880,hv_2obj,23.280263194501487,results/moead/cifar100/2026-09-18_19-51-14_27522793/search/
moead,cifar100,FGSM,920,hv,68851.80963674343,results/moead/cifar100/2026-09-18_19-51-14_27522793/search/
moead,cifar100,FGSM,920,r2,0.3394825752993762,results/moead/cifar100/2026-09-18_19-51-14_27522793/search/
moead,cifar100,FGSM,920,hv_2obj,23.280263194501487,results/moead/cifar100/2026-09-18_19-51-14_27522793/search/
moead,cifar100,FGSM,960,hv,68851.8096560789,results/moead/cifar100/2026-09-18_19-51-14_27522793/search/
moead,cifar100,FGSM,960,r2,0.3394825752993762,results/moead/cifar100/2026-09-18_19-51-14_27522793/search/
moead,cifar100,FGSM,960,hv_2obj,23.280263194501487,results/moead/cifar100/2026-09-18_19-51-14_27522793/search/
moead,cifar100,FGSM,1000,hv,68945.27909564259,results/moead/cifar100/2026-09-18_19-51-14_27522793/search/
moead,cifar100,FGSM,1000,r2,0.3394825752993762,results/moead/cifar100/2026-09-18_19-51-14_27522793/search/
moead,cifar100,FGSM,1000,hv_2obj,23.280263194501487,results/moead/cifar100/2026-09-18_19-51-14_27522793/search/
moead,cifar100,FGSM,1040,hv,68945.27909564259,results/moead/cifar100/2026-09-18_19-51-14_27522793/search/
moead,cifar100,FGSM,1040,r2,0.3394825752993762,results/moead/cifar100/2026-09-18_19-51-14_27522793/search/
moead,cifar100,FGSM,1040,hv_2obj,23.280263194501487,results/moead/cifar100/2026-09-18_19-51-14_27522793/search/
moead,cifar100,FGSM,1080,hv,68945.27909564259,results/moead/cifar100/2026-09-18_19-51-14_27522793/search/
moead,cifar100,FGSM,1080,r2,0.3394825752993762,results/moead/cifar100/2026-09-18_19-51-14_27522793/search/
moead,cifar100,FGSM,1080,hv_2obj,23.280263194501487,results/moead/cifar100/2026-09-18_19-51-14_27522793/search/
moead,cifar100,FGSM,1120,hv,68945.27909564259,results/moead/cifar100/2026-09-18_19-51-14_27522793/search/
moead,cifar100,FGSM,1120,r2,0.3394825752993762,results/moead/cifar100/2026-09-18_19-51-14_27522793/search/
moead,cifar100,FGSM,1120,hv_2obj,23.280263194501487,results/moead/cifar100/2026-09-18_19-51-14_27522793/search/
moead,cifar100,FGSM,1160,hv,68990.86255859074,results/moead/cifar100/2026-09-18_19-51-14_27522793/search/
moead,cifar100,FGSM,1160,r2,0.3394825752993762,results/moead/cifar100/2026-09-18_19-51-14_27522793/search/
moead,cifar100,FGSM,1160,hv_2obj,23.280263194501487,results/moead/cifar100/2026-09-18_19-51-14_27522793/search/
moead,cifar100,FGSM,1200,hv,68991.42599628597,results/moead/cifar100/2026-09-18_19-51-14_27522793/search/
moead,cifar100,FGSM,1200,r2,0.3394825752993762,results/moead/cifar100/2026-09-18_19-51-14_27522793/search/
moead,cifar100,FGSM,1200,hv_2obj,23.280263194501487,results/moead/cifar100/2026-09-18_19-51-14_27522793/search/
moead,cifar100,FGSM,1240,hv,68991.44620346755,results/moead/cifar100/2026-09-18_19-51-14_27522793/search/
moead,cifar100,FGSM,1240,r2,0.3394825752993762,results/moead/cifar100/2026-09-18_19-51-14_27522793/search/
moead,cifar100,FGSM,1240,hv_2obj,23.280263194501487,results/moead/cifar100/2026-09-18_19-51-14_27522793/search/
