algorithm,dataset,attack,evaluations,indicator,value,dir
r2-emoa,cifar10,FGSM,40,hv,149821.2914988057,results/r2-emoa/cifar10/2026-09-04_20-19-31_18906049/search/
r2-emoa,cifar10,FGSM,40,hv_acc_2obj,926.3323999999997,results/r2-emoa/cifar10/2026-09-04_20-19-31_18906049/search/
r2-emoa,cifar10,FGSM,40,r2,0.09350574536132703,results/r2-emoa/cifar10/2026-09-04_20-19-31_18906049/search/
r2-emoa,cifar10,FGSM,40,hv_2obj,51.08529410694413,results/r2-emoa/cifar10/2026-09-04_20-19-31_18906049/search/
r2-emoa,cifar10,FGSM,80,hv,150027.69927704637,results/r2-emoa/cifar10/2026-09-04_20-19-31_18906049/search/
r2-emoa,cifar10,FGSM,80,hv_acc_2obj,949.9699999999997,results/r2-emoa/cifar10/2026-09-04_20-19-31_18906049/search/
r2-emoa,cifar10,FGSM,80,r2,0.09350574536132703,results/r2-emoa/cifar10/2026-09-04_20-19-31_18906049/search/
r2-emoa,cifar10,FGSM,80,hv_2obj,51.08529410694413,results/r2-emoa/cifar10/2026-09-04_20-19-31_18906049/search/
r2-emoa,cifar10,FGSM,120,hv,152796.34516159247,results/r2-emoa/cifar10/2026-09-04_20-19-31_18906049/search/
r2-emoa,cifar10,FGSM,120,hv_acc_2obj,1040.8516,results/r2-emoa/cifar10/2026-09-04_20-19-31_18906049/search/
r2-emoa,cifar10,FGSM,120,r2,0.09094518527373432,results/r2-emoa/cifar10/2026-09-04_20-19-31_18906049/search/
r2-emoa,cifar10,FGSM,120,hv_2obj,51.80929290132981,results/r2-emoa/cifar10/2026-09-04_20-19-31_18906049/search/
r2-emoa,cifar10,FGSM,160,hv,153560.55375952332,results/r2-emoa/cifar10/2026-09-04_20-19-31_18906049/search/
r2-emoa,cifar10,FGSM,160,hv_acc_2obj,1064.9164,results/r2-emoa/cifar10/2026-09-04_20-19-31_18906049/search/
r2-emoa,cifar10,FGSM,160,r2,0.09094518527373432,results/r2-emoa/cifar10/2026-09-04_20-19-31_18906049/search/
r2-emoa,cifar10,FGSM,160,hv_2obj,51.80929290132981,results/r2-emoa/cifar10/2026-09-04_20-19-31_18906049/search/
r2-emoa,cifar10,FGSM,200,hv,155004.1348110991,results/r2-emoa/cifar10/2026-09-04_20-19-31_18906049/search/
r2-emoa,cifar10,FGSM,200,hv_acc_2obj,1115.6476000000005,results/r2-emoa/cifar10/2026-09-04_20-19-31_18906049/search/
r2-emoa,cifar10,FGSM,200,r2,0.08923981681173498,results/r2-emoa/cifar10/2026-09-04_20-19-31_18906049/search/
r2-emoa,cifar10,FGSM,200,hv_2obj,52.296749892386885,results/r2-emoa/cifar10/2026-09-04_20-19-31_18906049/search/
r2-emoa,cifar10,FGSM,240,hv,155147.1382526564,results/r2-emoa/cifar10/2026-09-04_20-19-31_18906049/search/
r2-emoa,cifar10,FGSM,240,hv_acc_2obj,1115.6476000000005,results/r2-emoa/cifar10/2026-09-04_20-19-31_18906049/search/
r2-emoa,cifar10,FGSM,240,r2,0.08909390493429607,results/r2-emoa/cifar10/2026-09-04_20-19-31_18906049/search/
r2-emoa,cifar10,FGSM,240,hv_2obj,52.33924843147883,results/r2-emoa/cifar10/2026-09-04_20-19-31_18906049/search/
r2-emoa,cifar10,FGSM,280,hv,155371.84736219057,results/r2-emoa/cifar10/2026-09-04_20-19-31_18906049/search/
r2-emoa,cifar10,FGSM,280,hv_acc_2obj,1121.2795999999998,results/r2-emoa/cifar10/2026-09-04_20-19-31_18906049/search/
r2-emoa,cifar10,FGSM,280,r2,0.08909390493429607,results/r2-emoa/cifar10/2026-09-04_20-19-31_18906049/search/
r2-emoa,cifar10,FGSM,280,hv_2obj,52.33924843147883,results/r2-emoa/cifar10/2026-09-04_20-19-31_18906049/search/
r2-emoa,cifar10,FGSM,320,hv,155379.14322410553,results/r2-emoa/cifar10/2026-09-04_20-19-31_18906049/search/
r2-emoa,cifar10,FGSM,320,hv_acc_2obj,1145.68,results/r2-emoa/cifar10/2026-09-04_20-19-31_18906049/search/
r2-emoa,cifar10,FGSM,320,r2,0.08909390493429607,results/r2-emoa/cifar10/2026-09-04_20-19-31_18906049/search/
r2-emoa,cifar10,FGSM,320,hv_2obj,52.33924843147883,results/r2-emoa/cifar10/2026-09-04_20-19-31_18906049/search/
r2-emoa,cifar10,FGSM,360,hv,156209.26818519484,results/r2-emoa/cifar10/2026-09-04_20-19-31_18906049/search/
r2-emoa,cifar10,FGSM,360,hv_acc_2obj,1164.8264,results/r2-emoa/cifar10/2026-09-04_20-19-31_18906049/search/
r2-emoa,cifar10,FGSM,360,r2,0.08809167084618172,results/r2-emoa/cifar10/2026-09-04_20-19-31_18906049/search/
r2-emoa,cifar10,FGSM,360,hv_2obj,52.623126031283604,results/r2-emoa/cifar10/2026-09-04_20-19-31_18906049/search/
r2-emoa,cifar10,FGSM,400,hv,156622.6316272388,results/r2-emoa/cifar10/2026-09-04_20-19-31_18906049/search/
r2-emoa,cifar10,FGSM,400,hv_acc_2obj,1199.4483999999995,results/r2-emoa/cifar10/2026-09-04_20-19-31_18906049/search/
r2-emoa,cifar10,FGSM,400,r2,0.08777439450430218,results/r2-emoa/cifar10/2026-09-04_20-19-31_18906049/search/
r2-emoa,cifar10,FGSM,400,hv_2obj,52.71595585234426,results/r2-emoa/cifar10/2026-09-04_20-19-31_18906049/search/
r2-emoa,cifar10,FGSM,440,hv,156721.9619781167,results/r2-emoa/cifar10/2026-09-04_20-19-31_18906049/search/
r2-emoa,cifar10,FGSM,440,hv_acc_2obj,1199.4483999999995,results/r2-emoa/cifar10/2026-09-04_20-19-31_18906049/search/
r2-emoa,cifar10,FGSM,440,r2,0.08768337504900556,results/r2-emoa/cifar10/2026-09-04_20-19-31_18906049/search/
r2-emoa,cifar10,FGSM,440,hv_2obj,52.743156759664274,results/r2-emoa/cifar10/2026-09-04_20-19-31_18906049/search/
r2-emoa,cifar10,FGSM,480,hv,156939.12418106734,results/r2-emoa/cifar10/2026-09-04_20-19-31_18906049/search/
r2-emoa,cifar10,FGSM,480,hv_acc_2obj,1199.4483999999995,results/r2-emoa/cifar10/2026-09-04_20-19-31_18906049/search/
r2-emoa,cifar10,FGSM,480,r2,0.08768337504900556,results/r2-emoa/cifar10/2026-09-04_20-19-31_18906049/search/
r2-emoa,cifar10,FGSM,480,hv_2obj,52.743156759664274,results/r2-emoa/cifar10/2026-09-04_20-19-31_18906049/search/
r2-emoa,cifar10,FGSM,520,hv,157150.53278657238,results/r2-emoa/cifar10/2026-09-04_20-19-31_18906049/search/
r2-emoa,cifar10,FGSM,520,hv_acc_2obj,1199.4483999999995,results/r2-emoa/cifar10/2026-09-04_20-19-31_18906049/search/
r2-emoa,cifar10,FGSM,520,r2,0.08768337504900556,results/r2-emoa/cifar10/2026-09-04_20-19-31_18906049/search/
r2-emoa,cifar10,FGSM,520,hv_2obj,52.743156759664274,results/r2-emoa/cifar10/2026-09-04_20-19-31_18906049/search/
r2-emoa,cifar10,FGSM,560,hv,157464.2278294614,results/r2-emoa/cifar10/2026-09-04_20-19-31_18906049/search/
r2-emoa,cifar10,FGSM,560,hv_acc_2obj,1255.6267999999998,results/r2-emoa/cifar10/2026-09-04_20-19-31_18906049/search/
r2-emoa,cifar10,FGSM,560,r2,0.08731831019279598,results/r2-emoa/cifar10/2026-09-04_20-19-31_18906049/search/
r2-emoa,cifar10,FGSM,560,hv_2obj,52.84707482175045,results/r2-emoa/cifar10/2026-09-04_20-19-31_18906049/search/
r2-emoa,cifar10,FGSM,600,hv,157528.3609702299,results/r2-emoa/cifar10/2026-09-04_20-19-31_18906049/search/
r2-emoa,cifar10,FGSM,600,hv_acc_2obj,1255.6267999999998,results/r2-emoa/cifar10/2026-09-04_20-19-31_18906049/search/
r2-emoa,cifar10,FGSM,600,r2,0.08725853805017622,results/r2-emoa/cifar10/2026-09-04_20-19-31_18906049/search/
r2-emoa,cifar10,FGSM,600,hv_2obj,52.86515557491958,results/r2-emoa/cifar10/2026-09-04_20-19-31_18906049/search/
r2-emoa,cifar10,FGSM,640,hv,157536.40967831918,results/r2-emoa/cifar10/2026-09-04_20-19-31_18906049/search/
r2-emoa,cifar10,FGSM,640,hv_acc_2obj,1255.6267999999998,results/r2-emoa/cifar10/2026-09-04_20-19-31_18906049/search/
r2-emoa,cifar10,FGSM,640,r2,0.08725853805017622,results/r2-emoa/cifar10/2026-09-04_20-19-31_18906049/search/
r2-emoa,cifar10,FGSM,640,hv_2obj,52.86515557491958,results/r2-emoa/cifar10/2026-09-04_20-19-31_18906049/search/
r2-emoa,cifar10,FGSM,680,hv,157539.77848606286,results/r2-emoa/cifar10/2026-09-04_20-19-31_18906049/search/
r2-emoa,cifar10,FGSM,680,hv_acc_2obj,1255.6267999999998,results/r2-emoa/cifar10/2026-09-04_20-19-31_18906049/search/
r2-emoa,cifar10,FGSM,680,r2,0.08725853805017622,results/r2-emoa/cifar10/2026-09-04_20-19-31_18906049/search/
r2-emoa,cifar10,FGSM,680,hv_2obj,52.86515557491958,results/r2-emoa/cifar10/2026-09-04_20-19-31_18906049/search/
r2-emoa,cifar10,FGSM,720,hv,157735.9263485148,results/r2-emoa/cifar10/2026-09-04_20-19-31_18906049/search/
r2-emoa,cifar10,FGSM,720,hv_acc_2obj,1255.6267999999998,results/r2-emoa/cifar10/2026-09-04_20-19-31_18906049/search/
r2-emoa,cifar10,FGSM,720,r2,0.08719425527362579,results/r2-emoa/cifar10/2026-09-04_20-19-31_18906049/search/
r2-emoa,cifar10,FGSM,720,hv_2obj,52.8845315366782,results/r2-emoa/cifar10/2026-09-04_20-19-31_18906049/search/
r2-emoa,cifar10,FGSM,760,hv,157809.10555485892,results/r2-emoa/cifar10/2026-09-04_20-19-31_18906049/search/
r2-emoa,cifar10,FGSM,760,hv_acc_2obj,1255.6267999999998,results/r2-emoa/cifar10/2026-09-04_20-19-31_18906049/search/
r2-emoa,cifar10,FGSM,760,r2,0.08719425527362579,results/r2-emoa/cifar10/2026-09-04_20-19-31_18906049/search/
r2-emoa,cifar10,FGSM,760,hv_2obj,52.8846745176961,results/r2-emoa/cifar10/2026-09-04_20-19-31_18906049/search/
r2-emoa,cifar10,FGSM,800,hv,157813.2561898061,results/r2-emoa/cifar10/2026-09-04_20-19-31_18906049/search/
r2-emoa,cifar10,FGSM,800,hv_acc_2obj,1255.6267999999998,results/r2-emoa/cifar10/2026-09-04_20-19-31_18906049/search/
r2-emoa,cifar10,FGSM,800,r2,0.08719425527362579,results/r2-emoa/cifar10/2026-09-04_20-19-31_18906049/search/
r2-emoa,cifar10,FGSM,800,hv_2obj,52.8846745176961,results/r2-emoa/cifar10/2026-09-04_20-19-31_18906049/search/
r2-emoa,cifar10,FGSM,840,hv,157908.63179560183,results/r2-emoa/cifar10/2026-09-04_20-19-31_18906049/search/
r2-emoa,cifar10,FGSM,840,hv_acc_2obj,1279.2987999999998,results/r2-emoa/cifar10/2026-09-04_20-19-31_18906049/search/
r2-emoa,cifar10,FGSM,840,r2,0.08708715559562269,results/r2-emoa/cifar10/2026-09-04_20-19-31_18906049/search/
r2-emoa,cifar10,FGSM,840,hv_2obj,52.914196807221806,results/r2-emoa/cifar10/2026-09-04_20-19-31_18906049/search/
r2-emoa,cifar10,FGSM,880,hv,157911.37282847418,results/r2-emoa/cifar10/2026-09-04_20-19-31_18906049/search/
r2-emoa,cifar10,FGSM,880,hv_acc_2obj,1279.4779999999998,results/r2-emoa/cifar10/2026-09-04_20-19-31_18906049/search/
r2-emoa,cifar10,FGSM,880,r2,0.08708715559562269,results/r2-emoa/cifar10/2026-09-04_20-19-31_18906049/search/
r2-emoa,cifar10,FGSM,880,hv_2obj,52.914196807221806,results/r2-emoa/cifar10/2026-09-04_20-19-31_18906049/search/
r2-emoa,cifar10,FGSM,920,hv,158178.41090702824,results/r2-emoa/cifar10/2026-09-04_20-19-31_18906049/search/
r2-emoa,cifar10,FGSM,920,hv_acc_2obj,1279.5259999999998,results/r2-emoa/cifar10/2026-09-04_20-19-31_18906049/search/
r2-emoa,cifar10,FGSM,920,r2,0.08678247047077045,results/r2-emoa/cifar10/2026-09-04_20-19-31_18906049/search/
r2-emoa,cifar10,FGSM,920,hv_2obj,53.00497019259636,results/r2-emoa/cifar10/2026-09-04_20-19-31_18906049/search/
r2-emoa,cifar10,FGSM,960,hv,158179.1115636282,results/r2-emoa/cifar10/2026-09-04_20-19-31_18906049/search/
r2-emoa,cifar10,FGSM,960,hv_acc_2obj,1279.5259999999998,results/r2-emoa/cifar10/2026-09-04_20-19-31_18906049/search/
r2-emoa,cifar10,FGSM,960,r2,0.08678247047077045,results/r2-emoa/cifar10/2026-09-04_20-19-31_18906049/search/
r2-emoa,cifar10,FGSM,960,hv_2obj,53.00497019259636,results/r2-emoa/cifar10/2026-09-04_20-19-31_18906049/search/
r2-emoa,cifar10,FGSM,1000,hv,158179.6686037195,results/r2-emoa/cifar10/2026-09-04_20-19-31_18906049/search/
r2-emoa,cifar10,FGSM,1000,hv_acc_2obj,1279.5259999999998,results/r2-emoa/cifar10/2026-09-04_20-19-31_18906049/search/
r2-emoa,cifar10,FGSM,1000,r2,0.08678247047077045,results/r2-emoa/cifar10/2026-09-04_20-19-31_18906049/search/
r2-emoa,cifar10,FGSM,1000,hv_2obj,53.00497019259636,results/r2-emoa/cifar10/2026-09-04_20-19-31_18906049/search/
r2-emoa,cifar10,FGSM,1040,hv,158318.1624896187,results/r2-emoa/cifar10/2026-09-04_20-19-31_18906049/search/
r2-emoa,cifar10,FGSM,1040,hv_acc_2obj,1279.5259999999998,results/r2-emoa/cifar10/2026-09-04_20-19-31_18906049/search/
r2-emoa,cifar10,FGSM,1040,r2,0.08678247047077045,results/r2-emoa/cifar10/2026-09-04_20-19-31_18906049/search/
r2-emoa,cifar10,FGSM,1040,hv_2obj,53.00497019259636,results/r2-emoa/cifar10/2026-09-04_20-19-31_18906049/search/
r2-emoa,cifar10,FGSM,1080,hv,158320.91041304282,results/r2-emoa/cifar10/2026-09-04_20-19-31_18906049/search/
r2-emoa,cifar10,FGSM,1080,hv_acc_2obj,1279.5259999999998,results/r2-emoa/cifar10/2026-09-04_20-19-31_18906049/search/
r2-emoa,cifar10,FGSM,1080,r2,0.08678247047077045,results/r2-emoa/cifar10/2026-09-04_20-19-31_18906049/search/
r2-emoa,cifar10,FGSM,1080,hv_2obj,53.00497019259636,results/r2-emoa/cifar10/2026-09-04_20-19-31_18906049/search/
r2-emoa,cifar10,FGSM,1120,hv,158321.85410520702,results/r2-emoa/cifar10/2026-09-04_20-19-31_18906049/search/
r2-emoa,cifar10,FGSM,1120,hv_acc_2obj,1279.5259999999998,results/r2-emoa/cifar10/2026-09-04_20-19-31_18906049/search/
r2-emoa,cifar10,FGSM,1120,r2,0.08678247047077045,results/r2-emoa/cifar10/2026-09-04_20-19-31_18906049/search/
r2-emoa,cifar10,FGSM,1120,hv_2obj,53.004998221311624,results/r2-emoa/cifar10/2026-09-04_20-19-31_18906049/search/
r2-emoa,cifar10,FGSM,1160,hv,158327.6989759198,results/r2-emoa/cifar10/2026-09-04_20-19-31_18906049/search/
r2-emoa,cifar10,FGSM,1160,hv_acc_2obj,1286.5244,results/r2-emoa/cifar10/2026-09-04_20-19-31_18906049/search/
r2-emoa,cifar10,FGSM,1160,r2,0.08678247047077045,results/r2-emoa/cifar10/2026-09-04_20-19-31_18906049/search/
r2-emoa,cifar10,FGSM,1160,hv_2obj,53.004998221311624,results/r2-emoa/cifar10/2026-09-04_20-19-31_18906049/search/
r2-emoa,cifar10,FGSM,1200,hv,158385.84760928256,results/r2-emoa/cifar10/2026-09-04_20-19-31_18906049/search/
r2-emoa,cifar10,FGSM,1200,hv_acc_2obj,1286.5244,results/r2-emoa/cifar10/2026-09-04_20-19-31_18906049/search/
r2-emoa,cifar10,FGSM,1200,r2,0.08671265658217693,results/r2-emoa/cifar10/2026-09-04_20-19-31_18906049/search/
r2-emoa,cifar10,FGSM,1200,hv_2obj,53.02467469681271,results/r2-emoa/cifar10/2026-09-04_20-19-31_18906049/search/
r2-emoa,cifar10,FGSM,1240,hv,158390.46125228624,results/r2-emoa/cifar10/2026-09-04_20-19-31_18906049/search/
r2-emoa,cifar10,FGSM,1240,hv_acc_2obj,1286.5244,results/r2-emoa/cifar10/2026-09-04_20-19-31_18906049/search/
r2-emoa,cifar10,FGSM,1240,r2,0.08671265658217693,results/r2-emoa/cifar10/2026-09-04_20-19-31_18906049/search/
r2-emoa,cifar10,FGSM,1240,hv_2obj,53.02471166683021,results/r2-emoa/cifar10/2026-09-04_20-19-31_18906049/search/
r2-emoa,cifar10,FGSM,40,hv,149838.48143703706,results/r2-emoa/cifar10/2026-09-05_00-54-01_15798821/search/
r2-emoa,cifar10,FGSM,40,hv_acc_2obj,958.1184000000003,results/r2-emoa/cifar10/2026-09-05_00-54-01_15798821/search/
r2-emoa,cifar10,FGSM,40,r2,0.0934756975831316,results/r2-emoa/cifar10/2026-09-05_00-54-01_15798821/search/
r2-emoa,cifar10,FGSM,40,hv_2obj,51.08879872811821,results/r2-emoa/cifar10/2026-09-05_00-54-01_15798821/search/
r2-emoa,cifar10,FGSM,80,hv,150564.84949333634,results/r2-emoa/cifar10/2026-09-05_00-54-01_15798821/search/
r2-emoa,cifar10,FGSM,80,hv_acc_2obj,958.9724000000003,results/r2-emoa/cifar10/2026-09-05_00-54-01_15798821/search/
r2-emoa,cifar10,FGSM,80,r2,0.0934756975831316,results/r2-emoa/cifar10/2026-09-05_00-54-01_15798821/search/
r2-emoa,cifar10,FGSM,80,hv_2obj,51.08879872811821,results/r2-emoa/cifar10/2026-09-05_00-54-01_15798821/search/
r2-emoa,cifar10,FGSM,120,hv,151024.79862782772,results/r2-emoa/cifar10/2026-09-05_00-54-01_15798821/search/
r2-emoa,cifar10,FGSM,120,hv_acc_2obj,992.5648000000001,results/r2-emoa/cifar10/2026-09-05_00-54-01_15798821/search/
r2-emoa,cifar10,FGSM,120,r2,0.09306964777209432,results/r2-emoa/cifar10/2026-09-05_00-54-01_15798821/search/
r2-emoa,cifar10,FGSM,120,hv_2obj,51.20526700816575,results/r2-emoa/cifar10/2026-09-05_00-54-01_15798821/search/
r2-emoa,cifar10,FGSM,160,hv,151578.56295339463,results/r2-emoa/cifar10/2026-09-05_00-54-01_15798821/search/
r2-emoa,cifar10,FGSM,160,hv_acc_2obj,1050.3603999999998,results/r2-emoa/cifar10/2026-09-05_00-54-01_15798821/search/
r2-emoa,cifar10,FGSM,160,r2,0.09238713371601233,results/r2-emoa/cifar10/2026-09-05_00-54-01_15798821/search/
r2-emoa,cifar10,FGSM,160,hv_2obj,51.395721104926544,results/r2-emoa/cifar10/2026-09-05_00-54-01_15798821/search/
r2-emoa,cifar10,FGSM,200,hv,151843.1941742444,results/r2-emoa/cifar10/2026-09-05_00-54-01_15798821/search/
r2-emoa,cifar10,FGSM,200,hv_acc_2obj,1061.424,results/r2-emoa/cifar10/2026-09-05_00-54-01_15798821/search/
r2-emoa,cifar10,FGSM,200,r2,0.09221828168397705,results/r2-emoa/cifar10/2026-09-05_00-54-01_15798821/search/
r2-emoa,cifar10,FGSM,200,hv_2obj,51.444769285371784,results/r2-emoa/cifar10/2026-09-05_00-54-01_15798821/search/
r2-emoa,cifar10,FGSM,240,hv,152698.27214005365,results/r2-emoa/cifar10/2026-09-05_00-54-01_15798821/search/
r2-emoa,cifar10,FGSM,240,hv_acc_2obj,1067.1000000000001,results/r2-emoa/cifar10/2026-09-05_00-54-01_15798821/search/
r2-emoa,cifar10,FGSM,240,r2,0.09150984223580709,results/r2-emoa/cifar10/2026-09-05_00-54-01_15798821/search/
r2-emoa,cifar10,FGSM,240,hv_2obj,51.646562580351386,results/r2-emoa/cifar10/2026-09-05_00-54-01_15798821/search/
r2-emoa,cifar10,FGSM,280,hv,153488.42547566173,results/r2-emoa/cifar10/2026-09-05_00-54-01_15798821/search/
r2-emoa,cifar10,FGSM,280,hv_acc_2obj,1078.8128000000002,results/r2-emoa/cifar10/2026-09-05_00-54-01_15798821/search/
r2-emoa,cifar10,FGSM,280,r2,0.09095461401665841,results/r2-emoa/cifar10/2026-09-05_00-54-01_15798821/search/
r2-emoa,cifar10,FGSM,280,hv_2obj,51.807777377101885,results/r2-emoa/cifar10/2026-09-05_00-54-01_15798821/search/
r2-emoa,cifar10,FGSM,320,hv,153499.74439348828,results/r2-emoa/cifar10/2026-09-05_00-54-01_15798821/search/
r2-emoa,cifar10,FGSM,320,hv_acc_2obj,1078.8128000000002,results/r2-emoa/cifar10/2026-09-05_00-54-01_15798821/search/
r2-emoa,cifar10,FGSM,320,r2,0.09095461401665841,results/r2-emoa/cifar10/2026-09-05_00-54-01_15798821/search/
r2-emoa,cifar10,FGSM,320,hv_2obj,51.807781169948065,results/r2-emoa/cifar10/2026-09-05_00-54-01_15798821/search/
r2-emoa,cifar10,FGSM,360,hv,155032.10630745193,results/r2-emoa/cifar10/2026-09-05_00-54-01_15798821/search/
r2-emoa,cifar10,FGSM,360,hv_acc_2obj,1105.4088000000002,results/r2-emoa/cifar10/2026-09-05_00-54-01_15798821/search/
r2-emoa,cifar10,FGSM,360,r2,0.08931809641989548,results/r2-emoa/cifar10/2026-09-05_00-54-01_15798821/search/
r2-emoa,cifar10,FGSM,360,hv_2obj,52.27154796808012,results/r2-emoa/cifar10/2026-09-05_00-54-01_15798821/search/
r2-emoa,cifar10,FGSM,400,hv,155034.90090910526,results/r2-emoa/cifar10/2026-09-05_00-54-01_15798821/search/
r2-emoa,cifar10,FGSM,400,hv_acc_2obj,1105.4088000000002,results/r2-emoa/cifar10/2026-09-05_00-54-01_15798821/search/
r2-emoa,cifar10,FGSM,400,r2,0.08931809641989548,results/r2-emoa/cifar10/2026-09-05_00-54-01_15798821/search/
r2-emoa,cifar10,FGSM,400,hv_2obj,52.27154796808012,results/r2-emoa/cifar10/2026-09-05_00-54-01_15798821/search/
r2-emoa,cifar10,FGSM,440,hv,155125.32555033098,results/r2-emoa/cifar10/2026-09-05_00-54-01_15798821/search/
r2-emoa,cifar10,FGSM,440,hv_acc_2obj,1116.1000000000001,results/r2-emoa/cifar10/2026-09-05_00-54-01_15798821/search/
r2-emoa,cifar10,FGSM,440,r2,0.08922013888299443,results/r2-emoa/cifar10/2026-09-05_00-54-01_15798821/search/
r2-emoa,cifar10,FGSM,440,hv_2obj,52.299144695072584,results/r2-emoa/cifar10/2026-09-05_00-54-01_15798821/search/
r2-emoa,cifar10,FGSM,480,hv,155799.16421391472,results/r2-emoa/cifar10/2026-09-05_00-54-01_15798821/search/
r2-emoa,cifar10,FGSM,480,hv_acc_2obj,1157.4176000000002,results/r2-emoa/cifar10/2026-09-05_00-54-01_15798821/search/
r2-emoa,cifar10,FGSM,480,r2,0.08858423602499356,results/r2-emoa/cifar10/2026-09-05_00-54-01_15798821/search/
r2-emoa,cifar10,FGSM,480,hv_2obj,52.48114577477172,results/r2-emoa/cifar10/2026-09-05_00-54-01_15798821/search/
r2-emoa,cifar10,FGSM,520,hv,155803.2675014677,results/r2-emoa/cifar10/2026-09-05_00-54-01_15798821/search/
r2-emoa,cifar10,FGSM,520,hv_acc_2obj,1157.4176000000002,results/r2-emoa/cifar10/2026-09-05_00-54-01_15798821/search/
r2-emoa,cifar10,FGSM,520,r2,0.08858423602499356,results/r2-emoa/cifar10/2026-09-05_00-54-01_15798821/search/
r2-emoa,cifar10,FGSM,520,hv_2obj,52.48114577477172,results/r2-emoa/cifar10/2026-09-05_00-54-01_15798821/search/
r2-emoa,cifar10,FGSM,560,hv,156119.72265621315,results/r2-emoa/cifar10/2026-09-05_00-54-01_15798821/search/
r2-emoa,cifar10,FGSM,560,hv_acc_2obj,1157.4176000000002,results/r2-emoa/cifar10/2026-09-05_00-54-01_15798821/search/
r2-emoa,cifar10,FGSM,560,r2,0.08858423602499356,results/r2-emoa/cifar10/2026-09-05_00-54-01_15798821/search/
r2-emoa,cifar10,FGSM,560,hv_2obj,52.48114577477172,results/r2-emoa/cifar10/2026-09-05_00-54-01_15798821/search/
r2-emoa,cifar10,FGSM,600,hv,156129.4877409201,results/r2-emoa/cifar10/2026-09-05_00-54-01_15798821/search/
r2-emoa,cifar10,FGSM,600,hv_acc_2obj,1159.4376000000004,results/r2-emoa/cifar10/2026-09-05_00-54-01_15798821/search/
r2-emoa,cifar10,FGSM,600,r2,0.0885736912255655,results/r2-emoa/cifar10/2026-09-05_00-54-01_15798821/search/
r2-emoa,cifar10,FGSM,600,hv_2obj,52.48329137503345,results/r2-emoa/cifar10/2026-09-05_00-54-01_15798821/search/
r2-emoa,cifar10,FGSM,640,hv,156209.35880442933,results/r2-emoa/cifar10/2026-09-05_00-54-01_15798821/search/
r2-emoa,cifar10,FGSM,640,hv_acc_2obj,1162.6900000000003,results/r2-emoa/cifar10/2026-09-05_00-54-01_15798821/search/
r2-emoa,cifar10,FGSM,640,r2,0.08848417496951613,results/r2-emoa/cifar10/2026-09-05_00-54-01_15798821/search/
r2-emoa,cifar10,FGSM,640,hv_2obj,52.51006983373876,results/r2-emoa/cifar10/2026-09-05_00-54-01_15798821/search/
r2-emoa,cifar10,FGSM,680,hv,156841.36165728114,results/r2-emoa/cifar10/2026-09-05_00-54-01_15798821/search/
r2-emoa,cifar10,FGSM,680,hv_acc_2obj,1191.0848000000003,results/r2-emoa/cifar10/2026-09-05_00-54-01_15798821/search/
r2-emoa,cifar10,FGSM,680,r2,0.08777382313609852,results/r2-emoa/cifar10/2026-09-05_00-54-01_15798821/search/
r2-emoa,cifar10,FGSM,680,hv_2obj,52.71837142429453,results/r2-emoa/cifar10/2026-09-05_00-54-01_15798821/search/
r2-emoa,cifar10,FGSM,720,hv,156995.3821495016,results/r2-emoa/cifar10/2026-09-05_00-54-01_15798821/search/
r2-emoa,cifar10,FGSM,720,hv_acc_2obj,1191.0848000000003,results/r2-emoa/cifar10/2026-09-05_00-54-01_15798821/search/
r2-emoa,cifar10,FGSM,720,r2,0.08777382313609852,results/r2-emoa/cifar10/2026-09-05_00-54-01_15798821/search/
r2-emoa,cifar10,FGSM,720,hv_2obj,52.71837142429453,results/r2-emoa/cifar10/2026-09-05_00-54-01_15798821/search/
r2-emoa,cifar10,FGSM,760,hv,157041.5314121775,results/r2-emoa/cifar10/2026-09-05_00-54-01_15798821/search/
r2-emoa,cifar10,FGSM,760,hv_acc_2obj,1192.5392000000002,results/r2-emoa/cifar10/2026-09-05_00-54-01_15798821/search/
r2-emoa,cifar10,FGSM,760,r2,0.08777382313609852,results/r2-emoa/cifar10/2026-09-05_00-54-01_15798821/search/
r2-emoa,cifar10,FGSM,760,hv_2obj,52.71837142429453,results/r2-emoa/cifar10/2026-09-05_00-54-01_15798821/search/
r2-emoa,cifar10,FGSM,800,hv,157502.65764810497,results/r2-emoa/cifar10/2026-09-05_00-54-01_15798821/search/
r2-emoa,cifar10,FGSM,800,hv_acc_2obj,1196.9196000000002,results/r2-emoa/cifar10/2026-09-05_00-54-01_15798821/search/
r2-emoa,cifar10,FGSM,800,r2,0.08743636794460209,results/r2-emoa/cifar10/2026-09-05_00-54-01_15798821/search/
r2-emoa,cifar10,FGSM,800,hv_2obj,52.81534497312406,results/r2-emoa/cifar10/2026-09-05_00-54-01_15798821/search/
r2-emoa,cifar10,FGSM,840,hv,157503.21017837463,results/r2-emoa/cifar10/2026-09-05_00-54-01_15798821/search/
r2-emoa,cifar10,FGSM,840,hv_acc_2obj,1196.9196000000002,results/r2-emoa/cifar10/2026-09-05_00-54-01_15798821/search/
r2-emoa,cifar10,FGSM,840,r2,0.08743636794460209,results/r2-emoa/cifar10/2026-09-05_00-54-01_15798821/search/
r2-emoa,cifar10,FGSM,840,hv_2obj,52.81534497312406,results/r2-emoa/cifar10/2026-09-05_00-54-01_15798821/search/
r2-emoa,cifar10,FGSM,880,hv,157869.25147997704,results/r2-emoa/cifar10/2026-09-05_00-54-01_15798821/search/
r2-emoa,cifar10,FGSM,880,hv_acc_2obj,1198.0628000000002,results/r2-emoa/cifar10/2026-09-05_00-54-01_15798821/search/
r2-emoa,cifar10,FGSM,880,r2,0.08701576950105078,results/r2-emoa/cifar10/2026-09-05_00-54-01_15798821/search/
r2-emoa,cifar10,FGSM,880,hv_2obj,52.938161876998365,results/r2-emoa/cifar10/2026-09-05_00-54-01_15798821/search/
r2-emoa,cifar10,FGSM,920,hv,157870.092633626,results/r2-emoa/cifar10/2026-09-05_00-54-01_15798821/search/
r2-emoa,cifar10,FGSM,920,hv_acc_2obj,1198.0628000000002,results/r2-emoa/cifar10/2026-09-05_00-54-01_15798821/search/
r2-emoa,cifar10,FGSM,920,r2,0.08701576950105078,results/r2-emoa/cifar10/2026-09-05_00-54-01_15798821/search/
r2-emoa,cifar10,FGSM,920,hv_2obj,52.938161876998365,results/r2-emoa/cifar10/2026-09-05_00-54-01_15798821/search/
r2-emoa,cifar10,FGSM,960,hv,157873.93085104125,results/r2-emoa/cifar10/2026-09-05_00-54-01_15798821/search/
r2-emoa,cifar10,FGSM,960,hv_acc_2obj,1198.0628000000002,results/r2-emoa/cifar10/2026-09-05_00-54-01_15798821/search/
r2-emoa,cifar10,FGSM,960,r2,0.08701576950105078,results/r2-emoa/cifar10/2026-09-05_00-54-01_15798821/search/
r2-emoa,cifar10,FGSM,960,hv_2obj,52.938161876998365,results/r2-emoa/cifar10/2026-09-05_00-54-01_15798821/search/
r2-emoa,cifar10,FGSM,1000,hv,157876.57816693088,results/r2-emoa/cifar10/2026-09-05_00-54-01_15798821/search/
r2-emoa,cifar10,FGSM,1000,hv_acc_2obj,1198.0628000000002,results/r2-emoa/cifar10/2026-09-05_00-54-01_15798821/search/
r2-emoa,cifar10,FGSM,1000,r2,0.08701576950105078,results/r2-emoa/cifar10/2026-09-05_00-54-01_15798821/search/
r2-emoa,cifar10,FGSM,1000,hv_2obj,52.938161876998365,results/r2-emoa/cifar10/2026-09-05_00-54-01_15798821/search/
r2-emoa,cifar10,FGSM,1040,hv,157887.08557945048,results/r2-emoa/cifar10/2026-09-05_00-54-01_15798821/search/
r2-emoa,cifar10,FGSM,1040,hv_acc_2obj,1198.9088000000004,results/r2-emoa/cifar10/2026-09-05_00-54-01_15798821/search/
r2-emoa,cifar10,FGSM,1040,r2,0.08698954274045836,results/r2-emoa/cifar10/2026-09-05_00-54-01_15798821/search/
r2-emoa,cifar10,FGSM,1040,hv_2obj,52.94156179938786,results/r2-emoa/cifar10/2026-09-05_00-54-01_15798821/search/
r2-emoa,cifar10,FGSM,1080,hv,157887.30163771936,results/r2-emoa/cifar10/2026-09-05_00-54-01_15798821/search/
r2-emoa,cifar10,FGSM,1080,hv_acc_2obj,1198.9088000000004,results/r2-emoa/cifar10/2026-09-05_00-54-01_15798821/search/
r2-emoa,cifar10,FGSM,1080,r2,0.08698954274045836,results/r2-emoa/cifar10/2026-09-05_00-54-01_15798821/search/
r2-emoa,cifar10,FGSM,1080,hv_2obj,52.94156179938786,results/r2-emoa/cifar10/2026-09-05_00-54-01_15798821/search/
r2-emoa,cifar10,FGSM,1120,hv,158024.6676343675,results/r2-emoa/cifar10/2026-09-05_00-54-01_15798821/search/
r2-emoa,cifar10,FGSM,1120,hv_acc_2obj,1199.2288000000003,results/r2-emoa/cifar10/2026-09-05_00-54-01_15798821/search/
r2-emoa,cifar10,FGSM,1120,r2,0.08698954274045836,results/r2-emoa/cifar10/2026-09-05_00-54-01_15798821/search/
r2-emoa,cifar10,FGSM,1120,hv_2obj,52.941599780215256,results/r2-emoa/cifar10/2026-09-05_00-54-01_15798821/search/
r2-emoa,cifar10,FGSM,1160,hv,158028.1772808708,results/r2-emoa/cifar10/2026-09-05_00-54-01_15798821/search/
r2-emoa,cifar10,FGSM,1160,hv_acc_2obj,1199.2288000000003,results/r2-emoa/cifar10/2026-09-05_00-54-01_15798821/search/
r2-emoa,cifar10,FGSM,1160,r2,0.08698954274045836,results/r2-emoa/cifar10/2026-09-05_00-54-01_15798821/search/
r2-emoa,cifar10,FGSM,1160,hv_2obj,52.942036442467504,results/r2-emoa/cifar10/2026-09-05_00-54-01_15798821/search/
r2-emoa,cifar10,FGSM,1200,hv,158137.3216058886,results/r2-emoa/cifar10/2026-09-05_00-54-01_15798821/search/
r2-emoa,cifar10,FGSM,1200,hv_acc_2obj,1199.2288000000003,results/r2-emoa/cifar10/2026-09-05_00-54-01_15798821/search/
r2-emoa,cifar10,FGSM,1200,r2,0.08698954274045836,results/r2-emoa/cifar10/2026-09-05_00-54-01_15798821/search/
r2-emoa,cifar10,FGSM,1200,hv_2obj,52.942036442467504,results/r2-emoa/cifar10/2026-09-05_00-54-01_15798821/search/
r2-emoa,cifar10,FGSM,1240,hv,158239.31088399218,results/r2-emoa/cifar10/2026-09-05_00-54-01_15798821/search/
r2-emoa,cifar10,FGSM,1240,hv_acc_2obj,1199.2288000000003,results/r2-emoa/cifar10/2026-09-05_00-54-01_15798821/search/
r2-emoa,cifar10,FGSM,1240,r2,0.08698954274045836,results/r2-emoa/cifar10/2026-09-05_00-54-01_15798821/search/
r2-emoa,cifar10,FGSM,1240,hv_2obj,52.942036442467504,results/r2-emoa/cifar10/2026-09-05_00-54-01_15798821/search/
r2-emoa,cifar10,FGSM,40,hv,148306.5477384674,results/r2-emoa/cifar10/2026-09-05_05-24-57_65381509/search/
r2-emoa,cifar10,FGSM,40,hv_acc_2obj,859.0700000000004,results/r2-emoa/cifar10/2026-09-05_05-24-57_65381509/search/
r2-emoa,cifar10,FGSM,40,r2,0.09539331681685817,results/r2-emoa/cifar10/2026-09-05_05-24-57_65381509/search/
r2-emoa,cifar10,FGSM,40,hv_2obj,50.54839288109329,results/r2-emoa/cifar10/2026-09-05_05-24-57_65381509/search/
r2-emoa,cifar10,FGSM,80,hv,152025.14792943667,results/r2-emoa/cifar10/2026-09-05_05-24-57_65381509/search/
r2-emoa,cifar10,FGSM,80,hv_acc_2obj,926.1559999999997,results/r2-emoa/cifar10/2026-09-05_05-24-57_65381509/search/
r2-emoa,cifar10,FGSM,80,r2,0.09139624268329748,results/r2-emoa/cifar10/2026-09-05_05-24-57_65381509/search/
r2-emoa,cifar10,FGSM,80,hv_2obj,51.680976778073074,results/r2-emoa/cifar10/2026-09-05_05-24-57_65381509/search/
r2-emoa,cifar10,FGSM,120,hv,152212.9248442513,results/r2-emoa/cifar10/2026-09-05_05-24-57_65381509/search/
r2-emoa,cifar10,FGSM,120,hv_acc_2obj,950.3255999999998,results/r2-emoa/cifar10/2026-09-05_05-24-57_65381509/search/
r2-emoa,cifar10,FGSM,120,r2,0.09139624268329748,results/r2-emoa/cifar10/2026-09-05_05-24-57_65381509/search/
r2-emoa,cifar10,FGSM,120,hv_2obj,51.680976778073074,results/r2-emoa/cifar10/2026-09-05_05-24-57_65381509/search/
r2-emoa,cifar10,FGSM,160,hv,152240.871153278,results/r2-emoa/cifar10/2026-09-05_05-24-57_65381509/search/
r2-emoa,cifar10,FGSM,160,hv_acc_2obj,977.6712,results/r2-emoa/cifar10/2026-09-05_05-24-57_65381509/search/
r2-emoa,cifar10,FGSM,160,r2,0.09139624268329748,results/r2-emoa/cifar10/2026-09-05_05-24-57_65381509/search/
r2-emoa,cifar10,FGSM,160,hv_2obj,51.680976778073074,results/r2-emoa/cifar10/2026-09-05_05-24-57_65381509/search/
r2-emoa,cifar10,FGSM,200,hv,153224.19232563992,results/r2-emoa/cifar10/2026-09-05_05-24-57_65381509/search/
r2-emoa,cifar10,FGSM,200,hv_acc_2obj,1006.8924000000001,results/r2-emoa/cifar10/2026-09-05_05-24-57_65381509/search/
r2-emoa,cifar10,FGSM,200,r2,0.09101385095656697,results/r2-emoa/cifar10/2026-09-05_05-24-57_65381509/search/
r2-emoa,cifar10,FGSM,200,hv_2obj,51.7879881344752,results/r2-emoa/cifar10/2026-09-05_05-24-57_65381509/search/
r2-emoa,cifar10,FGSM,240,hv,154123.5747927769,results/r2-emoa/cifar10/2026-09-05_05-24-57_65381509/search/
r2-emoa,cifar10,FGSM,240,hv_acc_2obj,1006.8952000000002,results/r2-emoa/cifar10/2026-09-05_05-24-57_65381509/search/
r2-emoa,cifar10,FGSM,240,r2,0.09101385095656697,results/r2-emoa/cifar10/2026-09-05_05-24-57_65381509/search/
r2-emoa,cifar10,FGSM,240,hv_2obj,51.7879881344752,results/r2-emoa/cifar10/2026-09-05_05-24-57_65381509/search/
r2-emoa,cifar10,FGSM,280,hv,154132.09869772408,results/r2-emoa/cifar10/2026-09-05_05-24-57_65381509/search/
r2-emoa,cifar10,FGSM,280,hv_acc_2obj,1019.0088,results/r2-emoa/cifar10/2026-09-05_05-24-57_65381509/search/
r2-emoa,cifar10,FGSM,280,r2,0.09101385095656697,results/r2-emoa/cifar10/2026-09-05_05-24-57_65381509/search/
r2-emoa,cifar10,FGSM,280,hv_2obj,51.7879881344752,results/r2-emoa/cifar10/2026-09-05_05-24-57_65381509/search/
r2-emoa,cifar10,FGSM,320,hv,154588.88594785857,results/r2-emoa/cifar10/2026-09-05_05-24-57_65381509/search/
r2-emoa,cifar10,FGSM,320,hv_acc_2obj,1032.2248000000002,results/r2-emoa/cifar10/2026-09-05_05-24-57_65381509/search/
r2-emoa,cifar10,FGSM,320,r2,0.09052010155424028,results/r2-emoa/cifar10/2026-09-05_05-24-57_65381509/search/
r2-emoa,cifar10,FGSM,320,hv_2obj,51.934853287646156,results/r2-emoa/cifar10/2026-09-05_05-24-57_65381509/search/
r2-emoa,cifar10,FGSM,360,hv,154606.0413983131,results/r2-emoa/cifar10/2026-09-05_05-24-57_65381509/search/
r2-emoa,cifar10,FGSM,360,hv_acc_2obj,1032.6512,results/r2-emoa/cifar10/2026-09-05_05-24-57_65381509/search/
r2-emoa,cifar10,FGSM,360,r2,0.09052010155424028,results/r2-emoa/cifar10/2026-09-05_05-24-57_65381509/search/
r2-emoa,cifar10,FGSM,360,hv_2obj,51.934853287646156,results/r2-emoa/cifar10/2026-09-05_05-24-57_65381509/search/
r2-emoa,cifar10,FGSM,400,hv,155007.7158699958,results/r2-emoa/cifar10/2026-09-05_05-24-57_65381509/search/
r2-emoa,cifar10,FGSM,400,hv_acc_2obj,1057.5828000000001,results/r2-emoa/cifar10/2026-09-05_05-24-57_65381509/search/
r2-emoa,cifar10,FGSM,400,r2,0.09021957175552564,results/r2-emoa/cifar10/2026-09-05_05-24-57_65381509/search/
r2-emoa,cifar10,FGSM,400,hv_2obj,52.018614581691835,results/r2-emoa/cifar10/2026-09-05_05-24-57_65381509/search/
r2-emoa,cifar10,FGSM,440,hv,155010.2820887621,results/r2-emoa/cifar10/2026-09-05_05-24-57_65381509/search/
r2-emoa,cifar10,FGSM,440,hv_acc_2obj,1090.4396000000002,results/r2-emoa/cifar10/2026-09-05_05-24-57_65381509/search/
r2-emoa,cifar10,FGSM,440,r2,0.0902096472874184,results/r2-emoa/cifar10/2026-09-05_05-24-57_65381509/search/
r2-emoa,cifar10,FGSM,440,hv_2obj,52.01920421203115,results/r2-emoa/cifar10/2026-09-05_05-24-57_65381509/search/
r2-emoa,cifar10,FGSM,480,hv,155013.53998018993,results/r2-emoa/cifar10/2026-09-05_05-24-57_65381509/search/
r2-emoa,cifar10,FGSM,480,hv_acc_2obj,1090.4396000000002,results/r2-emoa/cifar10/2026-09-05_05-24-57_65381509/search/
r2-emoa,cifar10,FGSM,480,r2,0.09020505139769931,results/r2-emoa/cifar10/2026-09-05_05-24-57_65381509/search/
r2-emoa,cifar10,FGSM,480,hv_2obj,52.01950087107864,results/r2-emoa/cifar10/2026-09-05_05-24-57_65381509/search/
r2-emoa,cifar10,FGSM,520,hv,155513.8845883461,results/r2-emoa/cifar10/2026-09-05_05-24-57_65381509/search/
r2-emoa,cifar10,FGSM,520,hv_acc_2obj,1100.1888,results/r2-emoa/cifar10/2026-09-05_05-24-57_65381509/search/
r2-emoa,cifar10,FGSM,520,r2,0.08962706721682273,results/r2-emoa/cifar10/2026-09-05_05-24-57_65381509/search/
r2-emoa,cifar10,FGSM,520,hv_2obj,52.18422321346514,results/r2-emoa/cifar10/2026-09-05_05-24-57_65381509/search/
r2-emoa,cifar10,FGSM,560,hv,155517.70855782006,results/r2-emoa/cifar10/2026-09-05_05-24-57_65381509/search/
r2-emoa,cifar10,FGSM,560,hv_acc_2obj,1104.1484,results/r2-emoa/cifar10/2026-09-05_05-24-57_65381509/search/
r2-emoa,cifar10,FGSM,560,r2,0.08961826591669161,results/r2-emoa/cifar10/2026-09-05_05-24-57_65381509/search/
r2-emoa,cifar10,FGSM,560,hv_2obj,52.184941280576695,results/r2-emoa/cifar10/2026-09-05_05-24-57_65381509/search/
r2-emoa,cifar10,FGSM,600,hv,156390.66108990213,results/r2-emoa/cifar10/2026-09-05_05-24-57_65381509/search/
r2-emoa,cifar10,FGSM,600,hv_acc_2obj,1105.3124,results/r2-emoa/cifar10/2026-09-05_05-24-57_65381509/search/
r2-emoa,cifar10,FGSM,600,r2,0.08898525574582465,results/r2-emoa/cifar10/2026-09-05_05-24-57_65381509/search/
r2-emoa,cifar10,FGSM,600,hv_2obj,52.3669988477715,results/r2-emoa/cifar10/2026-09-05_05-24-57_65381509/search/
r2-emoa,cifar10,FGSM,640,hv,156395.0766092172,results/r2-emoa/cifar10/2026-09-05_05-24-57_65381509/search/
r2-emoa,cifar10,FGSM,640,hv_acc_2obj,1105.3124,results/r2-emoa/cifar10/2026-09-05_05-24-57_65381509/search/
r2-emoa,cifar10,FGSM,640,r2,0.08898525574582465,results/r2-emoa/cifar10/2026-09-05_05-24-57_65381509/search/
r2-emoa,cifar10,FGSM,640,hv_2obj,52.3669988477715,results/r2-emoa/cifar10/2026-09-05_05-24-57_65381509/search/
r2-emoa,cifar10,FGSM,680,hv,156413.57903820352,results/r2-emoa/cifar10/2026-09-05_05-24-57_65381509/search/
r2-emoa,cifar10,FGSM,680,hv_acc_2obj,1105.3124,results/r2-emoa/cifar10/2026-09-05_05-24-57_65381509/search/
r2-emoa,cifar10,FGSM,680,r2,0.08898525574582465,results/r2-emoa/cifar10/2026-09-05_05-24-57_65381509/search/
r2-emoa,cifar10,FGSM,680,hv_2obj,52.3669988477715,results/r2-emoa/cifar10/2026-09-05_05-24-57_65381509/search/
r2-emoa,cifar10,FGSM,720,hv,156414.71092217392,results/r2-emoa/cifar10/2026-09-05_05-24-57_65381509/search/
r2-emoa,cifar10,FGSM,720,hv_acc_2obj,1108.7912,results/r2-emoa/cifar10/2026-09-05_05-24-57_65381509/search/
r2-emoa,cifar10,FGSM,720,r2,0.08898525574582465,results/r2-emoa/cifar10/2026-09-05_05-24-57_65381509/search/
r2-emoa,cifar10,FGSM,720,hv_2obj,52.3669988477715,results/r2-emoa/cifar10/2026-09-05_05-24-57_65381509/search/
r2-emoa,cifar10,FGSM,760,hv,156430.25843779722,results/r2-emoa/cifar10/2026-09-05_05-24-57_65381509/search/
r2-emoa,cifar10,FGSM,760,hv_acc_2obj,1127.8471999999997,results/r2-emoa/cifar10/2026-09-05_05-24-57_65381509/search/
r2-emoa,cifar10,FGSM,760,r2,0.08898525574582465,results/r2-emoa/cifar10/2026-09-05_05-24-57_65381509/search/
r2-emoa,cifar10,FGSM,760,hv_2obj,52.3669988477715,results/r2-emoa/cifar10/2026-09-05_05-24-57_65381509/search/
r2-emoa,cifar10,FGSM,800,hv,156437.61279373392,results/r2-emoa/cifar10/2026-09-05_05-24-57_65381509/search/
r2-emoa,cifar10,FGSM,800,hv_acc_2obj,1127.8471999999997,results/r2-emoa/cifar10/2026-09-05_05-24-57_65381509/search/
r2-emoa,cifar10,FGSM,800,r2,0.08898525574582465,results/r2-emoa/cifar10/2026-09-05_05-24-57_65381509/search/
r2-emoa,cifar10,FGSM,800,hv_2obj,52.3669988477715,results/r2-emoa/cifar10/2026-09-05_05-24-57_65381509/search/
r2-emoa,cifar10,FGSM,840,hv,156438.96726860414,results/r2-emoa/cifar10/2026-09-05_05-24-57_65381509/search/
r2-emoa,cifar10,FGSM,840,hv_acc_2obj,1128.2035999999998,results/r2-emoa/cifar10/2026-09-05_05-24-57_65381509/search/
r2-emoa,cifar10,FGSM,840,r2,0.08898525574582465,results/r2-emoa/cifar10/2026-09-05_05-24-57_65381509/search/
r2-emoa,cifar10,FGSM,840,hv_2obj,52.3669988477715,results/r2-emoa/cifar10/2026-09-05_05-24-57_65381509/search/
r2-emoa,cifar10,FGSM,880,hv,156640.3442208069,results/r2-emoa/cifar10/2026-09-05_05-24-57_65381509/search/
r2-emoa,cifar10,FGSM,880,hv_acc_2obj,1128.2035999999998,results/r2-emoa/cifar10/2026-09-05_05-24-57_65381509/search/
r2-emoa,cifar10,FGSM,880,r2,0.08898525574582465,results/r2-emoa/cifar10/2026-09-05_05-24-57_65381509/search/
r2-emoa,cifar10,FGSM,880,hv_2obj,52.3669988477715,results/r2-emoa/cifar10/2026-09-05_05-24-57_65381509/search/
r2-emoa,cifar10,FGSM,920,hv,157191.52459600885,results/r2-emoa/cifar10/2026-09-05_05-24-57_65381509/search/
r2-emoa,cifar10,FGSM,920,hv_acc_2obj,1180.2380000000003,results/r2-emoa/cifar10/2026-09-05_05-24-57_65381509/search/
r2-emoa,cifar10,FGSM,920,r2,0.08831584195616973,results/r2-emoa/cifar10/2026-09-05_05-24-57_65381509/search/
r2-emoa,cifar10,FGSM,920,hv_2obj,52.55528792046676,results/r2-emoa/cifar10/2026-09-05_05-24-57_65381509/search/
r2-emoa,cifar10,FGSM,960,hv,157191.99387940404,results/r2-emoa/cifar10/2026-09-05_05-24-57_65381509/search/
r2-emoa,cifar10,FGSM,960,hv_acc_2obj,1180.2380000000003,results/r2-emoa/cifar10/2026-09-05_05-24-57_65381509/search/
r2-emoa,cifar10,FGSM,960,r2,0.08831584195616973,results/r2-emoa/cifar10/2026-09-05_05-24-57_65381509/search/
r2-emoa,cifar10,FGSM,960,hv_2obj,52.55528792046676,results/r2-emoa/cifar10/2026-09-05_05-24-57_65381509/search/
r2-emoa,cifar10,FGSM,1000,hv,157200.47959318312,results/r2-emoa/cifar10/2026-09-05_05-24-57_65381509/search/
r2-emoa,cifar10,FGSM,1000,hv_acc_2obj,1180.2380000000003,results/r2-emoa/cifar10/2026-09-05_05-24-57_65381509/search/
r2-emoa,cifar10,FGSM,1000,r2,0.08831584195616973,results/r2-emoa/cifar10/2026-09-05_05-24-57_65381509/search/
r2-emoa,cifar10,FGSM,1000,hv_2obj,52.55528792046676,results/r2-emoa/cifar10/2026-09-05_05-24-57_65381509/search/
r2-emoa,cifar10,FGSM,1040,hv,157206.06161103366,results/r2-emoa/cifar10/2026-09-05_05-24-57_65381509/search/
r2-emoa,cifar10,FGSM,1040,hv_acc_2obj,1180.2380000000003,results/r2-emoa/cifar10/2026-09-05_05-24-57_65381509/search/
r2-emoa,cifar10,FGSM,1040,r2,0.08831584195616973,results/r2-emoa/cifar10/2026-09-05_05-24-57_65381509/search/
r2-emoa,cifar10,FGSM,1040,hv_2obj,52.55528792046676,results/r2-emoa/cifar10/2026-09-05_05-24-57_65381509/search/
r2-emoa,cifar10,FGSM,1080,hv,157206.86644301636,results/r2-emoa/cifar10/2026-09-05_05-24-57_65381509/search/
r2-emoa,cifar10,FGSM,1080,hv_acc_2obj,1194.5740000000003,results/r2-emoa/cifar10/2026-09-05_05-24-57_65381509/search/
r2-emoa,cifar10,FGSM,1080,r2,0.08831584195616973,results/r2-emoa/cifar10/2026-09-05_05-24-57_65381509/search/
r2-emoa,cifar10,FGSM,1080,hv_2obj,52.55528792046676,results/r2-emoa/cifar10/2026-09-05_05-24-57_65381509/search/
r2-emoa,cifar10,FGSM,1120,hv,157206.8674373295,results/r2-emoa/cifar10/2026-09-05_05-24-57_65381509/search/
r2-emoa,cifar10,FGSM,1120,hv_acc_2obj,1194.5740000000003,results/r2-emoa/cifar10/2026-09-05_05-24-57_65381509/search/
r2-emoa,cifar10,FGSM,1120,r2,0.08831584195616973,results/r2-emoa/cifar10/2026-09-05_05-24-57_65381509/search/
r2-emoa,cifar10,FGSM,1120,hv_2obj,52.55528792046676,results/r2-emoa/cifar10/2026-09-05_05-24-57_65381509/search/
r2-emoa,cifar10,FGSM,1160,hv,157206.99652896175,results/r2-emoa/cifar10/2026-09-05_05-24-57_65381509/search/
r2-emoa,cifar10,FGSM,1160,hv_acc_2obj,1194.5740000000003,results/r2-emoa/cifar10/2026-09-05_05-24-57_65381509/search/
r2-emoa,cifar10,FGSM,1160,r2,0.08831584195616973,results/r2-emoa/cifar10/2026-09-05_05-24-57_65381509/search/
r2-emoa,cifar10,FGSM,1160,hv_2obj,52.55528792046676,results/r2-emoa/cifar10/2026-09-05_05-24-57_65381509/search/
r2-emoa,cifar10,FGSM,1200,hv,157207.41530966014,results/r2-emoa/cifar10/2026-09-05_05-24-57_65381509/search/
r2-emoa,cifar10,FGSM,1200,hv_acc_2obj,1194.5740000000003,results/r2-emoa/cifar10/2026-09-05_05-24-57_65381509/search/
r2-emoa,cifar10,FGSM,1200,r2,0.08831584195616973,results/r2-emoa/cifar10/2026-09-05_05-24-57_65381509/search/
r2-emoa,cifar10,FGSM,1200,hv_2obj,52.55528792046676,results/r2-emoa/cifar10/2026-09-05_05-24-57_65381509/search/
r2-emoa,cifar10,FGSM,1240,hv,157207.4759746867,results/r2-emoa/cifar10/2026-09-05_05-24-57_65381509/search/
r2-emoa,cifar10,FGSM,1240,hv_acc_2obj,1195.9756000000002,results/r2-emoa/cifar10/2026-09-05_05-24-57_65381509/search/
r2-emoa,cifar10,FGSM,1240,r2,0.08831584195616973,results/r2-emoa/cifar10/2026-09-05_05-24-57_65381509/search/
r2-emoa,cifar10,FGSM,1240,hv_2obj,52.55528792046676,results/r2-emoa/cifar10/2026-09-05_05-24-57_65381509/search/
r2-emoa,cifar10,FGSM,40,hv,151142.73463395605,results/r2-emoa/cifar10/2026-09-05_09-46-19_27293207/search/
r2-emoa,cifar10,FGSM,40,hv_acc_2obj,962.5796000000001,results/r2-emoa/cifar10/2026-09-05_09-46-19_27293207/search/
r2-emoa,cifar10,FGSM,40,r2,0.09192863563913788,results/r2-emoa/cifar10/2026-09-05_09-46-19_27293207/search/
r2-emoa,cifar10,FGSM,40,hv_2obj,51.53060319631426,results/r2-emoa/cifar10/2026-09-05_09-46-19_27293207/search/
r2-emoa,cifar10,FGSM,80,hv,151618.11881254267,results/r2-emoa/cifar10/2026-09-05_09-46-19_27293207/search/
r2-emoa,cifar10,FGSM,80,hv_acc_2obj,963.5572000000004,results/r2-emoa/cifar10/2026-09-05_09-46-19_27293207/search/
r2-emoa,cifar10,FGSM,80,r2,0.09192863563913788,results/r2-emoa/cifar10/2026-09-05_09-46-19_27293207/search/
r2-emoa,cifar10,FGSM,80,hv_2obj,51.53060319631426,results/r2-emoa/cifar10/2026-09-05_09-46-19_27293207/search/
r2-emoa,cifar10,FGSM,120,hv,152943.6891236813,results/r2-emoa/cifar10/2026-09-05_09-46-19_27293207/search/
r2-emoa,cifar10,FGSM,120,hv_acc_2obj,1054.3239999999998,results/r2-emoa/cifar10/2026-09-05_09-46-19_27293207/search/
r2-emoa,cifar10,FGSM,120,r2,0.09028975191839347,results/r2-emoa/cifar10/2026-09-05_09-46-19_27293207/search/
r2-emoa,cifar10,FGSM,120,hv_2obj,51.9920760070057,results/r2-emoa/cifar10/2026-09-05_09-46-19_27293207/search/
r2-emoa,cifar10,FGSM,160,hv,153190.7641749248,results/r2-emoa/cifar10/2026-09-05_09-46-19_27293207/search/
r2-emoa,cifar10,FGSM,160,hv_acc_2obj,1054.3239999999998,results/r2-emoa/cifar10/2026-09-05_09-46-19_27293207/search/
r2-emoa,cifar10,FGSM,160,r2,0.09028975191839347,results/r2-emoa/cifar10/2026-09-05_09-46-19_27293207/search/
r2-emoa,cifar10,FGSM,160,hv_2obj,51.9920760070057,results/r2-emoa/cifar10/2026-09-05_09-46-19_27293207/search/
r2-emoa,cifar10,FGSM,200,hv,154798.5795844204,results/r2-emoa/cifar10/2026-09-05_09-46-19_27293207/search/
r2-emoa,cifar10,FGSM,200,hv_acc_2obj,1068.8811999999998,results/r2-emoa/cifar10/2026-09-05_09-46-19_27293207/search/
r2-emoa,cifar10,FGSM,200,r2,0.08919026972339035,results/r2-emoa/cifar10/2026-09-05_09-46-19_27293207/search/
r2-emoa,cifar10,FGSM,200,hv_2obj,52.31344080378486,results/r2-emoa/cifar10/2026-09-05_09-46-19_27293207/search/
r2-emoa,cifar10,FGSM,240,hv,154900.1164060915,results/r2-emoa/cifar10/2026-09-05_09-46-19_27293207/search/
r2-emoa,cifar10,FGSM,240,hv_acc_2obj,1095.9851999999998,results/r2-emoa/cifar10/2026-09-05_09-46-19_27293207/search/
r2-emoa,cifar10,FGSM,240,r2,0.08919026972339035,results/r2-emoa/cifar10/2026-09-05_09-46-19_27293207/search/
r2-emoa,cifar10,FGSM,240,hv_2obj,52.31344080378486,results/r2-emoa/cifar10/2026-09-05_09-46-19_27293207/search/
r2-emoa,cifar10,FGSM,280,hv,154928.02989476212,results/r2-emoa/cifar10/2026-09-05_09-46-19_27293207/search/
r2-emoa,cifar10,FGSM,280,hv_acc_2obj,1098.542,results/r2-emoa/cifar10/2026-09-05_09-46-19_27293207/search/
r2-emoa,cifar10,FGSM,280,r2,0.08919026972339035,results/r2-emoa/cifar10/2026-09-05_09-46-19_27293207/search/
r2-emoa,cifar10,FGSM,280,hv_2obj,52.31344080378486,results/r2-emoa/cifar10/2026-09-05_09-46-19_27293207/search/
r2-emoa,cifar10,FGSM,320,hv,154934.73788473444,results/r2-emoa/cifar10/2026-09-05_09-46-19_27293207/search/
r2-emoa,cifar10,FGSM,320,hv_acc_2obj,1098.542,results/r2-emoa/cifar10/2026-09-05_09-46-19_27293207/search/
r2-emoa,cifar10,FGSM,320,r2,0.08919026972339035,results/r2-emoa/cifar10/2026-09-05_09-46-19_27293207/search/
r2-emoa,cifar10,FGSM,320,hv_2obj,52.31344080378486,results/r2-emoa/cifar10/2026-09-05_09-46-19_27293207/search/
r2-emoa,cifar10,FGSM,360,hv,154939.78116249075,results/r2-emoa/cifar10/2026-09-05_09-46-19_27293207/search/
r2-emoa,cifar10,FGSM,360,hv_acc_2obj,1098.542,results/r2-emoa/cifar10/2026-09-05_09-46-19_27293207/search/
r2-emoa,cifar10,FGSM,360,r2,0.08919026972339035,results/r2-emoa/cifar10/2026-09-05_09-46-19_27293207/search/
r2-emoa,cifar10,FGSM,360,hv_2obj,52.31344080378486,results/r2-emoa/cifar10/2026-09-05_09-46-19_27293207/search/
r2-emoa,cifar10,FGSM,400,hv,155535.6107033569,results/r2-emoa/cifar10/2026-09-05_09-46-19_27293207/search/
r2-emoa,cifar10,FGSM,400,hv_acc_2obj,1132.2791999999997,results/r2-emoa/cifar10/2026-09-05_09-46-19_27293207/search/
r2-emoa,cifar10,FGSM,400,r2,0.08872601199176836,results/r2-emoa/cifar10/2026-09-05_09-46-19_27293207/search/
r2-emoa,cifar10,FGSM,400,hv_2obj,52.44639504518622,results/r2-emoa/cifar10/2026-09-05_09-46-19_27293207/search/
r2-emoa,cifar10,FGSM,440,hv,156103.02013979084,results/r2-emoa/cifar10/2026-09-05_09-46-19_27293207/search/
r2-emoa,cifar10,FGSM,440,hv_acc_2obj,1163.0311999999997,results/r2-emoa/cifar10/2026-09-05_09-46-19_27293207/search/
r2-emoa,cifar10,FGSM,440,r2,0.08806875361930877,results/r2-emoa/cifar10/2026-09-05_09-46-19_27293207/search/
r2-emoa,cifar10,FGSM,440,hv_2obj,52.63367395746315,results/r2-emoa/cifar10/2026-09-05_09-46-19_27293207/search/
r2-emoa,cifar10,FGSM,480,hv,156116.83402663207,results/r2-emoa/cifar10/2026-09-05_09-46-19_27293207/search/
r2-emoa,cifar10,FGSM,480,hv_acc_2obj,1163.0311999999997,results/r2-emoa/cifar10/2026-09-05_09-46-19_27293207/search/
r2-emoa,cifar10,FGSM,480,r2,0.08806875361930877,results/r2-emoa/cifar10/2026-09-05_09-46-19_27293207/search/
r2-emoa,cifar10,FGSM,480,hv_2obj,52.63367395746315,results/r2-emoa/cifar10/2026-09-05_09-46-19_27293207/search/
r2-emoa,cifar10,FGSM,520,hv,156132.4039009221,results/r2-emoa/cifar10/2026-09-05_09-46-19_27293207/search/
r2-emoa,cifar10,FGSM,520,hv_acc_2obj,1163.0311999999997,results/r2-emoa/cifar10/2026-09-05_09-46-19_27293207/search/
r2-emoa,cifar10,FGSM,520,r2,0.08805652993020285,results/r2-emoa/cifar10/2026-09-05_09-46-19_27293207/search/
r2-emoa,cifar10,FGSM,520,hv_2obj,52.63429108684447,results/r2-emoa/cifar10/2026-09-05_09-46-19_27293207/search/
r2-emoa,cifar10,FGSM,560,hv,156133.45541770585,results/r2-emoa/cifar10/2026-09-05_09-46-19_27293207/search/
r2-emoa,cifar10,FGSM,560,hv_acc_2obj,1163.0311999999997,results/r2-emoa/cifar10/2026-09-05_09-46-19_27293207/search/
r2-emoa,cifar10,FGSM,560,r2,0.08805652993020285,results/r2-emoa/cifar10/2026-09-05_09-46-19_27293207/search/
r2-emoa,cifar10,FGSM,560,hv_2obj,52.63429108684447,results/r2-emoa/cifar10/2026-09-05_09-46-19_27293207/search/
r2-emoa,cifar10,FGSM,600,hv,156212.6722302619,results/r2-emoa/cifar10/2026-09-05_09-46-19_27293207/search/
r2-emoa,cifar10,FGSM,600,hv_acc_2obj,1163.0631999999996,results/r2-emoa/cifar10/2026-09-05_09-46-19_27293207/search/
r2-emoa,cifar10,FGSM,600,r2,0.08805652993020285,results/r2-emoa/cifar10/2026-09-05_09-46-19_27293207/search/
r2-emoa,cifar10,FGSM,600,hv_2obj,52.63429108684447,results/r2-emoa/cifar10/2026-09-05_09-46-19_27293207/search/
r2-emoa,cifar10,FGSM,640,hv,156408.9522629284,results/r2-emoa/cifar10/2026-09-05_09-46-19_27293207/search/
r2-emoa,cifar10,FGSM,640,hv_acc_2obj,1163.1423999999997,results/r2-emoa/cifar10/2026-09-05_09-46-19_27293207/search/
r2-emoa,cifar10,FGSM,640,r2,0.08805652993020285,results/r2-emoa/cifar10/2026-09-05_09-46-19_27293207/search/
r2-emoa,cifar10,FGSM,640,hv_2obj,52.63429108684447,results/r2-emoa/cifar10/2026-09-05_09-46-19_27293207/search/
r2-emoa,cifar10,FGSM,680,hv,156432.36305637268,results/r2-emoa/cifar10/2026-09-05_09-46-19_27293207/search/
r2-emoa,cifar10,FGSM,680,hv_acc_2obj,1163.1423999999997,results/r2-emoa/cifar10/2026-09-05_09-46-19_27293207/search/
r2-emoa,cifar10,FGSM,680,r2,0.08803440311563604,results/r2-emoa/cifar10/2026-09-05_09-46-19_27293207/search/
r2-emoa,cifar10,FGSM,680,hv_2obj,52.637047912217945,results/r2-emoa/cifar10/2026-09-05_09-46-19_27293207/search/
r2-emoa,cifar10,FGSM,720,hv,156652.77073612358,results/r2-emoa/cifar10/2026-09-05_09-46-19_27293207/search/
r2-emoa,cifar10,FGSM,720,hv_acc_2obj,1163.1423999999997,results/r2-emoa/cifar10/2026-09-05_09-46-19_27293207/search/
r2-emoa,cifar10,FGSM,720,r2,0.08803440311563604,results/r2-emoa/cifar10/2026-09-05_09-46-19_27293207/search/
r2-emoa,cifar10,FGSM,720,hv_2obj,52.637047912217945,results/r2-emoa/cifar10/2026-09-05_09-46-19_27293207/search/
r2-emoa,cifar10,FGSM,760,hv,157150.60250327762,results/r2-emoa/cifar10/2026-09-05_09-46-19_27293207/search/
r2-emoa,cifar10,FGSM,760,hv_acc_2obj,1183.7972,results/r2-emoa/cifar10/2026-09-05_09-46-19_27293207/search/
r2-emoa,cifar10,FGSM,760,r2,0.08770408214271688,results/r2-emoa/cifar10/2026-09-05_09-46-19_27293207/search/
r2-emoa,cifar10,FGSM,760,hv_2obj,52.735672735656756,results/r2-emoa/cifar10/2026-09-05_09-46-19_27293207/search/
r2-emoa,cifar10,FGSM,800,hv,157330.9588681581,results/r2-emoa/cifar10/2026-09-05_09-46-19_27293207/search/
r2-emoa,cifar10,FGSM,800,hv_acc_2obj,1200.3344000000002,results/r2-emoa/cifar10/2026-09-05_09-46-19_27293207/search/
r2-emoa,cifar10,FGSM,800,r2,0.08765262012008197,results/r2-emoa/cifar10/2026-09-05_09-46-19_27293207/search/
r2-emoa,cifar10,FGSM,800,hv_2obj,52.750642282993574,results/r2-emoa/cifar10/2026-09-05_09-46-19_27293207/search/
r2-emoa,cifar10,FGSM,840,hv,157334.05390873854,results/r2-emoa/cifar10/2026-09-05_09-46-19_27293207/search/
r2-emoa,cifar10,FGSM,840,hv_acc_2obj,1200.3344000000002,results/r2-emoa/cifar10/2026-09-05_09-46-19_27293207/search/
r2-emoa,cifar10,FGSM,840,r2,0.08765262012008197,results/r2-emoa/cifar10/2026-09-05_09-46-19_27293207/search/
r2-emoa,cifar10,FGSM,840,hv_2obj,52.750642282993574,results/r2-emoa/cifar10/2026-09-05_09-46-19_27293207/search/
r2-emoa,cifar10,FGSM,880,hv,157610.93093087553,results/r2-emoa/cifar10/2026-09-05_09-46-19_27293207/search/
r2-emoa,cifar10,FGSM,880,hv_acc_2obj,1200.5460000000003,results/r2-emoa/cifar10/2026-09-05_09-46-19_27293207/search/
r2-emoa,cifar10,FGSM,880,r2,0.08765262012008197,results/r2-emoa/cifar10/2026-09-05_09-46-19_27293207/search/
r2-emoa,cifar10,FGSM,880,hv_2obj,52.750642282993574,results/r2-emoa/cifar10/2026-09-05_09-46-19_27293207/search/
r2-emoa,cifar10,FGSM,920,hv,157622.45147838158,results/r2-emoa/cifar10/2026-09-05_09-46-19_27293207/search/
r2-emoa,cifar10,FGSM,920,hv_acc_2obj,1200.5460000000003,results/r2-emoa/cifar10/2026-09-05_09-46-19_27293207/search/
r2-emoa,cifar10,FGSM,920,r2,0.08765262012008197,results/r2-emoa/cifar10/2026-09-05_09-46-19_27293207/search/
r2-emoa,cifar10,FGSM,920,hv_2obj,52.750642282993574,results/r2-emoa/cifar10/2026-09-05_09-46-19_27293207/search/
r2-emoa,cifar10,FGSM,960,hv,157623.5556414406,results/r2-emoa/cifar10/2026-09-05_09-46-19_27293207/search/
r2-emoa,cifar10,FGSM,960,hv_acc_2obj,1200.5460000000003,results/r2-emoa/cifar10/2026-09-05_09-46-19_27293207/search/
r2-emoa,cifar10,FGSM,960,r2,0.08765262012008197,results/r2-emoa/cifar10/2026-09-05_09-46-19_27293207/search/
r2-emoa,cifar10,FGSM,960,hv_2obj,52.750642282993574,results/r2-emoa/cifar10/2026-09-05_09-46-19_27293207/search/
r2-emoa,cifar10,FGSM,1000,hv,157628.0521118924,results/r2-emoa/cifar10/2026-09-05_09-46-19_27293207/search/
r2-emoa,cifar10,FGSM,1000,hv_acc_2obj,1200.5460000000003,results/r2-emoa/cifar10/2026-09-05_09-46-19_27293207/search/
r2-emoa,cifar10,FGSM,1000,r2,0.08765262012008197,results/r2-emoa/cifar10/2026-09-05_09-46-19_27293207/search/
r2-emoa,cifar10,FGSM,1000,hv_2obj,52.750642282993574,results/r2-emoa/cifar10/2026-09-05_09-46-19_27293207/search/
r2-emoa,cifar10,FGSM,1040,hv,157628.38161820787,results/r2-emoa/cifar10/2026-09-05_09-46-19_27293207/search/
r2-emoa,cifar10,FGSM,1040,hv_acc_2obj,1200.5460000000003,results/r2-emoa/cifar10/2026-09-05_09-46-19_27293207/search/
r2-emoa,cifar10,FGSM,1040,r2,0.08765262012008197,results/r2-emoa/cifar10/2026-09-05_09-46-19_27293207/search/
r2-emoa,cifar10,FGSM,1040,hv_2obj,52.750642282993574,results/r2-emoa/cifar10/2026-09-05_09-46-19_27293207/search/
r2-emoa,cifar10,FGSM,1080,hv,157629.9537578313,results/r2-emoa/cifar10/2026-09-05_09-46-19_27293207/search/
r2-emoa,cifar10,FGSM,1080,hv_acc_2obj,1200.5460000000003,results/r2-emoa/cifar10/2026-09-05_09-46-19_27293207/search/
r2-emoa,cifar10,FGSM,1080,r2,0.08765262012008197,results/r2-emoa/cifar10/2026-09-05_09-46-19_27293207/search/
r2-emoa,cifar10,FGSM,1080,hv_2obj,52.750642282993574,results/r2-emoa/cifar10/2026-09-05_09-46-19_27293207/search/
r2-emoa,cifar10,FGSM,1120,hv,157634.93775980984,results/r2-emoa/cifar10/2026-09-05_09-46-19_27293207/search/
r2-emoa,cifar10,FGSM,1120,hv_acc_2obj,1200.5520000000001,results/r2-emoa/cifar10/2026-09-05_09-46-19_27293207/search/
r2-emoa,cifar10,FGSM,1120,r2,0.08765262012008197,results/r2-emoa/cifar10/2026-09-05_09-46-19_27293207/search/
r2-emoa,cifar10,FGSM,1120,hv_2obj,52.750642282993574,results/r2-emoa/cifar10/2026-09-05_09-46-19_27293207/search/
r2-emoa,cifar10,FGSM,1160,hv,157634.93775980978,results/r2-emoa/cifar10/2026-09-05_09-46-19_27293207/search/
r2-emoa,cifar10,FGSM,1160,hv_acc_2obj,1200.5520000000001,results/r2-emoa/cifar10/2026-09-05_09-46-19_27293207/search/
r2-emoa,cifar10,FGSM,1160,r2,0.08765262012008197,results/r2-emoa/cifar10/2026-09-05_09-46-19_27293207/search/
r2-emoa,cifar10,FGSM,1160,hv_2obj,52.750642282993574,results/r2-emoa/cifar10/2026-09-05_09-46-19_27293207/search/
r2-emoa,cifar10,FGSM,1200,hv,157678.6503126538,results/r2-emoa/cifar10/2026-09-05_09-46-19_27293207/search/
r2-emoa,cifar10,FGSM,1200,hv_acc_2obj,1201.6236000000001,results/r2-emoa/cifar10/2026-09-05_09-46-19_27293207/search/
r2-emoa,cifar10,FGSM,1200,r2,0.08759956718415832,results/r2-emoa/cifar10/2026-09-05_09-46-19_27293207/search/
r2-emoa,cifar10,FGSM,1200,hv_2obj,52.76563217140066,results/r2-emoa/cifar10/2026-09-05_09-46-19_27293207/search/
r2-emoa,cifar10,FGSM,1240,hv,157820.90427581372,results/r2-emoa/cifar10/2026-09-05_09-46-19_27293207/search/
r2-emoa,cifar10,FGSM,1240,hv_acc_2obj,1202.3580000000002,results/r2-emoa/cifar10/2026-09-05_09-46-19_27293207/search/
r2-emoa,cifar10,FGSM,1240,r2,0.08759956718415832,results/r2-emoa/cifar10/2026-09-05_09-46-19_27293207/search/
r2-emoa,cifar10,FGSM,1240,hv_2obj,52.76563217140066,results/r2-emoa/cifar10/2026-09-05_09-46-19_27293207/search/
r2-emoa,cifar10,FGSM,40,hv,148203.96795137232,results/r2-emoa/cifar10/2026-09-05_14-12-18_27522793/search/
r2-emoa,cifar10,FGSM,40,hv_acc_2obj,868.2915999999998,results/r2-emoa/cifar10/2026-09-05_14-12-18_27522793/search/
r2-emoa,cifar10,FGSM,40,r2,0.09551784787086443,results/r2-emoa/cifar10/2026-09-05_14-12-18_27522793/search/
r2-emoa,cifar10,FGSM,40,hv_2obj,50.50981978405427,results/r2-emoa/cifar10/2026-09-05_14-12-18_27522793/search/
r2-emoa,cifar10,FGSM,80,hv,149093.23201878526,results/r2-emoa/cifar10/2026-09-05_14-12-18_27522793/search/
r2-emoa,cifar10,FGSM,80,hv_acc_2obj,917.5611999999998,results/r2-emoa/cifar10/2026-09-05_14-12-18_27522793/search/
r2-emoa,cifar10,FGSM,80,r2,0.09527253937337363,results/r2-emoa/cifar10/2026-09-05_14-12-18_27522793/search/
r2-emoa,cifar10,FGSM,80,hv_2obj,50.58056145240906,results/r2-emoa/cifar10/2026-09-05_14-12-18_27522793/search/
r2-emoa,cifar10,FGSM,120,hv,151485.8945789611,results/r2-emoa/cifar10/2026-09-05_14-12-18_27522793/search/
r2-emoa,cifar10,FGSM,120,hv_acc_2obj,954.0432000000001,results/r2-emoa/cifar10/2026-09-05_14-12-18_27522793/search/
r2-emoa,cifar10,FGSM,120,r2,0.09304902464469456,results/r2-emoa/cifar10/2026-09-05_14-12-18_27522793/search/
r2-emoa,cifar10,FGSM,120,hv_2obj,51.20944149886247,results/r2-emoa/cifar10/2026-09-05_14-12-18_27522793/search/
r2-emoa,cifar10,FGSM,160,hv,151760.01720349814,results/r2-emoa/cifar10/2026-09-05_14-12-18_27522793/search/
r2-emoa,cifar10,FGSM,160,hv_acc_2obj,954.6464000000001,results/r2-emoa/cifar10/2026-09-05_14-12-18_27522793/search/
r2-emoa,cifar10,FGSM,160,r2,0.09275049934133325,results/r2-emoa/cifar10/2026-09-05_14-12-18_27522793/search/
r2-emoa,cifar10,FGSM,160,hv_2obj,51.29560936592964,results/r2-emoa/cifar10/2026-09-05_14-12-18_27522793/search/
r2-emoa,cifar10,FGSM,200,hv,152254.7741378697,results/r2-emoa/cifar10/2026-09-05_14-12-18_27522793/search/
r2-emoa,cifar10,FGSM,200,hv_acc_2obj,1006.7068000000004,results/r2-emoa/cifar10/2026-09-05_14-12-18_27522793/search/
r2-emoa,cifar10,FGSM,200,r2,0.0922072078912667,results/r2-emoa/cifar10/2026-09-05_14-12-18_27522793/search/
r2-emoa,cifar10,FGSM,200,hv_2obj,51.44641489527236,results/r2-emoa/cifar10/2026-09-05_14-12-18_27522793/search/
r2-emoa,cifar10,FGSM,240,hv,153205.67912951842,results/r2-emoa/cifar10/2026-09-05_14-12-18_27522793/search/
r2-emoa,cifar10,FGSM,240,hv_acc_2obj,1006.7068000000004,results/r2-emoa/cifar10/2026-09-05_14-12-18_27522793/search/
r2-emoa,cifar10,FGSM,240,r2,0.09177361444128113,results/r2-emoa/cifar10/2026-09-05_14-12-18_27522793/search/
r2-emoa,cifar10,FGSM,240,hv_2obj,51.56910685113511,results/r2-emoa/cifar10/2026-09-05_14-12-18_27522793/search/
r2-emoa,cifar10,FGSM,280,hv,153229.055941617,results/r2-emoa/cifar10/2026-09-05_14-12-18_27522793/search/
r2-emoa,cifar10,FGSM,280,hv_acc_2obj,1007.0468000000003,results/r2-emoa/cifar10/2026-09-05_14-12-18_27522793/search/
r2-emoa,cifar10,FGSM,280,r2,0.09177281606865054,results/r2-emoa/cifar10/2026-09-05_14-12-18_27522793/search/
r2-emoa,cifar10,FGSM,280,hv_2obj,51.571302612644615,results/r2-emoa/cifar10/2026-09-05_14-12-18_27522793/search/
r2-emoa,cifar10,FGSM,320,hv,153242.25295345768,results/r2-emoa/cifar10/2026-09-05_14-12-18_27522793/search/
r2-emoa,cifar10,FGSM,320,hv_acc_2obj,1014.7992000000004,results/r2-emoa/cifar10/2026-09-05_14-12-18_27522793/search/
r2-emoa,cifar10,FGSM,320,r2,0.09177281606865054,results/r2-emoa/cifar10/2026-09-05_14-12-18_27522793/search/
r2-emoa,cifar10,FGSM,320,hv_2obj,51.571302612644615,results/r2-emoa/cifar10/2026-09-05_14-12-18_27522793/search/
r2-emoa,cifar10,FGSM,360,hv,154599.7424592435,results/r2-emoa/cifar10/2026-09-05_14-12-18_27522793/search/
r2-emoa,cifar10,FGSM,360,hv_acc_2obj,1057.9612000000002,results/r2-emoa/cifar10/2026-09-05_14-12-18_27522793/search/
r2-emoa,cifar10,FGSM,360,r2,0.09015125080661601,results/r2-emoa/cifar10/2026-09-05_14-12-18_27522793/search/
r2-emoa,cifar10,FGSM,360,hv_2obj,52.03703275348638,results/r2-emoa/cifar10/2026-09-05_14-12-18_27522793/search/
r2-emoa,cifar10,FGSM,400,hv,154618.8964312495,results/r2-emoa/cifar10/2026-09-05_14-12-18_27522793/search/
r2-emoa,cifar10,FGSM,400,hv_acc_2obj,1064.6056,results/r2-emoa/cifar10/2026-09-05_14-12-18_27522793/search/
r2-emoa,cifar10,FGSM,400,r2,0.09015125080661601,results/r2-emoa/cifar10/2026-09-05_14-12-18_27522793/search/
r2-emoa,cifar10,FGSM,400,hv_2obj,52.0383408050018,results/r2-emoa/cifar10/2026-09-05_14-12-18_27522793/search/
r2-emoa,cifar10,FGSM,440,hv,154764.0006155588,results/r2-emoa/cifar10/2026-09-05_14-12-18_27522793/search/
r2-emoa,cifar10,FGSM,440,hv_acc_2obj,1064.6056,results/r2-emoa/cifar10/2026-09-05_14-12-18_27522793/search/
r2-emoa,cifar10,FGSM,440,r2,0.09015125080661601,results/r2-emoa/cifar10/2026-09-05_14-12-18_27522793/search/
r2-emoa,cifar10,FGSM,440,hv_2obj,52.0383408050018,results/r2-emoa/cifar10/2026-09-05_14-12-18_27522793/search/
r2-emoa,cifar10,FGSM,480,hv,154918.03243179308,results/r2-emoa/cifar10/2026-09-05_14-12-18_27522793/search/
r2-emoa,cifar10,FGSM,480,hv_acc_2obj,1077.5608000000002,results/r2-emoa/cifar10/2026-09-05_14-12-18_27522793/search/
r2-emoa,cifar10,FGSM,480,r2,0.08998663515136625,results/r2-emoa/cifar10/2026-09-05_14-12-18_27522793/search/
r2-emoa,cifar10,FGSM,480,hv_2obj,52.084130363390344,results/r2-emoa/cifar10/2026-09-05_14-12-18_27522793/search/
r2-emoa,cifar10,FGSM,520,hv,154926.3090440647,results/r2-emoa/cifar10/2026-09-05_14-12-18_27522793/search/
r2-emoa,cifar10,FGSM,520,hv_acc_2obj,1077.5816,results/r2-emoa/cifar10/2026-09-05_14-12-18_27522793/search/
r2-emoa,cifar10,FGSM,520,r2,0.08998663515136625,results/r2-emoa/cifar10/2026-09-05_14-12-18_27522793/search/
r2-emoa,cifar10,FGSM,520,hv_2obj,52.08440474807142,results/r2-emoa/cifar10/2026-09-05_14-12-18_27522793/search/
r2-emoa,cifar10,FGSM,560,hv,154944.42952550395,results/r2-emoa/cifar10/2026-09-05_14-12-18_27522793/search/
r2-emoa,cifar10,FGSM,560,hv_acc_2obj,1077.5816,results/r2-emoa/cifar10/2026-09-05_14-12-18_27522793/search/
r2-emoa,cifar10,FGSM,560,r2,0.08998663515136625,results/r2-emoa/cifar10/2026-09-05_14-12-18_27522793/search/
r2-emoa,cifar10,FGSM,560,hv_2obj,52.08440474807142,results/r2-emoa/cifar10/2026-09-05_14-12-18_27522793/search/
r2-emoa,cifar10,FGSM,600,hv,154953.1979438989,results/r2-emoa/cifar10/2026-09-05_14-12-18_27522793/search/
r2-emoa,cifar10,FGSM,600,hv_acc_2obj,1078.928,results/r2-emoa/cifar10/2026-09-05_14-12-18_27522793/search/
r2-emoa,cifar10,FGSM,600,r2,0.08998663515136625,results/r2-emoa/cifar10/2026-09-05_14-12-18_27522793/search/
r2-emoa,cifar10,FGSM,600,hv_2obj,52.08440474807142,results/r2-emoa/cifar10/2026-09-05_14-12-18_27522793/search/
r2-emoa,cifar10,FGSM,640,hv,155186.92594614538,results/r2-emoa/cifar10/2026-09-05_14-12-18_27522793/search/
r2-emoa,cifar10,FGSM,640,hv_acc_2obj,1085.3084000000001,results/r2-emoa/cifar10/2026-09-05_14-12-18_27522793/search/
r2-emoa,cifar10,FGSM,640,r2,0.08998663515136625,results/r2-emoa/cifar10/2026-09-05_14-12-18_27522793/search/
r2-emoa,cifar10,FGSM,640,hv_2obj,52.08519931134062,results/r2-emoa/cifar10/2026-09-05_14-12-18_27522793/search/
r2-emoa,cifar10,FGSM,680,hv,155584.02876967264,results/r2-emoa/cifar10/2026-09-05_14-12-18_27522793/search/
r2-emoa,cifar10,FGSM,680,hv_acc_2obj,1097.8732,results/r2-emoa/cifar10/2026-09-05_14-12-18_27522793/search/
r2-emoa,cifar10,FGSM,680,r2,0.08963936426199573,results/r2-emoa/cifar10/2026-09-05_14-12-18_27522793/search/
r2-emoa,cifar10,FGSM,680,hv_2obj,52.18656858562477,results/r2-emoa/cifar10/2026-09-05_14-12-18_27522793/search/
r2-emoa,cifar10,FGSM,720,hv,155593.39643855896,results/r2-emoa/cifar10/2026-09-05_14-12-18_27522793/search/
r2-emoa,cifar10,FGSM,720,hv_acc_2obj,1097.8732,results/r2-emoa/cifar10/2026-09-05_14-12-18_27522793/search/
r2-emoa,cifar10,FGSM,720,r2,0.08963936426199573,results/r2-emoa/cifar10/2026-09-05_14-12-18_27522793/search/
r2-emoa,cifar10,FGSM,720,hv_2obj,52.18656858562477,results/r2-emoa/cifar10/2026-09-05_14-12-18_27522793/search/
r2-emoa,cifar10,FGSM,760,hv,155598.7658579966,results/r2-emoa/cifar10/2026-09-05_14-12-18_27522793/search/
r2-emoa,cifar10,FGSM,760,hv_acc_2obj,1097.8732,results/r2-emoa/cifar10/2026-09-05_14-12-18_27522793/search/
r2-emoa,cifar10,FGSM,760,r2,0.08963936426199573,results/r2-emoa/cifar10/2026-09-05_14-12-18_27522793/search/
r2-emoa,cifar10,FGSM,760,hv_2obj,52.18656858562477,results/r2-emoa/cifar10/2026-09-05_14-12-18_27522793/search/
r2-emoa,cifar10,FGSM,800,hv,156060.8029074279,results/r2-emoa/cifar10/2026-09-05_14-12-18_27522793/search/
r2-emoa,cifar10,FGSM,800,hv_acc_2obj,1100.4364,results/r2-emoa/cifar10/2026-09-05_14-12-18_27522793/search/
r2-emoa,cifar10,FGSM,800,r2,0.08909155207950084,results/r2-emoa/cifar10/2026-09-05_14-12-18_27522793/search/
r2-emoa,cifar10,FGSM,800,hv_2obj,52.34256776675313,results/r2-emoa/cifar10/2026-09-05_14-12-18_27522793/search/
r2-emoa,cifar10,FGSM,840,hv,156063.68230409932,results/r2-emoa/cifar10/2026-09-05_14-12-18_27522793/search/
r2-emoa,cifar10,FGSM,840,hv_acc_2obj,1100.4364,results/r2-emoa/cifar10/2026-09-05_14-12-18_27522793/search/
r2-emoa,cifar10,FGSM,840,r2,0.08908710661948037,results/r2-emoa/cifar10/2026-09-05_14-12-18_27522793/search/
r2-emoa,cifar10,FGSM,840,hv_2obj,52.34308832206799,results/r2-emoa/cifar10/2026-09-05_14-12-18_27522793/search/
r2-emoa,cifar10,FGSM,880,hv,156067.6199344175,results/r2-emoa/cifar10/2026-09-05_14-12-18_27522793/search/
r2-emoa,cifar10,FGSM,880,hv_acc_2obj,1100.4364,results/r2-emoa/cifar10/2026-09-05_14-12-18_27522793/search/
r2-emoa,cifar10,FGSM,880,r2,0.08908710661948037,results/r2-emoa/cifar10/2026-09-05_14-12-18_27522793/search/
r2-emoa,cifar10,FGSM,880,hv_2obj,52.34308832206799,results/r2-emoa/cifar10/2026-09-05_14-12-18_27522793/search/
r2-emoa,cifar10,FGSM,920,hv,156067.63512338442,results/r2-emoa/cifar10/2026-09-05_14-12-18_27522793/search/
r2-emoa,cifar10,FGSM,920,hv_acc_2obj,1100.4364,results/r2-emoa/cifar10/2026-09-05_14-12-18_27522793/search/
r2-emoa,cifar10,FGSM,920,r2,0.08908710661948037,results/r2-emoa/cifar10/2026-09-05_14-12-18_27522793/search/
r2-emoa,cifar10,FGSM,920,hv_2obj,52.34308832206799,results/r2-emoa/cifar10/2026-09-05_14-12-18_27522793/search/
r2-emoa,cifar10,FGSM,960,hv,156069.3071731061,results/r2-emoa/cifar10/2026-09-05_14-12-18_27522793/search/
r2-emoa,cifar10,FGSM,960,hv_acc_2obj,1127.888,results/r2-emoa/cifar10/2026-09-05_14-12-18_27522793/search/
r2-emoa,cifar10,FGSM,960,r2,0.08908710661948037,results/r2-emoa/cifar10/2026-09-05_14-12-18_27522793/search/
r2-emoa,cifar10,FGSM,960,hv_2obj,52.34308832206799,results/r2-emoa/cifar10/2026-09-05_14-12-18_27522793/search/
r2-emoa,cifar10,FGSM,1000,hv,156069.3195931029,results/r2-emoa/cifar10/2026-09-05_14-12-18_27522793/search/
r2-emoa,cifar10,FGSM,1000,hv_acc_2obj,1127.9368,results/r2-emoa/cifar10/2026-09-05_14-12-18_27522793/search/
r2-emoa,cifar10,FGSM,1000,r2,0.08908710661948037,results/r2-emoa/cifar10/2026-09-05_14-12-18_27522793/search/
r2-emoa,cifar10,FGSM,1000,hv_2obj,52.34308832206799,results/r2-emoa/cifar10/2026-09-05_14-12-18_27522793/search/
r2-emoa,cifar10,FGSM,1040,hv,156269.9962835228,results/r2-emoa/cifar10/2026-09-05_14-12-18_27522793/search/
r2-emoa,cifar10,FGSM,1040,hv_acc_2obj,1128.934,results/r2-emoa/cifar10/2026-09-05_14-12-18_27522793/search/
r2-emoa,cifar10,FGSM,1040,r2,0.08908710661948037,results/r2-emoa/cifar10/2026-09-05_14-12-18_27522793/search/
r2-emoa,cifar10,FGSM,1040,hv_2obj,52.34308832206799,results/r2-emoa/cifar10/2026-09-05_14-12-18_27522793/search/
r2-emoa,cifar10,FGSM,1080,hv,156320.28289458298,results/r2-emoa/cifar10/2026-09-05_14-12-18_27522793/search/
r2-emoa,cifar10,FGSM,1080,hv_acc_2obj,1146.3028000000004,results/r2-emoa/cifar10/2026-09-05_14-12-18_27522793/search/
r2-emoa,cifar10,FGSM,1080,r2,0.08902823421897953,results/r2-emoa/cifar10/2026-09-05_14-12-18_27522793/search/
r2-emoa,cifar10,FGSM,1080,hv_2obj,52.35832270652645,results/r2-emoa/cifar10/2026-09-05_14-12-18_27522793/search/
r2-emoa,cifar10,FGSM,1120,hv,156322.64785970227,results/r2-emoa/cifar10/2026-09-05_14-12-18_27522793/search/
r2-emoa,cifar10,FGSM,1120,hv_acc_2obj,1146.3028000000004,results/r2-emoa/cifar10/2026-09-05_14-12-18_27522793/search/
r2-emoa,cifar10,FGSM,1120,r2,0.08902823421897953,results/r2-emoa/cifar10/2026-09-05_14-12-18_27522793/search/
r2-emoa,cifar10,FGSM,1120,hv_2obj,52.35832270652645,results/r2-emoa/cifar10/2026-09-05_14-12-18_27522793/search/
r2-emoa,cifar10,FGSM,1160,hv,156323.649305476,results/r2-emoa/cifar10/2026-09-05_14-12-18_27522793/search/
r2-emoa,cifar10,FGSM,1160,hv_acc_2obj,1146.3028000000004,results/r2-emoa/cifar10/2026-09-05_14-12-18_27522793/search/
r2-emoa,cifar10,FGSM,1160,r2,0.08902823421897953,results/r2-emoa/cifar10/2026-09-05_14-12-18_27522793/search/
r2-emoa,cifar10,FGSM,1160,hv_2obj,52.35832270652645,results/r2-emoa/cifar10/2026-09-05_14-12-18_27522793/search/
r2-emoa,cifar10,FGSM,1200,hv,156324.76181612728,results/r2-emoa/cifar10/2026-09-05_14-12-18_27522793/search/
r2-emoa,cifar10,FGSM,1200,hv_acc_2obj,1146.3028000000004,results/r2-emoa/cifar10/2026-09-05_14-12-18_27522793/search/
r2-emoa,cifar10,FGSM,1200,r2,0.08902823421897953,results/r2-emoa/cifar10/2026-09-05_14-12-18_27522793/search/
r2-emoa,cifar10,FGSM,1200,hv_2obj,52.35832270652645,results/r2-emoa/cifar10/2026-09-05_14-12-18_27522793/search/
r2-emoa,cifar10,FGSM,1240,hv,156326.75504507826,results/r2-emoa/cifar10/2026-09-05_14-12-18_27522793/search/
r2-emoa,cifar10,FGSM,1240,hv_acc_2obj,1146.3028000000004,results/r2-emoa/cifar10/2026-09-05_14-12-18_27522793/search/
r2-emoa,cifar10,FGSM,1240,r2,0.08902823421897953,results/r2-emoa/cifar10/2026-09-05_14-12-18_27522793/search/
r2-emoa,cifar10,FGSM,1240,hv_2obj,52.35832270652645,results/r2-emoa/cifar10/2026-09-05_14-12-18_27522793/search/
r2-emoa,cifar10,FGSM,40,hv,151132.09147103992,results/r2-emoa/cifar10/2026-09-06_23-22-40_18906049/search/
r2-emoa,cifar10,FGSM,40,hv_acc_2obj,971.4192,results/r2-emoa/cifar10/2026-09-06_23-22-40_18906049/search/
r2-emoa,cifar10,FGSM,40,r2,0.0863322064509751,results/r2-emoa/cifar10/2026-09-06_23-22-40_18906049/search/
r2-emoa,cifar10,FGSM,40,hv_2obj,51.54115731520892,results/r2-emoa/cifar10/2026-09-06_23-22-40_18906049/search/
r2-emoa,cifar10,FGSM,80,hv,151756.04981583208,results/r2-emoa/cifar10/2026-09-06_23-22-40_18906049/search/
r2-emoa,cifar10,FGSM,80,hv_acc_2obj,1011.1296000000004,results/r2-emoa/cifar10/2026-09-06_23-22-40_18906049/search/
r2-emoa,cifar10,FGSM,80,r2,0.08605459944685376,results/r2-emoa/cifar10/2026-09-06_23-22-40_18906049/search/
r2-emoa,cifar10,FGSM,80,hv_2obj,51.58789255756603,results/r2-emoa/cifar10/2026-09-06_23-22-40_18906049/search/
r2-emoa,cifar10,FGSM,120,hv,152041.4175460412,results/r2-emoa/cifar10/2026-09-06_23-22-40_18906049/search/
r2-emoa,cifar10,FGSM,120,hv_acc_2obj,1034.2848000000001,results/r2-emoa/cifar10/2026-09-06_23-22-40_18906049/search/
r2-emoa,cifar10,FGSM,120,r2,0.0857479987873397,results/r2-emoa/cifar10/2026-09-06_23-22-40_18906049/search/
r2-emoa,cifar10,FGSM,120,hv_2obj,51.68148404165057,results/r2-emoa/cifar10/2026-09-06_23-22-40_18906049/search/
r2-emoa,cifar10,FGSM,160,hv,152618.7968950599,results/r2-emoa/cifar10/2026-09-06_23-22-40_18906049/search/
r2-emoa,cifar10,FGSM,160,hv_acc_2obj,1048.4352000000003,results/r2-emoa/cifar10/2026-09-06_23-22-40_18906049/search/
r2-emoa,cifar10,FGSM,160,r2,0.0855522259379412,results/r2-emoa/cifar10/2026-09-06_23-22-40_18906049/search/
r2-emoa,cifar10,FGSM,160,hv_2obj,51.68148404165057,results/r2-emoa/cifar10/2026-09-06_23-22-40_18906049/search/
r2-emoa,cifar10,FGSM,200,hv,152698.64330581878,results/r2-emoa/cifar10/2026-09-06_23-22-40_18906049/search/
r2-emoa,cifar10,FGSM,200,hv_acc_2obj,1048.4352000000003,results/r2-emoa/cifar10/2026-09-06_23-22-40_18906049/search/
r2-emoa,cifar10,FGSM,200,r2,0.08552598290468709,results/r2-emoa/cifar10/2026-09-06_23-22-40_18906049/search/
r2-emoa,cifar10,FGSM,200,hv_2obj,51.68148404165057,results/r2-emoa/cifar10/2026-09-06_23-22-40_18906049/search/
r2-emoa,cifar10,FGSM,240,hv,153277.40843545937,results/r2-emoa/cifar10/2026-09-06_23-22-40_18906049/search/
r2-emoa,cifar10,FGSM,240,hv_acc_2obj,1049.6824000000004,results/r2-emoa/cifar10/2026-09-06_23-22-40_18906049/search/
r2-emoa,cifar10,FGSM,240,r2,0.08512410624981386,results/r2-emoa/cifar10/2026-09-06_23-22-40_18906049/search/
r2-emoa,cifar10,FGSM,240,hv_2obj,51.77000576354713,results/r2-emoa/cifar10/2026-09-06_23-22-40_18906049/search/
r2-emoa,cifar10,FGSM,280,hv,153341.9108703899,results/r2-emoa/cifar10/2026-09-06_23-22-40_18906049/search/
r2-emoa,cifar10,FGSM,280,hv_acc_2obj,1052.1672000000005,results/r2-emoa/cifar10/2026-09-06_23-22-40_18906049/search/
r2-emoa,cifar10,FGSM,280,r2,0.08511007055515638,results/r2-emoa/cifar10/2026-09-06_23-22-40_18906049/search/
r2-emoa,cifar10,FGSM,280,hv_2obj,51.77000576354713,results/r2-emoa/cifar10/2026-09-06_23-22-40_18906049/search/
r2-emoa,cifar10,FGSM,320,hv,154114.82717820824,results/r2-emoa/cifar10/2026-09-06_23-22-40_18906049/search/
r2-emoa,cifar10,FGSM,320,hv_acc_2obj,1053.0192000000004,results/r2-emoa/cifar10/2026-09-06_23-22-40_18906049/search/
r2-emoa,cifar10,FGSM,320,r2,0.0843828841592087,results/r2-emoa/cifar10/2026-09-06_23-22-40_18906049/search/
r2-emoa,cifar10,FGSM,320,hv_2obj,51.97358935804362,results/r2-emoa/cifar10/2026-09-06_23-22-40_18906049/search/
r2-emoa,cifar10,FGSM,360,hv,154824.9181572392,results/r2-emoa/cifar10/2026-09-06_23-22-40_18906049/search/
r2-emoa,cifar10,FGSM,360,hv_acc_2obj,1089.1716000000004,results/r2-emoa/cifar10/2026-09-06_23-22-40_18906049/search/
r2-emoa,cifar10,FGSM,360,r2,0.08391637588378986,results/r2-emoa/cifar10/2026-09-06_23-22-40_18906049/search/
r2-emoa,cifar10,FGSM,360,hv_2obj,52.06303957301269,results/r2-emoa/cifar10/2026-09-06_23-22-40_18906049/search/
r2-emoa,cifar10,FGSM,400,hv,155129.6713177059,results/r2-emoa/cifar10/2026-09-06_23-22-40_18906049/search/
r2-emoa,cifar10,FGSM,400,hv_acc_2obj,1089.1716000000004,results/r2-emoa/cifar10/2026-09-06_23-22-40_18906049/search/
r2-emoa,cifar10,FGSM,400,r2,0.0838096430606832,results/r2-emoa/cifar10/2026-09-06_23-22-40_18906049/search/
r2-emoa,cifar10,FGSM,400,hv_2obj,52.06303957301269,results/r2-emoa/cifar10/2026-09-06_23-22-40_18906049/search/
r2-emoa,cifar10,FGSM,440,hv,155135.5754151084,results/r2-emoa/cifar10/2026-09-06_23-22-40_18906049/search/
r2-emoa,cifar10,FGSM,440,hv_acc_2obj,1097.6111999999998,results/r2-emoa/cifar10/2026-09-06_23-22-40_18906049/search/
r2-emoa,cifar10,FGSM,440,r2,0.0838096430606832,results/r2-emoa/cifar10/2026-09-06_23-22-40_18906049/search/
r2-emoa,cifar10,FGSM,440,hv_2obj,52.06303957301269,results/r2-emoa/cifar10/2026-09-06_23-22-40_18906049/search/
r2-emoa,cifar10,FGSM,480,hv,155631.90993881744,results/r2-emoa/cifar10/2026-09-06_23-22-40_18906049/search/
r2-emoa,cifar10,FGSM,480,hv_acc_2obj,1165.5495999999998,results/r2-emoa/cifar10/2026-09-06_23-22-40_18906049/search/
r2-emoa,cifar10,FGSM,480,r2,0.08329228896087622,results/r2-emoa/cifar10/2026-09-06_23-22-40_18906049/search/
r2-emoa,cifar10,FGSM,480,hv_2obj,52.233756622034825,results/r2-emoa/cifar10/2026-09-06_23-22-40_18906049/search/
r2-emoa,cifar10,FGSM,520,hv,155638.77337228716,results/r2-emoa/cifar10/2026-09-06_23-22-40_18906049/search/
r2-emoa,cifar10,FGSM,520,hv_acc_2obj,1165.5495999999998,results/r2-emoa/cifar10/2026-09-06_23-22-40_18906049/search/
r2-emoa,cifar10,FGSM,520,r2,0.08329228896087622,results/r2-emoa/cifar10/2026-09-06_23-22-40_18906049/search/
r2-emoa,cifar10,FGSM,520,hv_2obj,52.233756622034825,results/r2-emoa/cifar10/2026-09-06_23-22-40_18906049/search/
r2-emoa,cifar10,FGSM,560,hv,155643.89701778418,results/r2-emoa/cifar10/2026-09-06_23-22-40_18906049/search/
r2-emoa,cifar10,FGSM,560,hv_acc_2obj,1165.5495999999998,results/r2-emoa/cifar10/2026-09-06_23-22-40_18906049/search/
r2-emoa,cifar10,FGSM,560,r2,0.08329228896087622,results/r2-emoa/cifar10/2026-09-06_23-22-40_18906049/search/
r2-emoa,cifar10,FGSM,560,hv_2obj,52.233756622034825,results/r2-emoa/cifar10/2026-09-06_23-22-40_18906049/search/
r2-emoa,cifar10,FGSM,600,hv,155991.7406451427,results/r2-emoa/cifar10/2026-09-06_23-22-40_18906049/search/
r2-emoa,cifar10,FGSM,600,hv_acc_2obj,1165.5495999999998,results/r2-emoa/cifar10/2026-09-06_23-22-40_18906049/search/
r2-emoa,cifar10,FGSM,600,r2,0.08317724124019706,results/r2-emoa/cifar10/2026-09-06_23-22-40_18906049/search/
r2-emoa,cifar10,FGSM,600,hv_2obj,52.233756622034825,results/r2-emoa/cifar10/2026-09-06_23-22-40_18906049/search/
r2-emoa,cifar10,FGSM,640,hv,155992.662628218,results/r2-emoa/cifar10/2026-09-06_23-22-40_18906049/search/
r2-emoa,cifar10,FGSM,640,hv_acc_2obj,1165.5495999999998,results/r2-emoa/cifar10/2026-09-06_23-22-40_18906049/search/
r2-emoa,cifar10,FGSM,640,r2,0.08317724124019706,results/r2-emoa/cifar10/2026-09-06_23-22-40_18906049/search/
r2-emoa,cifar10,FGSM,640,hv_2obj,52.233756622034825,results/r2-emoa/cifar10/2026-09-06_23-22-40_18906049/search/
r2-emoa,cifar10,FGSM,680,hv,156138.16041108963,results/r2-emoa/cifar10/2026-09-06_23-22-40_18906049/search/
r2-emoa,cifar10,FGSM,680,hv_acc_2obj,1169.2536,results/r2-emoa/cifar10/2026-09-06_23-22-40_18906049/search/
r2-emoa,cifar10,FGSM,680,r2,0.08302490212607493,results/r2-emoa/cifar10/2026-09-06_23-22-40_18906049/search/
r2-emoa,cifar10,FGSM,680,hv_2obj,52.278005225057136,results/r2-emoa/cifar10/2026-09-06_23-22-40_18906049/search/
r2-emoa,cifar10,FGSM,720,hv,156143.07151298507,results/r2-emoa/cifar10/2026-09-06_23-22-40_18906049/search/
r2-emoa,cifar10,FGSM,720,hv_acc_2obj,1169.2536,results/r2-emoa/cifar10/2026-09-06_23-22-40_18906049/search/
r2-emoa,cifar10,FGSM,720,r2,0.08302490212607493,results/r2-emoa/cifar10/2026-09-06_23-22-40_18906049/search/
r2-emoa,cifar10,FGSM,720,hv_2obj,52.278005225057136,results/r2-emoa/cifar10/2026-09-06_23-22-40_18906049/search/
r2-emoa,cifar10,FGSM,760,hv,156144.87185798213,results/r2-emoa/cifar10/2026-09-06_23-22-40_18906049/search/
r2-emoa,cifar10,FGSM,760,hv_acc_2obj,1169.2536,results/r2-emoa/cifar10/2026-09-06_23-22-40_18906049/search/
r2-emoa,cifar10,FGSM,760,r2,0.08302490212607493,results/r2-emoa/cifar10/2026-09-06_23-22-40_18906049/search/
r2-emoa,cifar10,FGSM,760,hv_2obj,52.278005225057136,results/r2-emoa/cifar10/2026-09-06_23-22-40_18906049/search/
r2-emoa,cifar10,FGSM,800,hv,156154.35199805885,results/r2-emoa/cifar10/2026-09-06_23-22-40_18906049/search/
r2-emoa,cifar10,FGSM,800,hv_acc_2obj,1169.2536,results/r2-emoa/cifar10/2026-09-06_23-22-40_18906049/search/
r2-emoa,cifar10,FGSM,800,r2,0.08302490212607493,results/r2-emoa/cifar10/2026-09-06_23-22-40_18906049/search/
r2-emoa,cifar10,FGSM,800,hv_2obj,52.278007415657605,results/r2-emoa/cifar10/2026-09-06_23-22-40_18906049/search/
r2-emoa,cifar10,FGSM,840,hv,156154.39279182086,results/r2-emoa/cifar10/2026-09-06_23-22-40_18906049/search/
r2-emoa,cifar10,FGSM,840,hv_acc_2obj,1169.2536,results/r2-emoa/cifar10/2026-09-06_23-22-40_18906049/search/
r2-emoa,cifar10,FGSM,840,r2,0.08302490212607493,results/r2-emoa/cifar10/2026-09-06_23-22-40_18906049/search/
r2-emoa,cifar10,FGSM,840,hv_2obj,52.278007415657605,results/r2-emoa/cifar10/2026-09-06_23-22-40_18906049/search/
r2-emoa,cifar10,FGSM,880,hv,156158.08636636866,results/r2-emoa/cifar10/2026-09-06_23-22-40_18906049/search/
r2-emoa,cifar10,FGSM,880,hv_acc_2obj,1169.2536,results/r2-emoa/cifar10/2026-09-06_23-22-40_18906049/search/
r2-emoa,cifar10,FGSM,880,r2,0.08302490212607493,results/r2-emoa/cifar10/2026-09-06_23-22-40_18906049/search/
r2-emoa,cifar10,FGSM,880,hv_2obj,52.278007415657605,results/r2-emoa/cifar10/2026-09-06_23-22-40_18906049/search/
r2-emoa,cifar10,FGSM,920,hv,156159.11506124507,results/r2-emoa/cifar10/2026-09-06_23-22-40_18906049/search/
r2-emoa,cifar10,FGSM,920,hv_acc_2obj,1169.2536,results/r2-emoa/cifar10/2026-09-06_23-22-40_18906049/search/
r2-emoa,cifar10,FGSM,920,r2,0.08302490212607493,results/r2-emoa/cifar10/2026-09-06_23-22-40_18906049/search/
r2-emoa,cifar10,FGSM,920,hv_2obj,52.278007415657605,results/r2-emoa/cifar10/2026-09-06_23-22-40_18906049/search/
r2-emoa,cifar10,FGSM,960,hv,156161.94314208475,results/r2-emoa/cifar10/2026-09-06_23-22-40_18906049/search/
r2-emoa,cifar10,FGSM,960,hv_acc_2obj,1169.2536,results/r2-emoa/cifar10/2026-09-06_23-22-40_18906049/search/
r2-emoa,cifar10,FGSM,960,r2,0.08302490212607493,results/r2-emoa/cifar10/2026-09-06_23-22-40_18906049/search/
r2-emoa,cifar10,FGSM,960,hv_2obj,52.278007415657605,results/r2-emoa/cifar10/2026-09-06_23-22-40_18906049/search/
r2-emoa,cifar10,FGSM,1000,hv,156175.01064399508,results/r2-emoa/cifar10/2026-09-06_23-22-40_18906049/search/
r2-emoa,cifar10,FGSM,1000,hv_acc_2obj,1169.2536,results/r2-emoa/cifar10/2026-09-06_23-22-40_18906049/search/
r2-emoa,cifar10,FGSM,1000,r2,0.08302490212607493,results/r2-emoa/cifar10/2026-09-06_23-22-40_18906049/search/
r2-emoa,cifar10,FGSM,1000,hv_2obj,52.278007415657605,results/r2-emoa/cifar10/2026-09-06_23-22-40_18906049/search/
r2-emoa,cifar10,FGSM,1040,hv,156238.0035550151,results/r2-emoa/cifar10/2026-09-06_23-22-40_18906049/search/
r2-emoa,cifar10,FGSM,1040,hv_acc_2obj,1169.2536,results/r2-emoa/cifar10/2026-09-06_23-22-40_18906049/search/
r2-emoa,cifar10,FGSM,1040,r2,0.08299858902622584,results/r2-emoa/cifar10/2026-09-06_23-22-40_18906049/search/
r2-emoa,cifar10,FGSM,1040,hv_2obj,52.278007415657605,results/r2-emoa/cifar10/2026-09-06_23-22-40_18906049/search/
r2-emoa,cifar10,FGSM,1080,hv,156380.05024376736,results/r2-emoa/cifar10/2026-09-06_23-22-40_18906049/search/
r2-emoa,cifar10,FGSM,1080,hv_acc_2obj,1169.2536,results/r2-emoa/cifar10/2026-09-06_23-22-40_18906049/search/
r2-emoa,cifar10,FGSM,1080,r2,0.0829541100144521,results/r2-emoa/cifar10/2026-09-06_23-22-40_18906049/search/
r2-emoa,cifar10,FGSM,1080,hv_2obj,52.278007415657605,results/r2-emoa/cifar10/2026-09-06_23-22-40_18906049/search/
r2-emoa,cifar10,FGSM,1120,hv,156380.63881159766,results/r2-emoa/cifar10/2026-09-06_23-22-40_18906049/search/
r2-emoa,cifar10,FGSM,1120,hv_acc_2obj,1169.2536,results/r2-emoa/cifar10/2026-09-06_23-22-40_18906049/search/
r2-emoa,cifar10,FGSM,1120,r2,0.0829541100144521,results/r2-emoa/cifar10/2026-09-06_23-22-40_18906049/search/
r2-emoa,cifar10,FGSM,1120,hv_2obj,52.278007415657605,results/r2-emoa/cifar10/2026-09-06_23-22-40_18906049/search/
r2-emoa,cifar10,FGSM,1160,hv,156400.24277467313,results/r2-emoa/cifar10/2026-09-06_23-22-40_18906049/search/
r2-emoa,cifar10,FGSM,1160,hv_acc_2obj,1170.5296,results/r2-emoa/cifar10/2026-09-06_23-22-40_18906049/search/
r2-emoa,cifar10,FGSM,1160,r2,0.08293450330695698,results/r2-emoa/cifar10/2026-09-06_23-22-40_18906049/search/
r2-emoa,cifar10,FGSM,1160,hv_2obj,52.28446504733349,results/r2-emoa/cifar10/2026-09-06_23-22-40_18906049/search/
r2-emoa,cifar10,FGSM,1200,hv,156402.6642378586,results/r2-emoa/cifar10/2026-09-06_23-22-40_18906049/search/
r2-emoa,cifar10,FGSM,1200,hv_acc_2obj,1170.5296,results/r2-emoa/cifar10/2026-09-06_23-22-40_18906049/search/
r2-emoa,cifar10,FGSM,1200,r2,0.08293450330695698,results/r2-emoa/cifar10/2026-09-06_23-22-40_18906049/search/
r2-emoa,cifar10,FGSM,1200,hv_2obj,52.28446504733349,results/r2-emoa/cifar10/2026-09-06_23-22-40_18906049/search/
r2-emoa,cifar10,FGSM,1240,hv,156408.70448361372,results/r2-emoa/cifar10/2026-09-06_23-22-40_18906049/search/
r2-emoa,cifar10,FGSM,1240,hv_acc_2obj,1170.5296,results/r2-emoa/cifar10/2026-09-06_23-22-40_18906049/search/
r2-emoa,cifar10,FGSM,1240,r2,0.08293450330695698,results/r2-emoa/cifar10/2026-09-06_23-22-40_18906049/search/
r2-emoa,cifar10,FGSM,1240,hv_2obj,52.28446504733349,results/r2-emoa/cifar10/2026-09-06_23-22-40_18906049/search/
r2-emoa,cifar10,FGSM,40,hv,149759.33352529255,results/r2-emoa/cifar10/2026-09-07_03-40-31_15798821/search/
r2-emoa,cifar10,FGSM,40,hv_acc_2obj,964.1076000000002,results/r2-emoa/cifar10/2026-09-07_03-40-31_15798821/search/
r2-emoa,cifar10,FGSM,40,r2,0.08782678391791596,results/r2-emoa/cifar10/2026-09-07_03-40-31_15798821/search/
r2-emoa,cifar10,FGSM,40,hv_2obj,51.06230700010495,results/r2-emoa/cifar10/2026-09-07_03-40-31_15798821/search/
r2-emoa,cifar10,FGSM,80,hv,151282.6902200901,results/r2-emoa/cifar10/2026-09-07_03-40-31_15798821/search/
r2-emoa,cifar10,FGSM,80,hv_acc_2obj,984.5636000000002,results/r2-emoa/cifar10/2026-09-07_03-40-31_15798821/search/
r2-emoa,cifar10,FGSM,80,r2,0.0867511358482987,results/r2-emoa/cifar10/2026-09-07_03-40-31_15798821/search/
r2-emoa,cifar10,FGSM,80,hv_2obj,51.34951831927844,results/r2-emoa/cifar10/2026-09-07_03-40-31_15798821/search/
r2-emoa,cifar10,FGSM,120,hv,151324.50625729124,results/r2-emoa/cifar10/2026-09-07_03-40-31_15798821/search/
r2-emoa,cifar10,FGSM,120,hv_acc_2obj,1009.7768000000001,results/r2-emoa/cifar10/2026-09-07_03-40-31_15798821/search/
r2-emoa,cifar10,FGSM,120,r2,0.08671225404834176,results/r2-emoa/cifar10/2026-09-07_03-40-31_15798821/search/
r2-emoa,cifar10,FGSM,120,hv_2obj,51.352211694824014,results/r2-emoa/cifar10/2026-09-07_03-40-31_15798821/search/
r2-emoa,cifar10,FGSM,160,hv,152295.71276596826,results/r2-emoa/cifar10/2026-09-07_03-40-31_15798821/search/
r2-emoa,cifar10,FGSM,160,hv_acc_2obj,1038.4619999999998,results/r2-emoa/cifar10/2026-09-07_03-40-31_15798821/search/
r2-emoa,cifar10,FGSM,160,r2,0.08607688695631684,results/r2-emoa/cifar10/2026-09-07_03-40-31_15798821/search/
r2-emoa,cifar10,FGSM,160,hv_2obj,51.49393608059566,results/r2-emoa/cifar10/2026-09-07_03-40-31_15798821/search/
r2-emoa,cifar10,FGSM,200,hv,152797.56093658673,results/r2-emoa/cifar10/2026-09-07_03-40-31_15798821/search/
r2-emoa,cifar10,FGSM,200,hv_acc_2obj,1054.3963999999996,results/r2-emoa/cifar10/2026-09-07_03-40-31_15798821/search/
r2-emoa,cifar10,FGSM,200,r2,0.08554465786485796,results/r2-emoa/cifar10/2026-09-07_03-40-31_15798821/search/
r2-emoa,cifar10,FGSM,200,hv_2obj,51.65424083718428,results/r2-emoa/cifar10/2026-09-07_03-40-31_15798821/search/
r2-emoa,cifar10,FGSM,240,hv,155023.74526470524,results/r2-emoa/cifar10/2026-09-07_03-40-31_15798821/search/
r2-emoa,cifar10,FGSM,240,hv_acc_2obj,1114.5904000000005,results/r2-emoa/cifar10/2026-09-07_03-40-31_15798821/search/
r2-emoa,cifar10,FGSM,240,r2,0.08338651437122485,results/r2-emoa/cifar10/2026-09-07_03-40-31_15798821/search/
r2-emoa,cifar10,FGSM,240,hv_2obj,52.255507801310536,results/r2-emoa/cifar10/2026-09-07_03-40-31_15798821/search/
r2-emoa,cifar10,FGSM,280,hv,155070.43673392455,results/r2-emoa/cifar10/2026-09-07_03-40-31_15798821/search/
r2-emoa,cifar10,FGSM,280,hv_acc_2obj,1114.5904000000005,results/r2-emoa/cifar10/2026-09-07_03-40-31_15798821/search/
r2-emoa,cifar10,FGSM,280,r2,0.08338651437122485,results/r2-emoa/cifar10/2026-09-07_03-40-31_15798821/search/
r2-emoa,cifar10,FGSM,280,hv_2obj,52.255507801310536,results/r2-emoa/cifar10/2026-09-07_03-40-31_15798821/search/
r2-emoa,cifar10,FGSM,320,hv,155112.8485774066,results/r2-emoa/cifar10/2026-09-07_03-40-31_15798821/search/
r2-emoa,cifar10,FGSM,320,hv_acc_2obj,1114.5904000000005,results/r2-emoa/cifar10/2026-09-07_03-40-31_15798821/search/
r2-emoa,cifar10,FGSM,320,r2,0.08337344844254889,results/r2-emoa/cifar10/2026-09-07_03-40-31_15798821/search/
r2-emoa,cifar10,FGSM,320,hv_2obj,52.255507801310536,results/r2-emoa/cifar10/2026-09-07_03-40-31_15798821/search/
r2-emoa,cifar10,FGSM,360,hv,155567.6993232566,results/r2-emoa/cifar10/2026-09-07_03-40-31_15798821/search/
r2-emoa,cifar10,FGSM,360,hv_acc_2obj,1114.5904000000005,results/r2-emoa/cifar10/2026-09-07_03-40-31_15798821/search/
r2-emoa,cifar10,FGSM,360,r2,0.08293456384857124,results/r2-emoa/cifar10/2026-09-07_03-40-31_15798821/search/
r2-emoa,cifar10,FGSM,360,hv_2obj,52.400583244421405,results/r2-emoa/cifar10/2026-09-07_03-40-31_15798821/search/
r2-emoa,cifar10,FGSM,400,hv,155852.24237111345,results/r2-emoa/cifar10/2026-09-07_03-40-31_15798821/search/
r2-emoa,cifar10,FGSM,400,hv_acc_2obj,1114.5904000000005,results/r2-emoa/cifar10/2026-09-07_03-40-31_15798821/search/
r2-emoa,cifar10,FGSM,400,r2,0.08282963159636417,results/r2-emoa/cifar10/2026-09-07_03-40-31_15798821/search/
r2-emoa,cifar10,FGSM,400,hv_2obj,52.40324335486296,results/r2-emoa/cifar10/2026-09-07_03-40-31_15798821/search/
r2-emoa,cifar10,FGSM,440,hv,156027.2378766427,results/r2-emoa/cifar10/2026-09-07_03-40-31_15798821/search/
r2-emoa,cifar10,FGSM,440,hv_acc_2obj,1148.0476000000003,results/r2-emoa/cifar10/2026-09-07_03-40-31_15798821/search/
r2-emoa,cifar10,FGSM,440,r2,0.08268478308146932,results/r2-emoa/cifar10/2026-09-07_03-40-31_15798821/search/
r2-emoa,cifar10,FGSM,440,hv_2obj,52.44752136687083,results/r2-emoa/cifar10/2026-09-07_03-40-31_15798821/search/
r2-emoa,cifar10,FGSM,480,hv,156760.23375299986,results/r2-emoa/cifar10/2026-09-07_03-40-31_15798821/search/
r2-emoa,cifar10,FGSM,480,hv_acc_2obj,1177.8551999999997,results/r2-emoa/cifar10/2026-09-07_03-40-31_15798821/search/
r2-emoa,cifar10,FGSM,480,r2,0.08197484594494805,results/r2-emoa/cifar10/2026-09-07_03-40-31_15798821/search/
r2-emoa,cifar10,FGSM,480,hv_2obj,52.65702633253017,results/r2-emoa/cifar10/2026-09-07_03-40-31_15798821/search/
r2-emoa,cifar10,FGSM,520,hv,156777.48311009724,results/r2-emoa/cifar10/2026-09-07_03-40-31_15798821/search/
r2-emoa,cifar10,FGSM,520,hv_acc_2obj,1177.8551999999997,results/r2-emoa/cifar10/2026-09-07_03-40-31_15798821/search/
r2-emoa,cifar10,FGSM,520,r2,0.08197484594494805,results/r2-emoa/cifar10/2026-09-07_03-40-31_15798821/search/
r2-emoa,cifar10,FGSM,520,hv_2obj,52.65702633253017,results/r2-emoa/cifar10/2026-09-07_03-40-31_15798821/search/
r2-emoa,cifar10,FGSM,560,hv,157424.21076996505,results/r2-emoa/cifar10/2026-09-07_03-40-31_15798821/search/
r2-emoa,cifar10,FGSM,560,hv_acc_2obj,1220.8811999999998,results/r2-emoa/cifar10/2026-09-07_03-40-31_15798821/search/
r2-emoa,cifar10,FGSM,560,r2,0.08131860495390375,results/r2-emoa/cifar10/2026-09-07_03-40-31_15798821/search/
r2-emoa,cifar10,FGSM,560,hv_2obj,52.872509837384996,results/r2-emoa/cifar10/2026-09-07_03-40-31_15798821/search/
r2-emoa,cifar10,FGSM,600,hv,157428.86375418567,results/r2-emoa/cifar10/2026-09-07_03-40-31_15798821/search/
r2-emoa,cifar10,FGSM,600,hv_acc_2obj,1220.8811999999998,results/r2-emoa/cifar10/2026-09-07_03-40-31_15798821/search/
r2-emoa,cifar10,FGSM,600,r2,0.08131860495390375,results/r2-emoa/cifar10/2026-09-07_03-40-31_15798821/search/
r2-emoa,cifar10,FGSM,600,hv_2obj,52.872509837384996,results/r2-emoa/cifar10/2026-09-07_03-40-31_15798821/search/
r2-emoa,cifar10,FGSM,640,hv,157438.73508822938,results/r2-emoa/cifar10/2026-09-07_03-40-31_15798821/search/
r2-emoa,cifar10,FGSM,640,hv_acc_2obj,1220.8811999999998,results/r2-emoa/cifar10/2026-09-07_03-40-31_15798821/search/
r2-emoa,cifar10,FGSM,640,r2,0.08131860495390375,results/r2-emoa/cifar10/2026-09-07_03-40-31_15798821/search/
r2-emoa,cifar10,FGSM,640,hv_2obj,52.872509837384996,results/r2-emoa/cifar10/2026-09-07_03-40-31_15798821/search/
r2-emoa,cifar10,FGSM,680,hv,157438.7840465815,results/r2-emoa/cifar10/2026-09-07_03-40-31_15798821/search/
r2-emoa,cifar10,FGSM,680,hv_acc_2obj,1220.8811999999998,results/r2-emoa/cifar10/2026-09-07_03-40-31_15798821/search/
r2-emoa,cifar10,FGSM,680,r2,0.08131860495390375,results/r2-emoa/cifar10/2026-09-07_03-40-31_15798821/search/
r2-emoa,cifar10,FGSM,680,hv_2obj,52.872509837384996,results/r2-emoa/cifar10/2026-09-07_03-40-31_15798821/search/
r2-emoa,cifar10,FGSM,720,hv,157447.5726307551,results/r2-emoa/cifar10/2026-09-07_03-40-31_15798821/search/
r2-emoa,cifar10,FGSM,720,hv_acc_2obj,1224.2752,results/r2-emoa/cifar10/2026-09-07_03-40-31_15798821/search/
r2-emoa,cifar10,FGSM,720,r2,0.08131860495390375,results/r2-emoa/cifar10/2026-09-07_03-40-31_15798821/search/
r2-emoa,cifar10,FGSM,720,hv_2obj,52.87259210592845,results/r2-emoa/cifar10/2026-09-07_03-40-31_15798821/search/
r2-emoa,cifar10,FGSM,760,hv,157548.97633643163,results/r2-emoa/cifar10/2026-09-07_03-40-31_15798821/search/
r2-emoa,cifar10,FGSM,760,hv_acc_2obj,1224.2752,results/r2-emoa/cifar10/2026-09-07_03-40-31_15798821/search/
r2-emoa,cifar10,FGSM,760,r2,0.08128325718811057,results/r2-emoa/cifar10/2026-09-07_03-40-31_15798821/search/
r2-emoa,cifar10,FGSM,760,hv_2obj,52.87259210592845,results/r2-emoa/cifar10/2026-09-07_03-40-31_15798821/search/
r2-emoa,cifar10,FGSM,800,hv,158023.551484922,results/r2-emoa/cifar10/2026-09-07_03-40-31_15798821/search/
r2-emoa,cifar10,FGSM,800,hv_acc_2obj,1233.6028000000003,results/r2-emoa/cifar10/2026-09-07_03-40-31_15798821/search/
r2-emoa,cifar10,FGSM,800,r2,0.080763978706585,results/r2-emoa/cifar10/2026-09-07_03-40-31_15798821/search/
r2-emoa,cifar10,FGSM,800,hv_2obj,53.03394764196831,results/r2-emoa/cifar10/2026-09-07_03-40-31_15798821/search/
r2-emoa,cifar10,FGSM,840,hv,158027.0883928359,results/r2-emoa/cifar10/2026-09-07_03-40-31_15798821/search/
r2-emoa,cifar10,FGSM,840,hv_acc_2obj,1233.6028000000003,results/r2-emoa/cifar10/2026-09-07_03-40-31_15798821/search/
r2-emoa,cifar10,FGSM,840,r2,0.080763978706585,results/r2-emoa/cifar10/2026-09-07_03-40-31_15798821/search/
r2-emoa,cifar10,FGSM,840,hv_2obj,53.03394764196831,results/r2-emoa/cifar10/2026-09-07_03-40-31_15798821/search/
r2-emoa,cifar10,FGSM,880,hv,158027.3413361899,results/r2-emoa/cifar10/2026-09-07_03-40-31_15798821/search/
r2-emoa,cifar10,FGSM,880,hv_acc_2obj,1233.6028000000003,results/r2-emoa/cifar10/2026-09-07_03-40-31_15798821/search/
r2-emoa,cifar10,FGSM,880,r2,0.080763978706585,results/r2-emoa/cifar10/2026-09-07_03-40-31_15798821/search/
r2-emoa,cifar10,FGSM,880,hv_2obj,53.03394764196831,results/r2-emoa/cifar10/2026-09-07_03-40-31_15798821/search/
r2-emoa,cifar10,FGSM,920,hv,158240.8095753216,results/r2-emoa/cifar10/2026-09-07_03-40-31_15798821/search/
r2-emoa,cifar10,FGSM,920,hv_acc_2obj,1233.6028000000003,results/r2-emoa/cifar10/2026-09-07_03-40-31_15798821/search/
r2-emoa,cifar10,FGSM,920,r2,0.08069048388413724,results/r2-emoa/cifar10/2026-09-07_03-40-31_15798821/search/
r2-emoa,cifar10,FGSM,920,hv_2obj,53.03394764196831,results/r2-emoa/cifar10/2026-09-07_03-40-31_15798821/search/
r2-emoa,cifar10,FGSM,960,hv,158243.34195438566,results/r2-emoa/cifar10/2026-09-07_03-40-31_15798821/search/
r2-emoa,cifar10,FGSM,960,hv_acc_2obj,1233.6028000000003,results/r2-emoa/cifar10/2026-09-07_03-40-31_15798821/search/
r2-emoa,cifar10,FGSM,960,r2,0.08069048388413724,results/r2-emoa/cifar10/2026-09-07_03-40-31_15798821/search/
r2-emoa,cifar10,FGSM,960,hv_2obj,53.03394764196831,results/r2-emoa/cifar10/2026-09-07_03-40-31_15798821/search/
r2-emoa,cifar10,FGSM,1000,hv,158249.2966240527,results/r2-emoa/cifar10/2026-09-07_03-40-31_15798821/search/
r2-emoa,cifar10,FGSM,1000,hv_acc_2obj,1233.6028000000003,results/r2-emoa/cifar10/2026-09-07_03-40-31_15798821/search/
r2-emoa,cifar10,FGSM,1000,r2,0.08069048388413724,results/r2-emoa/cifar10/2026-09-07_03-40-31_15798821/search/
r2-emoa,cifar10,FGSM,1000,hv_2obj,53.03394764196831,results/r2-emoa/cifar10/2026-09-07_03-40-31_15798821/search/
r2-emoa,cifar10,FGSM,1040,hv,158254.08474248397,results/r2-emoa/cifar10/2026-09-07_03-40-31_15798821/search/
r2-emoa,cifar10,FGSM,1040,hv_acc_2obj,1233.8308000000004,results/r2-emoa/cifar10/2026-09-07_03-40-31_15798821/search/
r2-emoa,cifar10,FGSM,1040,r2,0.08067495367030988,results/r2-emoa/cifar10/2026-09-07_03-40-31_15798821/search/
r2-emoa,cifar10,FGSM,1040,hv_2obj,53.034175306029766,results/r2-emoa/cifar10/2026-09-07_03-40-31_15798821/search/
r2-emoa,cifar10,FGSM,1080,hv,158261.8629083706,results/r2-emoa/cifar10/2026-09-07_03-40-31_15798821/search/
r2-emoa,cifar10,FGSM,1080,hv_acc_2obj,1233.8308000000004,results/r2-emoa/cifar10/2026-09-07_03-40-31_15798821/search/
r2-emoa,cifar10,FGSM,1080,r2,0.08067495367030988,results/r2-emoa/cifar10/2026-09-07_03-40-31_15798821/search/
r2-emoa,cifar10,FGSM,1080,hv_2obj,53.034175306029766,results/r2-emoa/cifar10/2026-09-07_03-40-31_15798821/search/
r2-emoa,cifar10,FGSM,1120,hv,158261.8797883451,results/r2-emoa/cifar10/2026-09-07_03-40-31_15798821/search/
r2-emoa,cifar10,FGSM,1120,hv_acc_2obj,1233.8308000000004,results/r2-emoa/cifar10/2026-09-07_03-40-31_15798821/search/
r2-emoa,cifar10,FGSM,1120,r2,0.08067495367030988,results/r2-emoa/cifar10/2026-09-07_03-40-31_15798821/search/
r2-emoa,cifar10,FGSM,1120,hv_2obj,53.034175306029766,results/r2-emoa/cifar10/2026-09-07_03-40-31_15798821/search/
r2-emoa,cifar10,FGSM,1160,hv,158262.74617787093,results/r2-emoa/cifar10/2026-09-07_03-40-31_15798821/search/
r2-emoa,cifar10,FGSM,1160,hv_acc_2obj,1233.8308000000004,results/r2-emoa/cifar10/2026-09-07_03-40-31_15798821/search/
r2-emoa,cifar10,FGSM,1160,r2,0.08067495367030988,results/r2-emoa/cifar10/2026-09-07_03-40-31_15798821/search/
r2-emoa,cifar10,FGSM,1160,hv_2obj,53.034175306029766,results/r2-emoa/cifar10/2026-09-07_03-40-31_15798821/search/
r2-emoa,cifar10,FGSM,1200,hv,158263.1732235991,results/r2-emoa/cifar10/2026-09-07_03-40-31_15798821/search/
r2-emoa,cifar10,FGSM,1200,hv_acc_2obj,1233.8308000000004,results/r2-emoa/cifar10/2026-09-07_03-40-31_15798821/search/
r2-emoa,cifar10,FGSM,1200,r2,0.08067495367030988,results/r2-emoa/cifar10/2026-09-07_03-40-31_15798821/search/
r2-emoa,cifar10,FGSM,1200,hv_2obj,53.034175306029766,results/r2-emoa/cifar10/2026-09-07_03-40-31_15798821/search/
r2-emoa,cifar10,FGSM,1240,hv,158263.88572511834,results/r2-emoa/cifar10/2026-09-07_03-40-31_15798821/search/
r2-emoa,cifar10,FGSM,1240,hv_acc_2obj,1233.8308000000004,results/r2-emoa/cifar10/2026-09-07_03-40-31_15798821/search/
r2-emoa,cifar10,FGSM,1240,r2,0.08067495367030988,results/r2-emoa/cifar10/2026-09-07_03-40-31_15798821/search/
r2-emoa,cifar10,FGSM,1240,hv_2obj,53.034175306029766,results/r2-emoa/cifar10/2026-09-07_03-40-31_15798821/search/
r2-emoa,cifar10,FGSM,40,hv,148915.05009902167,results/r2-emoa/cifar10/2026-09-07_08-04-18_65381509/search/
r2-emoa,cifar10,FGSM,40,hv_acc_2obj,926.6032000000001,results/r2-emoa/cifar10/2026-09-07_08-04-18_65381509/search/
r2-emoa,cifar10,FGSM,40,r2,0.08883908653927988,results/r2-emoa/cifar10/2026-09-07_08-04-18_65381509/search/
r2-emoa,cifar10,FGSM,40,hv_2obj,50.758938441082655,results/r2-emoa/cifar10/2026-09-07_08-04-18_65381509/search/
r2-emoa,cifar10,FGSM,80,hv,151808.92762734162,results/r2-emoa/cifar10/2026-09-07_08-04-18_65381509/search/
r2-emoa,cifar10,FGSM,80,hv_acc_2obj,958.0964000000002,results/r2-emoa/cifar10/2026-09-07_08-04-18_65381509/search/
r2-emoa,cifar10,FGSM,80,r2,0.08588804316821672,results/r2-emoa/cifar10/2026-09-07_08-04-18_65381509/search/
r2-emoa,cifar10,FGSM,80,hv_2obj,51.599966956951086,results/r2-emoa/cifar10/2026-09-07_08-04-18_65381509/search/
r2-emoa,cifar10,FGSM,120,hv,151965.0185298386,results/r2-emoa/cifar10/2026-09-07_08-04-18_65381509/search/
r2-emoa,cifar10,FGSM,120,hv_acc_2obj,975.0139999999999,results/r2-emoa/cifar10/2026-09-07_08-04-18_65381509/search/
r2-emoa,cifar10,FGSM,120,r2,0.08584857952045288,results/r2-emoa/cifar10/2026-09-07_08-04-18_65381509/search/
r2-emoa,cifar10,FGSM,120,hv_2obj,51.599966956951086,results/r2-emoa/cifar10/2026-09-07_08-04-18_65381509/search/
r2-emoa,cifar10,FGSM,160,hv,151982.82708003873,results/r2-emoa/cifar10/2026-09-07_08-04-18_65381509/search/
r2-emoa,cifar10,FGSM,160,hv_acc_2obj,1009.0399999999997,results/r2-emoa/cifar10/2026-09-07_08-04-18_65381509/search/
r2-emoa,cifar10,FGSM,160,r2,0.08584857952045288,results/r2-emoa/cifar10/2026-09-07_08-04-18_65381509/search/
r2-emoa,cifar10,FGSM,160,hv_2obj,51.599966956951086,results/r2-emoa/cifar10/2026-09-07_08-04-18_65381509/search/
r2-emoa,cifar10,FGSM,200,hv,152703.80745963074,results/r2-emoa/cifar10/2026-09-07_08-04-18_65381509/search/
r2-emoa,cifar10,FGSM,200,hv_acc_2obj,1011.2607999999998,results/r2-emoa/cifar10/2026-09-07_08-04-18_65381509/search/
r2-emoa,cifar10,FGSM,200,r2,0.08555608778588193,results/r2-emoa/cifar10/2026-09-07_08-04-18_65381509/search/
r2-emoa,cifar10,FGSM,200,hv_2obj,51.618566498716184,results/r2-emoa/cifar10/2026-09-07_08-04-18_65381509/search/
r2-emoa,cifar10,FGSM,240,hv,153023.7787889417,results/r2-emoa/cifar10/2026-09-07_08-04-18_65381509/search/
r2-emoa,cifar10,FGSM,240,hv_acc_2obj,1034.9307999999999,results/r2-emoa/cifar10/2026-09-07_08-04-18_65381509/search/
r2-emoa,cifar10,FGSM,240,r2,0.0852386467085255,results/r2-emoa/cifar10/2026-09-07_08-04-18_65381509/search/
r2-emoa,cifar10,FGSM,240,hv_2obj,51.72254797185094,results/r2-emoa/cifar10/2026-09-07_08-04-18_65381509/search/
r2-emoa,cifar10,FGSM,280,hv,157496.60901005895,results/r2-emoa/cifar10/2026-09-07_08-04-18_65381509/search/
r2-emoa,cifar10,FGSM,280,hv_acc_2obj,1271.8080000000002,results/r2-emoa/cifar10/2026-09-07_08-04-18_65381509/search/
r2-emoa,cifar10,FGSM,280,r2,0.0805217452825123,results/r2-emoa/cifar10/2026-09-07_08-04-18_65381509/search/
r2-emoa,cifar10,FGSM,280,hv_2obj,53.206487509197316,results/r2-emoa/cifar10/2026-09-07_08-04-18_65381509/search/
r2-emoa,cifar10,FGSM,320,hv,157501.29893168723,results/r2-emoa/cifar10/2026-09-07_08-04-18_65381509/search/
r2-emoa,cifar10,FGSM,320,hv_acc_2obj,1271.8080000000002,results/r2-emoa/cifar10/2026-09-07_08-04-18_65381509/search/
r2-emoa,cifar10,FGSM,320,r2,0.0805217452825123,results/r2-emoa/cifar10/2026-09-07_08-04-18_65381509/search/
r2-emoa,cifar10,FGSM,320,hv_2obj,53.206487509197316,results/r2-emoa/cifar10/2026-09-07_08-04-18_65381509/search/
r2-emoa,cifar10,FGSM,360,hv,157655.88189590164,results/r2-emoa/cifar10/2026-09-07_08-04-18_65381509/search/
r2-emoa,cifar10,FGSM,360,hv_acc_2obj,1271.8080000000002,results/r2-emoa/cifar10/2026-09-07_08-04-18_65381509/search/
r2-emoa,cifar10,FGSM,360,r2,0.08047333158804315,results/r2-emoa/cifar10/2026-09-07_08-04-18_65381509/search/
r2-emoa,cifar10,FGSM,360,hv_2obj,53.206487509197316,results/r2-emoa/cifar10/2026-09-07_08-04-18_65381509/search/
r2-emoa,cifar10,FGSM,400,hv,158027.62555774275,results/r2-emoa/cifar10/2026-09-07_08-04-18_65381509/search/
r2-emoa,cifar10,FGSM,400,hv_acc_2obj,1271.8080000000002,results/r2-emoa/cifar10/2026-09-07_08-04-18_65381509/search/
r2-emoa,cifar10,FGSM,400,r2,0.08035339174233214,results/r2-emoa/cifar10/2026-09-07_08-04-18_65381509/search/
r2-emoa,cifar10,FGSM,400,hv_2obj,53.206487509197316,results/r2-emoa/cifar10/2026-09-07_08-04-18_65381509/search/
r2-emoa,cifar10,FGSM,440,hv,158044.65839206413,results/r2-emoa/cifar10/2026-09-07_08-04-18_65381509/search/
r2-emoa,cifar10,FGSM,440,hv_acc_2obj,1271.8080000000002,results/r2-emoa/cifar10/2026-09-07_08-04-18_65381509/search/
r2-emoa,cifar10,FGSM,440,r2,0.08035339174233214,results/r2-emoa/cifar10/2026-09-07_08-04-18_65381509/search/
r2-emoa,cifar10,FGSM,440,hv_2obj,53.206487509197316,results/r2-emoa/cifar10/2026-09-07_08-04-18_65381509/search/
r2-emoa,cifar10,FGSM,480,hv,158049.7820850201,results/r2-emoa/cifar10/2026-09-07_08-04-18_65381509/search/
r2-emoa,cifar10,FGSM,480,hv_acc_2obj,1271.8080000000002,results/r2-emoa/cifar10/2026-09-07_08-04-18_65381509/search/
r2-emoa,cifar10,FGSM,480,r2,0.08035339174233214,results/r2-emoa/cifar10/2026-09-07_08-04-18_65381509/search/
r2-emoa,cifar10,FGSM,480,hv_2obj,53.206487509197316,results/r2-emoa/cifar10/2026-09-07_08-04-18_65381509/search/
r2-emoa,cifar10,FGSM,520,hv,158059.11512776295,results/r2-emoa/cifar10/2026-09-07_08-04-18_65381509/search/
r2-emoa,cifar10,FGSM,520,hv_acc_2obj,1271.8080000000002,results/r2-emoa/cifar10/2026-09-07_08-04-18_65381509/search/
r2-emoa,cifar10,FGSM,520,r2,0.08035339174233214,results/r2-emoa/cifar10/2026-09-07_08-04-18_65381509/search/
r2-emoa,cifar10,FGSM,520,hv_2obj,53.206487509197316,results/r2-emoa/cifar10/2026-09-07_08-04-18_65381509/search/
r2-emoa,cifar10,FGSM,560,hv,158486.2077678946,results/r2-emoa/cifar10/2026-09-07_08-04-18_65381509/search/
r2-emoa,cifar10,FGSM,560,hv_acc_2obj,1271.8080000000002,results/r2-emoa/cifar10/2026-09-07_08-04-18_65381509/search/
r2-emoa,cifar10,FGSM,560,r2,0.08020738016980579,results/r2-emoa/cifar10/2026-09-07_08-04-18_65381509/search/
r2-emoa,cifar10,FGSM,560,hv_2obj,53.206487509197316,results/r2-emoa/cifar10/2026-09-07_08-04-18_65381509/search/
r2-emoa,cifar10,FGSM,600,hv,158737.91978641765,results/r2-emoa/cifar10/2026-09-07_08-04-18_65381509/search/
r2-emoa,cifar10,FGSM,600,hv_acc_2obj,1271.8080000000002,results/r2-emoa/cifar10/2026-09-07_08-04-18_65381509/search/
r2-emoa,cifar10,FGSM,600,r2,0.0801233666320478,results/r2-emoa/cifar10/2026-09-07_08-04-18_65381509/search/
r2-emoa,cifar10,FGSM,600,hv_2obj,53.206487509197316,results/r2-emoa/cifar10/2026-09-07_08-04-18_65381509/search/
r2-emoa,cifar10,FGSM,640,hv,158742.9711106679,results/r2-emoa/cifar10/2026-09-07_08-04-18_65381509/search/
r2-emoa,cifar10,FGSM,640,hv_acc_2obj,1271.8080000000002,results/r2-emoa/cifar10/2026-09-07_08-04-18_65381509/search/
r2-emoa,cifar10,FGSM,640,r2,0.0801233666320478,results/r2-emoa/cifar10/2026-09-07_08-04-18_65381509/search/
r2-emoa,cifar10,FGSM,640,hv_2obj,53.206487509197316,results/r2-emoa/cifar10/2026-09-07_08-04-18_65381509/search/
r2-emoa,cifar10,FGSM,680,hv,158766.00800721892,results/r2-emoa/cifar10/2026-09-07_08-04-18_65381509/search/
r2-emoa,cifar10,FGSM,680,hv_acc_2obj,1271.8080000000002,results/r2-emoa/cifar10/2026-09-07_08-04-18_65381509/search/
r2-emoa,cifar10,FGSM,680,r2,0.0801233666320478,results/r2-emoa/cifar10/2026-09-07_08-04-18_65381509/search/
r2-emoa,cifar10,FGSM,680,hv_2obj,53.206487509197316,results/r2-emoa/cifar10/2026-09-07_08-04-18_65381509/search/
r2-emoa,cifar10,FGSM,720,hv,158780.82689385643,results/r2-emoa/cifar10/2026-09-07_08-04-18_65381509/search/
r2-emoa,cifar10,FGSM,720,hv_acc_2obj,1271.8080000000002,results/r2-emoa/cifar10/2026-09-07_08-04-18_65381509/search/
r2-emoa,cifar10,FGSM,720,r2,0.0801233666320478,results/r2-emoa/cifar10/2026-09-07_08-04-18_65381509/search/
r2-emoa,cifar10,FGSM,720,hv_2obj,53.206487509197316,results/r2-emoa/cifar10/2026-09-07_08-04-18_65381509/search/
r2-emoa,cifar10,FGSM,760,hv,158785.12548455028,results/r2-emoa/cifar10/2026-09-07_08-04-18_65381509/search/
r2-emoa,cifar10,FGSM,760,hv_acc_2obj,1271.8080000000002,results/r2-emoa/cifar10/2026-09-07_08-04-18_65381509/search/
r2-emoa,cifar10,FGSM,760,r2,0.0801233666320478,results/r2-emoa/cifar10/2026-09-07_08-04-18_65381509/search/
r2-emoa,cifar10,FGSM,760,hv_2obj,53.206487509197316,results/r2-emoa/cifar10/2026-09-07_08-04-18_65381509/search/
r2-emoa,cifar10,FGSM,800,hv,158797.71275746255,results/r2-emoa/cifar10/2026-09-07_08-04-18_65381509/search/
r2-emoa,cifar10,FGSM,800,hv_acc_2obj,1271.8080000000002,results/r2-emoa/cifar10/2026-09-07_08-04-18_65381509/search/
r2-emoa,cifar10,FGSM,800,r2,0.0801233666320478,results/r2-emoa/cifar10/2026-09-07_08-04-18_65381509/search/
r2-emoa,cifar10,FGSM,800,hv_2obj,53.206487509197316,results/r2-emoa/cifar10/2026-09-07_08-04-18_65381509/search/
r2-emoa,cifar10,FGSM,840,hv,158950.22479605832,results/r2-emoa/cifar10/2026-09-07_08-04-18_65381509/search/
r2-emoa,cifar10,FGSM,840,hv_acc_2obj,1271.8080000000002,results/r2-emoa/cifar10/2026-09-07_08-04-18_65381509/search/
r2-emoa,cifar10,FGSM,840,r2,0.07997064686482429,results/r2-emoa/cifar10/2026-09-07_08-04-18_65381509/search/
r2-emoa,cifar10,FGSM,840,hv_2obj,53.25416170138613,results/r2-emoa/cifar10/2026-09-07_08-04-18_65381509/search/
r2-emoa,cifar10,FGSM,880,hv,158955.25514086455,results/r2-emoa/cifar10/2026-09-07_08-04-18_65381509/search/
r2-emoa,cifar10,FGSM,880,hv_acc_2obj,1271.8080000000002,results/r2-emoa/cifar10/2026-09-07_08-04-18_65381509/search/
r2-emoa,cifar10,FGSM,880,r2,0.07997064686482429,results/r2-emoa/cifar10/2026-09-07_08-04-18_65381509/search/
r2-emoa,cifar10,FGSM,880,hv_2obj,53.25416170138613,results/r2-emoa/cifar10/2026-09-07_08-04-18_65381509/search/
r2-emoa,cifar10,FGSM,920,hv,158955.53713227282,results/r2-emoa/cifar10/2026-09-07_08-04-18_65381509/search/
r2-emoa,cifar10,FGSM,920,hv_acc_2obj,1271.8080000000002,results/r2-emoa/cifar10/2026-09-07_08-04-18_65381509/search/
r2-emoa,cifar10,FGSM,920,r2,0.07997064686482429,results/r2-emoa/cifar10/2026-09-07_08-04-18_65381509/search/
r2-emoa,cifar10,FGSM,920,hv_2obj,53.25416170138613,results/r2-emoa/cifar10/2026-09-07_08-04-18_65381509/search/
r2-emoa,cifar10,FGSM,960,hv,158955.54002554755,results/r2-emoa/cifar10/2026-09-07_08-04-18_65381509/search/
r2-emoa,cifar10,FGSM,960,hv_acc_2obj,1271.8080000000002,results/r2-emoa/cifar10/2026-09-07_08-04-18_65381509/search/
r2-emoa,cifar10,FGSM,960,r2,0.07997064686482429,results/r2-emoa/cifar10/2026-09-07_08-04-18_65381509/search/
r2-emoa,cifar10,FGSM,960,hv_2obj,53.25416170138613,results/r2-emoa/cifar10/2026-09-07_08-04-18_65381509/search/
r2-emoa,cifar10,FGSM,1000,hv,158955.87335839245,results/r2-emoa/cifar10/2026-09-07_08-04-18_65381509/search/
r2-emoa,cifar10,FGSM,1000,hv_acc_2obj,1271.8080000000002,results/r2-emoa/cifar10/2026-09-07_08-04-18_65381509/search/
r2-emoa,cifar10,FGSM,1000,r2,0.07997064686482429,results/r2-emoa/cifar10/2026-09-07_08-04-18_65381509/search/
r2-emoa,cifar10,FGSM,1000,hv_2obj,53.25416170138613,results/r2-emoa/cifar10/2026-09-07_08-04-18_65381509/search/
r2-emoa,cifar10,FGSM,1040,hv,158959.5948195648,results/r2-emoa/cifar10/2026-09-07_08-04-18_65381509/search/
r2-emoa,cifar10,FGSM,1040,hv_acc_2obj,1271.8080000000002,results/r2-emoa/cifar10/2026-09-07_08-04-18_65381509/search/
r2-emoa,cifar10,FGSM,1040,r2,0.07997064686482429,results/r2-emoa/cifar10/2026-09-07_08-04-18_65381509/search/
r2-emoa,cifar10,FGSM,1040,hv_2obj,53.25416170138613,results/r2-emoa/cifar10/2026-09-07_08-04-18_65381509/search/
r2-emoa,cifar10,FGSM,1080,hv,158959.61485774355,results/r2-emoa/cifar10/2026-09-07_08-04-18_65381509/search/
r2-emoa,cifar10,FGSM,1080,hv_acc_2obj,1271.8080000000002,results/r2-emoa/cifar10/2026-09-07_08-04-18_65381509/search/
r2-emoa,cifar10,FGSM,1080,r2,0.07997064686482429,results/r2-emoa/cifar10/2026-09-07_08-04-18_65381509/search/
r2-emoa,cifar10,FGSM,1080,hv_2obj,53.25416170138613,results/r2-emoa/cifar10/2026-09-07_08-04-18_65381509/search/
r2-emoa,cifar10,FGSM,1120,hv,158960.4362346454,results/r2-emoa/cifar10/2026-09-07_08-04-18_65381509/search/
r2-emoa,cifar10,FGSM,1120,hv_acc_2obj,1271.8080000000002,results/r2-emoa/cifar10/2026-09-07_08-04-18_65381509/search/
r2-emoa,cifar10,FGSM,1120,r2,0.07997064686482429,results/r2-emoa/cifar10/2026-09-07_08-04-18_65381509/search/
r2-emoa,cifar10,FGSM,1120,hv_2obj,53.25416170138613,results/r2-emoa/cifar10/2026-09-07_08-04-18_65381509/search/
r2-emoa,cifar10,FGSM,1160,hv,158962.114492662,results/r2-emoa/cifar10/2026-09-07_08-04-18_65381509/search/
r2-emoa,cifar10,FGSM,1160,hv_acc_2obj,1271.8080000000002,results/r2-emoa/cifar10/2026-09-07_08-04-18_65381509/search/
r2-emoa,cifar10,FGSM,1160,r2,0.07997064686482429,results/r2-emoa/cifar10/2026-09-07_08-04-18_65381509/search/
r2-emoa,cifar10,FGSM,1160,hv_2obj,53.25416170138613,results/r2-emoa/cifar10/2026-09-07_08-04-18_65381509/search/
r2-emoa,cifar10,FGSM,1200,hv,158965.3441819576,results/r2-emoa/cifar10/2026-09-07_08-04-18_65381509/search/
r2-emoa,cifar10,FGSM,1200,hv_acc_2obj,1271.8080000000002,results/r2-emoa/cifar10/2026-09-07_08-04-18_65381509/search/
r2-emoa,cifar10,FGSM,1200,r2,0.07997064686482429,results/r2-emoa/cifar10/2026-09-07_08-04-18_65381509/search/
r2-emoa,cifar10,FGSM,1200,hv_2obj,53.25416170138613,results/r2-emoa/cifar10/2026-09-07_08-04-18_65381509/search/
r2-emoa,cifar10,FGSM,1240,hv,159174.72291278685,results/r2-emoa/cifar10/2026-09-07_08-04-18_65381509/search/
r2-emoa,cifar10,FGSM,1240,hv_acc_2obj,1271.8080000000002,results/r2-emoa/cifar10/2026-09-07_08-04-18_65381509/search/
r2-emoa,cifar10,FGSM,1240,r2,0.07989930844798257,results/r2-emoa/cifar10/2026-09-07_08-04-18_65381509/search/
r2-emoa,cifar10,FGSM,1240,hv_2obj,53.25416170138613,results/r2-emoa/cifar10/2026-09-07_08-04-18_65381509/search/
r2-emoa,cifar10,FGSM,40,hv,151556.1026496416,results/r2-emoa/cifar10/2026-09-07_12-26-06_27293207/search/
r2-emoa,cifar10,FGSM,40,hv_acc_2obj,947.0783999999998,results/r2-emoa/cifar10/2026-09-07_12-26-06_27293207/search/
r2-emoa,cifar10,FGSM,40,r2,0.08589125738012512,results/r2-emoa/cifar10/2026-09-07_12-26-06_27293207/search/
r2-emoa,cifar10,FGSM,40,hv_2obj,51.675984864427576,results/r2-emoa/cifar10/2026-09-07_12-26-06_27293207/search/
r2-emoa,cifar10,FGSM,80,hv,152035.2838028891,results/r2-emoa/cifar10/2026-09-07_12-26-06_27293207/search/
r2-emoa,cifar10,FGSM,80,hv_acc_2obj,993.1103999999999,results/r2-emoa/cifar10/2026-09-07_12-26-06_27293207/search/
r2-emoa,cifar10,FGSM,80,r2,0.08573816889908616,results/r2-emoa/cifar10/2026-09-07_12-26-06_27293207/search/
r2-emoa,cifar10,FGSM,80,hv_2obj,51.675984864427576,results/r2-emoa/cifar10/2026-09-07_12-26-06_27293207/search/
r2-emoa,cifar10,FGSM,120,hv,152464.93885368036,results/r2-emoa/cifar10/2026-09-07_12-26-06_27293207/search/
r2-emoa,cifar10,FGSM,120,hv_acc_2obj,1010.5224000000003,results/r2-emoa/cifar10/2026-09-07_12-26-06_27293207/search/
r2-emoa,cifar10,FGSM,120,r2,0.08533538201690193,results/r2-emoa/cifar10/2026-09-07_12-26-06_27293207/search/
r2-emoa,cifar10,FGSM,120,hv_2obj,51.80697108358749,results/r2-emoa/cifar10/2026-09-07_12-26-06_27293207/search/
r2-emoa,cifar10,FGSM,160,hv,152904.2770793635,results/r2-emoa/cifar10/2026-09-07_12-26-06_27293207/search/
r2-emoa,cifar10,FGSM,160,hv_acc_2obj,1025.1456,results/r2-emoa/cifar10/2026-09-07_12-26-06_27293207/search/
r2-emoa,cifar10,FGSM,160,r2,0.08518679340193737,results/r2-emoa/cifar10/2026-09-07_12-26-06_27293207/search/
r2-emoa,cifar10,FGSM,160,hv_2obj,51.80697108358749,results/r2-emoa/cifar10/2026-09-07_12-26-06_27293207/search/
r2-emoa,cifar10,FGSM,200,hv,154115.77908401532,results/r2-emoa/cifar10/2026-09-07_12-26-06_27293207/search/
r2-emoa,cifar10,FGSM,200,hv_acc_2obj,1075.5631999999998,results/r2-emoa/cifar10/2026-09-07_12-26-06_27293207/search/
r2-emoa,cifar10,FGSM,200,r2,0.08430754150113476,results/r2-emoa/cifar10/2026-09-07_12-26-06_27293207/search/
r2-emoa,cifar10,FGSM,200,hv_2obj,52.0123491230086,results/r2-emoa/cifar10/2026-09-07_12-26-06_27293207/search/
r2-emoa,cifar10,FGSM,240,hv,154154.56579082366,results/r2-emoa/cifar10/2026-09-07_12-26-06_27293207/search/
r2-emoa,cifar10,FGSM,240,hv_acc_2obj,1075.5655999999997,results/r2-emoa/cifar10/2026-09-07_12-26-06_27293207/search/
r2-emoa,cifar10,FGSM,240,r2,0.08429881360730115,results/r2-emoa/cifar10/2026-09-07_12-26-06_27293207/search/
r2-emoa,cifar10,FGSM,240,hv_2obj,52.0123491230086,results/r2-emoa/cifar10/2026-09-07_12-26-06_27293207/search/
r2-emoa,cifar10,FGSM,280,hv,154318.4013496996,results/r2-emoa/cifar10/2026-09-07_12-26-06_27293207/search/
r2-emoa,cifar10,FGSM,280,hv_acc_2obj,1124.7812,results/r2-emoa/cifar10/2026-09-07_12-26-06_27293207/search/
r2-emoa,cifar10,FGSM,280,r2,0.08412270593202709,results/r2-emoa/cifar10/2026-09-07_12-26-06_27293207/search/
r2-emoa,cifar10,FGSM,280,hv_2obj,52.069868828579125,results/r2-emoa/cifar10/2026-09-07_12-26-06_27293207/search/
r2-emoa,cifar10,FGSM,320,hv,155580.43259734267,results/r2-emoa/cifar10/2026-09-07_12-26-06_27293207/search/
r2-emoa,cifar10,FGSM,320,hv_acc_2obj,1168.8303999999998,results/r2-emoa/cifar10/2026-09-07_12-26-06_27293207/search/
r2-emoa,cifar10,FGSM,320,r2,0.08297718803813613,results/r2-emoa/cifar10/2026-09-07_12-26-06_27293207/search/
r2-emoa,cifar10,FGSM,320,hv_2obj,52.416725616156306,results/r2-emoa/cifar10/2026-09-07_12-26-06_27293207/search/
r2-emoa,cifar10,FGSM,360,hv,155601.8727570193,results/r2-emoa/cifar10/2026-09-07_12-26-06_27293207/search/
r2-emoa,cifar10,FGSM,360,hv_acc_2obj,1169.4083999999996,results/r2-emoa/cifar10/2026-09-07_12-26-06_27293207/search/
r2-emoa,cifar10,FGSM,360,r2,0.08296987214366128,results/r2-emoa/cifar10/2026-09-07_12-26-06_27293207/search/
r2-emoa,cifar10,FGSM,360,hv_2obj,52.41771875828639,results/r2-emoa/cifar10/2026-09-07_12-26-06_27293207/search/
r2-emoa,cifar10,FGSM,400,hv,156951.83327422803,results/r2-emoa/cifar10/2026-09-07_12-26-06_27293207/search/
r2-emoa,cifar10,FGSM,400,hv_acc_2obj,1180.0775999999998,results/r2-emoa/cifar10/2026-09-07_12-26-06_27293207/search/
r2-emoa,cifar10,FGSM,400,r2,0.08148025157552095,results/r2-emoa/cifar10/2026-09-07_12-26-06_27293207/search/
r2-emoa,cifar10,FGSM,400,hv_2obj,52.8589385538451,results/r2-emoa/cifar10/2026-09-07_12-26-06_27293207/search/
r2-emoa,cifar10,FGSM,440,hv,157168.21916351517,results/r2-emoa/cifar10/2026-09-07_12-26-06_27293207/search/
r2-emoa,cifar10,FGSM,440,hv_acc_2obj,1180.0775999999998,results/r2-emoa/cifar10/2026-09-07_12-26-06_27293207/search/
r2-emoa,cifar10,FGSM,440,r2,0.08140676505946086,results/r2-emoa/cifar10/2026-09-07_12-26-06_27293207/search/
r2-emoa,cifar10,FGSM,440,hv_2obj,52.8589385538451,results/r2-emoa/cifar10/2026-09-07_12-26-06_27293207/search/
r2-emoa,cifar10,FGSM,480,hv,157253.8770267099,results/r2-emoa/cifar10/2026-09-07_12-26-06_27293207/search/
r2-emoa,cifar10,FGSM,480,hv_acc_2obj,1180.0775999999998,results/r2-emoa/cifar10/2026-09-07_12-26-06_27293207/search/
r2-emoa,cifar10,FGSM,480,r2,0.08138244611421351,results/r2-emoa/cifar10/2026-09-07_12-26-06_27293207/search/
r2-emoa,cifar10,FGSM,480,hv_2obj,52.8589385538451,results/r2-emoa/cifar10/2026-09-07_12-26-06_27293207/search/
r2-emoa,cifar10,FGSM,520,hv,157266.27404978845,results/r2-emoa/cifar10/2026-09-07_12-26-06_27293207/search/
r2-emoa,cifar10,FGSM,520,hv_acc_2obj,1181.7631999999996,results/r2-emoa/cifar10/2026-09-07_12-26-06_27293207/search/
r2-emoa,cifar10,FGSM,520,r2,0.08138109217302524,results/r2-emoa/cifar10/2026-09-07_12-26-06_27293207/search/
r2-emoa,cifar10,FGSM,520,hv_2obj,52.8589385538451,results/r2-emoa/cifar10/2026-09-07_12-26-06_27293207/search/
r2-emoa,cifar10,FGSM,560,hv,157289.12340900773,results/r2-emoa/cifar10/2026-09-07_12-26-06_27293207/search/
r2-emoa,cifar10,FGSM,560,hv_acc_2obj,1189.9215999999994,results/r2-emoa/cifar10/2026-09-07_12-26-06_27293207/search/
r2-emoa,cifar10,FGSM,560,r2,0.08138109217302524,results/r2-emoa/cifar10/2026-09-07_12-26-06_27293207/search/
r2-emoa,cifar10,FGSM,560,hv_2obj,52.8589497434148,results/r2-emoa/cifar10/2026-09-07_12-26-06_27293207/search/
r2-emoa,cifar10,FGSM,600,hv,157305.13176879607,results/r2-emoa/cifar10/2026-09-07_12-26-06_27293207/search/
r2-emoa,cifar10,FGSM,600,hv_acc_2obj,1190.7839999999994,results/r2-emoa/cifar10/2026-09-07_12-26-06_27293207/search/
r2-emoa,cifar10,FGSM,600,r2,0.0813766858937443,results/r2-emoa/cifar10/2026-09-07_12-26-06_27293207/search/
r2-emoa,cifar10,FGSM,600,hv_2obj,52.859124585203375,results/r2-emoa/cifar10/2026-09-07_12-26-06_27293207/search/
r2-emoa,cifar10,FGSM,640,hv,157313.560237305,results/r2-emoa/cifar10/2026-09-07_12-26-06_27293207/search/
r2-emoa,cifar10,FGSM,640,hv_acc_2obj,1192.8839999999996,results/r2-emoa/cifar10/2026-09-07_12-26-06_27293207/search/
r2-emoa,cifar10,FGSM,640,r2,0.08136498515151408,results/r2-emoa/cifar10/2026-09-07_12-26-06_27293207/search/
r2-emoa,cifar10,FGSM,640,hv_2obj,52.86105482019202,results/r2-emoa/cifar10/2026-09-07_12-26-06_27293207/search/
r2-emoa,cifar10,FGSM,680,hv,157520.08260814822,results/r2-emoa/cifar10/2026-09-07_12-26-06_27293207/search/
r2-emoa,cifar10,FGSM,680,hv_acc_2obj,1234.0200000000002,results/r2-emoa/cifar10/2026-09-07_12-26-06_27293207/search/
r2-emoa,cifar10,FGSM,680,r2,0.08129382234262375,results/r2-emoa/cifar10/2026-09-07_12-26-06_27293207/search/
r2-emoa,cifar10,FGSM,680,hv_2obj,52.86105482019202,results/r2-emoa/cifar10/2026-09-07_12-26-06_27293207/search/
r2-emoa,cifar10,FGSM,720,hv,157759.89977501254,results/r2-emoa/cifar10/2026-09-07_12-26-06_27293207/search/
r2-emoa,cifar10,FGSM,720,hv_acc_2obj,1234.0200000000002,results/r2-emoa/cifar10/2026-09-07_12-26-06_27293207/search/
r2-emoa,cifar10,FGSM,720,r2,0.08103083948336093,results/r2-emoa/cifar10/2026-09-07_12-26-06_27293207/search/
r2-emoa,cifar10,FGSM,720,hv_2obj,52.9428548911219,results/r2-emoa/cifar10/2026-09-07_12-26-06_27293207/search/
r2-emoa,cifar10,FGSM,760,hv,157762.7259404513,results/r2-emoa/cifar10/2026-09-07_12-26-06_27293207/search/
r2-emoa,cifar10,FGSM,760,hv_acc_2obj,1234.0200000000002,results/r2-emoa/cifar10/2026-09-07_12-26-06_27293207/search/
r2-emoa,cifar10,FGSM,760,r2,0.08103083948336093,results/r2-emoa/cifar10/2026-09-07_12-26-06_27293207/search/
r2-emoa,cifar10,FGSM,760,hv_2obj,52.9428548911219,results/r2-emoa/cifar10/2026-09-07_12-26-06_27293207/search/
r2-emoa,cifar10,FGSM,800,hv,157763.20226905425,results/r2-emoa/cifar10/2026-09-07_12-26-06_27293207/search/
r2-emoa,cifar10,FGSM,800,hv_acc_2obj,1234.0200000000002,results/r2-emoa/cifar10/2026-09-07_12-26-06_27293207/search/
r2-emoa,cifar10,FGSM,800,r2,0.08103083948336093,results/r2-emoa/cifar10/2026-09-07_12-26-06_27293207/search/
r2-emoa,cifar10,FGSM,800,hv_2obj,52.9428548911219,results/r2-emoa/cifar10/2026-09-07_12-26-06_27293207/search/
r2-emoa,cifar10,FGSM,840,hv,157978.7066662147,results/r2-emoa/cifar10/2026-09-07_12-26-06_27293207/search/
r2-emoa,cifar10,FGSM,840,hv_acc_2obj,1234.0200000000002,results/r2-emoa/cifar10/2026-09-07_12-26-06_27293207/search/
r2-emoa,cifar10,FGSM,840,r2,0.08095927719018257,results/r2-emoa/cifar10/2026-09-07_12-26-06_27293207/search/
r2-emoa,cifar10,FGSM,840,hv_2obj,52.9428548911219,results/r2-emoa/cifar10/2026-09-07_12-26-06_27293207/search/
r2-emoa,cifar10,FGSM,880,hv,157979.02546228518,results/r2-emoa/cifar10/2026-09-07_12-26-06_27293207/search/
r2-emoa,cifar10,FGSM,880,hv_acc_2obj,1234.0200000000002,results/r2-emoa/cifar10/2026-09-07_12-26-06_27293207/search/
r2-emoa,cifar10,FGSM,880,r2,0.08095927719018257,results/r2-emoa/cifar10/2026-09-07_12-26-06_27293207/search/
r2-emoa,cifar10,FGSM,880,hv_2obj,52.9428548911219,results/r2-emoa/cifar10/2026-09-07_12-26-06_27293207/search/
r2-emoa,cifar10,FGSM,920,hv,157981.98325251372,results/r2-emoa/cifar10/2026-09-07_12-26-06_27293207/search/
r2-emoa,cifar10,FGSM,920,hv_acc_2obj,1234.0200000000002,results/r2-emoa/cifar10/2026-09-07_12-26-06_27293207/search/
r2-emoa,cifar10,FGSM,920,r2,0.08095927719018257,results/r2-emoa/cifar10/2026-09-07_12-26-06_27293207/search/
r2-emoa,cifar10,FGSM,920,hv_2obj,52.9428548911219,results/r2-emoa/cifar10/2026-09-07_12-26-06_27293207/search/
r2-emoa,cifar10,FGSM,960,hv,157982.09366933192,results/r2-emoa/cifar10/2026-09-07_12-26-06_27293207/search/
r2-emoa,cifar10,FGSM,960,hv_acc_2obj,1234.0200000000002,results/r2-emoa/cifar10/2026-09-07_12-26-06_27293207/search/
r2-emoa,cifar10,FGSM,960,r2,0.08095927719018257,results/r2-emoa/cifar10/2026-09-07_12-26-06_27293207/search/
r2-emoa,cifar10,FGSM,960,hv_2obj,52.9428548911219,results/r2-emoa/cifar10/2026-09-07_12-26-06_27293207/search/
r2-emoa,cifar10,FGSM,1000,hv,158264.83251224365,results/r2-emoa/cifar10/2026-09-07_12-26-06_27293207/search/
r2-emoa,cifar10,FGSM,1000,hv_acc_2obj,1237.3175999999999,results/r2-emoa/cifar10/2026-09-07_12-26-06_27293207/search/
r2-emoa,cifar10,FGSM,1000,r2,0.08067325686917313,results/r2-emoa/cifar10/2026-09-07_12-26-06_27293207/search/
r2-emoa,cifar10,FGSM,1000,hv_2obj,53.03526586566672,results/r2-emoa/cifar10/2026-09-07_12-26-06_27293207/search/
r2-emoa,cifar10,FGSM,1040,hv,158265.2079251698,results/r2-emoa/cifar10/2026-09-07_12-26-06_27293207/search/
r2-emoa,cifar10,FGSM,1040,hv_acc_2obj,1237.3175999999999,results/r2-emoa/cifar10/2026-09-07_12-26-06_27293207/search/
r2-emoa,cifar10,FGSM,1040,r2,0.08067325686917313,results/r2-emoa/cifar10/2026-09-07_12-26-06_27293207/search/
r2-emoa,cifar10,FGSM,1040,hv_2obj,53.03526586566672,results/r2-emoa/cifar10/2026-09-07_12-26-06_27293207/search/
r2-emoa,cifar10,FGSM,1080,hv,158267.6485537722,results/r2-emoa/cifar10/2026-09-07_12-26-06_27293207/search/
r2-emoa,cifar10,FGSM,1080,hv_acc_2obj,1237.3175999999999,results/r2-emoa/cifar10/2026-09-07_12-26-06_27293207/search/
r2-emoa,cifar10,FGSM,1080,r2,0.08067325686917313,results/r2-emoa/cifar10/2026-09-07_12-26-06_27293207/search/
r2-emoa,cifar10,FGSM,1080,hv_2obj,53.03526586566672,results/r2-emoa/cifar10/2026-09-07_12-26-06_27293207/search/
r2-emoa,cifar10,FGSM,1120,hv,158269.55824100855,results/r2-emoa/cifar10/2026-09-07_12-26-06_27293207/search/
r2-emoa,cifar10,FGSM,1120,hv_acc_2obj,1237.3175999999999,results/r2-emoa/cifar10/2026-09-07_12-26-06_27293207/search/
r2-emoa,cifar10,FGSM,1120,r2,0.08067325686917313,results/r2-emoa/cifar10/2026-09-07_12-26-06_27293207/search/
r2-emoa,cifar10,FGSM,1120,hv_2obj,53.03526586566672,results/r2-emoa/cifar10/2026-09-07_12-26-06_27293207/search/
r2-emoa,cifar10,FGSM,1160,hv,158271.68281391743,results/r2-emoa/cifar10/2026-09-07_12-26-06_27293207/search/
r2-emoa,cifar10,FGSM,1160,hv_acc_2obj,1237.3175999999999,results/r2-emoa/cifar10/2026-09-07_12-26-06_27293207/search/
r2-emoa,cifar10,FGSM,1160,r2,0.08067325686917313,results/r2-emoa/cifar10/2026-09-07_12-26-06_27293207/search/
r2-emoa,cifar10,FGSM,1160,hv_2obj,53.03526586566672,results/r2-emoa/cifar10/2026-09-07_12-26-06_27293207/search/
r2-emoa,cifar10,FGSM,1200,hv,158272.8978838633,results/r2-emoa/cifar10/2026-09-07_12-26-06_27293207/search/
r2-emoa,cifar10,FGSM,1200,hv_acc_2obj,1237.3175999999999,results/r2-emoa/cifar10/2026-09-07_12-26-06_27293207/search/
r2-emoa,cifar10,FGSM,1200,r2,0.08067325686917313,results/r2-emoa/cifar10/2026-09-07_12-26-06_27293207/search/
r2-emoa,cifar10,FGSM,1200,hv_2obj,53.03526586566672,results/r2-emoa/cifar10/2026-09-07_12-26-06_27293207/search/
r2-emoa,cifar10,FGSM,1240,hv,158273.82086289232,results/r2-emoa/cifar10/2026-09-07_12-26-06_27293207/search/
r2-emoa,cifar10,FGSM,1240,hv_acc_2obj,1237.3175999999999,results/r2-emoa/cifar10/2026-09-07_12-26-06_27293207/search/
r2-emoa,cifar10,FGSM,1240,r2,0.08067325686917313,results/r2-emoa/cifar10/2026-09-07_12-26-06_27293207/search/
r2-emoa,cifar10,FGSM,1240,hv_2obj,53.03526586566672,results/r2-emoa/cifar10/2026-09-07_12-26-06_27293207/search/
r2-emoa,cifar10,FGSM,40,hv,148669.34205052874,results/r2-emoa/cifar10/2026-09-07_16-46-58_27522793/search/
r2-emoa,cifar10,FGSM,40,hv_acc_2obj,864.0440000000001,results/r2-emoa/cifar10/2026-09-07_16-46-58_27522793/search/
r2-emoa,cifar10,FGSM,40,r2,0.08910457452496914,results/r2-emoa/cifar10/2026-09-07_16-46-58_27522793/search/
r2-emoa,cifar10,FGSM,40,hv_2obj,50.677710373427814,results/r2-emoa/cifar10/2026-09-07_16-46-58_27522793/search/
r2-emoa,cifar10,FGSM,80,hv,150174.01751002594,results/r2-emoa/cifar10/2026-09-07_16-46-58_27522793/search/
r2-emoa,cifar10,FGSM,80,hv_acc_2obj,954.7035999999999,results/r2-emoa/cifar10/2026-09-07_16-46-58_27522793/search/
r2-emoa,cifar10,FGSM,80,r2,0.08794986566631477,results/r2-emoa/cifar10/2026-09-07_16-46-58_27522793/search/
r2-emoa,cifar10,FGSM,80,hv_2obj,50.95933782702016,results/r2-emoa/cifar10/2026-09-07_16-46-58_27522793/search/
r2-emoa,cifar10,FGSM,120,hv,150684.49438875882,results/r2-emoa/cifar10/2026-09-07_16-46-58_27522793/search/
r2-emoa,cifar10,FGSM,120,hv_acc_2obj,954.7035999999999,results/r2-emoa/cifar10/2026-09-07_16-46-58_27522793/search/
r2-emoa,cifar10,FGSM,120,r2,0.08770625667416654,results/r2-emoa/cifar10/2026-09-07_16-46-58_27522793/search/
r2-emoa,cifar10,FGSM,120,hv_2obj,50.99888972349496,results/r2-emoa/cifar10/2026-09-07_16-46-58_27522793/search/
r2-emoa,cifar10,FGSM,160,hv,151567.94465660842,results/r2-emoa/cifar10/2026-09-07_16-46-58_27522793/search/
r2-emoa,cifar10,FGSM,160,hv_acc_2obj,1001.9443999999999,results/r2-emoa/cifar10/2026-09-07_16-46-58_27522793/search/
r2-emoa,cifar10,FGSM,160,r2,0.0867691457073753,results/r2-emoa/cifar10/2026-09-07_16-46-58_27522793/search/
r2-emoa,cifar10,FGSM,160,hv_2obj,51.283593900082856,results/r2-emoa/cifar10/2026-09-07_16-46-58_27522793/search/
r2-emoa,cifar10,FGSM,200,hv,151697.1272078858,results/r2-emoa/cifar10/2026-09-07_16-46-58_27522793/search/
r2-emoa,cifar10,FGSM,200,hv_acc_2obj,1004.7047999999999,results/r2-emoa/cifar10/2026-09-07_16-46-58_27522793/search/
r2-emoa,cifar10,FGSM,200,r2,0.08673230441371937,results/r2-emoa/cifar10/2026-09-07_16-46-58_27522793/search/
r2-emoa,cifar10,FGSM,200,hv_2obj,51.28404090498196,results/r2-emoa/cifar10/2026-09-07_16-46-58_27522793/search/
r2-emoa,cifar10,FGSM,240,hv,152304.43740677668,results/r2-emoa/cifar10/2026-09-07_16-46-58_27522793/search/
r2-emoa,cifar10,FGSM,240,hv_acc_2obj,1015.1167999999999,results/r2-emoa/cifar10/2026-09-07_16-46-58_27522793/search/
r2-emoa,cifar10,FGSM,240,r2,0.0860206627143771,results/r2-emoa/cifar10/2026-09-07_16-46-58_27522793/search/
r2-emoa,cifar10,FGSM,240,hv_2obj,51.48410671672226,results/r2-emoa/cifar10/2026-09-07_16-46-58_27522793/search/
r2-emoa,cifar10,FGSM,280,hv,152567.91915207668,results/r2-emoa/cifar10/2026-09-07_16-46-58_27522793/search/
r2-emoa,cifar10,FGSM,280,hv_acc_2obj,1015.1167999999999,results/r2-emoa/cifar10/2026-09-07_16-46-58_27522793/search/
r2-emoa,cifar10,FGSM,280,r2,0.08592721797281803,results/r2-emoa/cifar10/2026-09-07_16-46-58_27522793/search/
r2-emoa,cifar10,FGSM,280,hv_2obj,51.48410671672226,results/r2-emoa/cifar10/2026-09-07_16-46-58_27522793/search/
r2-emoa,cifar10,FGSM,320,hv,153882.5490805111,results/r2-emoa/cifar10/2026-09-07_16-46-58_27522793/search/
r2-emoa,cifar10,FGSM,320,hv_acc_2obj,1086.2324,results/r2-emoa/cifar10/2026-09-07_16-46-58_27522793/search/
r2-emoa,cifar10,FGSM,320,r2,0.08482925461847024,results/r2-emoa/cifar10/2026-09-07_16-46-58_27522793/search/
r2-emoa,cifar10,FGSM,320,hv_2obj,51.78602968187042,results/r2-emoa/cifar10/2026-09-07_16-46-58_27522793/search/
r2-emoa,cifar10,FGSM,360,hv,154214.10814382607,results/r2-emoa/cifar10/2026-09-07_16-46-58_27522793/search/
r2-emoa,cifar10,FGSM,360,hv_acc_2obj,1089.7968,results/r2-emoa/cifar10/2026-09-07_16-46-58_27522793/search/
r2-emoa,cifar10,FGSM,360,r2,0.08464292126739234,results/r2-emoa/cifar10/2026-09-07_16-46-58_27522793/search/
r2-emoa,cifar10,FGSM,360,hv_2obj,51.821939142139996,results/r2-emoa/cifar10/2026-09-07_16-46-58_27522793/search/
r2-emoa,cifar10,FGSM,400,hv,154222.72868964955,results/r2-emoa/cifar10/2026-09-07_16-46-58_27522793/search/
r2-emoa,cifar10,FGSM,400,hv_acc_2obj,1090.1424,results/r2-emoa/cifar10/2026-09-07_16-46-58_27522793/search/
r2-emoa,cifar10,FGSM,400,r2,0.08464292126739234,results/r2-emoa/cifar10/2026-09-07_16-46-58_27522793/search/
r2-emoa,cifar10,FGSM,400,hv_2obj,51.821939142139996,results/r2-emoa/cifar10/2026-09-07_16-46-58_27522793/search/
r2-emoa,cifar10,FGSM,440,hv,154739.18560261166,results/r2-emoa/cifar10/2026-09-07_16-46-58_27522793/search/
r2-emoa,cifar10,FGSM,440,hv_acc_2obj,1090.1424,results/r2-emoa/cifar10/2026-09-07_16-46-58_27522793/search/
r2-emoa,cifar10,FGSM,440,r2,0.08425346064151704,results/r2-emoa/cifar10/2026-09-07_16-46-58_27522793/search/
r2-emoa,cifar10,FGSM,440,hv_2obj,51.92688810746586,results/r2-emoa/cifar10/2026-09-07_16-46-58_27522793/search/
r2-emoa,cifar10,FGSM,480,hv,154758.4738683732,results/r2-emoa/cifar10/2026-09-07_16-46-58_27522793/search/
r2-emoa,cifar10,FGSM,480,hv_acc_2obj,1090.168,results/r2-emoa/cifar10/2026-09-07_16-46-58_27522793/search/
r2-emoa,cifar10,FGSM,480,r2,0.08425346064151704,results/r2-emoa/cifar10/2026-09-07_16-46-58_27522793/search/
r2-emoa,cifar10,FGSM,480,hv_2obj,51.92688810746586,results/r2-emoa/cifar10/2026-09-07_16-46-58_27522793/search/
r2-emoa,cifar10,FGSM,520,hv,154831.48821730912,results/r2-emoa/cifar10/2026-09-07_16-46-58_27522793/search/
r2-emoa,cifar10,FGSM,520,hv_acc_2obj,1101.8176,results/r2-emoa/cifar10/2026-09-07_16-46-58_27522793/search/
r2-emoa,cifar10,FGSM,520,r2,0.08418462065459018,results/r2-emoa/cifar10/2026-09-07_16-46-58_27522793/search/
r2-emoa,cifar10,FGSM,520,hv_2obj,51.94907463683159,results/r2-emoa/cifar10/2026-09-07_16-46-58_27522793/search/
r2-emoa,cifar10,FGSM,560,hv,155044.9824323043,results/r2-emoa/cifar10/2026-09-07_16-46-58_27522793/search/
r2-emoa,cifar10,FGSM,560,hv_acc_2obj,1109.8816000000004,results/r2-emoa/cifar10/2026-09-07_16-46-58_27522793/search/
r2-emoa,cifar10,FGSM,560,r2,0.08395373961519051,results/r2-emoa/cifar10/2026-09-07_16-46-58_27522793/search/
r2-emoa,cifar10,FGSM,560,hv_2obj,52.017328801910935,results/r2-emoa/cifar10/2026-09-07_16-46-58_27522793/search/
r2-emoa,cifar10,FGSM,600,hv,155050.74478037003,results/r2-emoa/cifar10/2026-09-07_16-46-58_27522793/search/
r2-emoa,cifar10,FGSM,600,hv_acc_2obj,1109.8816000000004,results/r2-emoa/cifar10/2026-09-07_16-46-58_27522793/search/
r2-emoa,cifar10,FGSM,600,r2,0.08395373961519051,results/r2-emoa/cifar10/2026-09-07_16-46-58_27522793/search/
r2-emoa,cifar10,FGSM,600,hv_2obj,52.017328801910935,results/r2-emoa/cifar10/2026-09-07_16-46-58_27522793/search/
r2-emoa,cifar10,FGSM,640,hv,155103.8109459877,results/r2-emoa/cifar10/2026-09-07_16-46-58_27522793/search/
r2-emoa,cifar10,FGSM,640,hv_acc_2obj,1113.3596000000005,results/r2-emoa/cifar10/2026-09-07_16-46-58_27522793/search/
r2-emoa,cifar10,FGSM,640,r2,0.08392629640057098,results/r2-emoa/cifar10/2026-09-07_16-46-58_27522793/search/
r2-emoa,cifar10,FGSM,640,hv_2obj,52.020867531950095,results/r2-emoa/cifar10/2026-09-07_16-46-58_27522793/search/
r2-emoa,cifar10,FGSM,680,hv,155104.76883524028,results/r2-emoa/cifar10/2026-09-07_16-46-58_27522793/search/
r2-emoa,cifar10,FGSM,680,hv_acc_2obj,1113.3596000000005,results/r2-emoa/cifar10/2026-09-07_16-46-58_27522793/search/
r2-emoa,cifar10,FGSM,680,r2,0.08392629640057098,results/r2-emoa/cifar10/2026-09-07_16-46-58_27522793/search/
r2-emoa,cifar10,FGSM,680,hv_2obj,52.020867531950095,results/r2-emoa/cifar10/2026-09-07_16-46-58_27522793/search/
r2-emoa,cifar10,FGSM,720,hv,155176.00092538248,results/r2-emoa/cifar10/2026-09-07_16-46-58_27522793/search/
r2-emoa,cifar10,FGSM,720,hv_acc_2obj,1137.5192,results/r2-emoa/cifar10/2026-09-07_16-46-58_27522793/search/
r2-emoa,cifar10,FGSM,720,r2,0.0838628547681596,results/r2-emoa/cifar10/2026-09-07_16-46-58_27522793/search/
r2-emoa,cifar10,FGSM,720,hv_2obj,52.043474642967865,results/r2-emoa/cifar10/2026-09-07_16-46-58_27522793/search/
r2-emoa,cifar10,FGSM,760,hv,155625.8088521479,results/r2-emoa/cifar10/2026-09-07_16-46-58_27522793/search/
r2-emoa,cifar10,FGSM,760,hv_acc_2obj,1139.4556,results/r2-emoa/cifar10/2026-09-07_16-46-58_27522793/search/
r2-emoa,cifar10,FGSM,760,r2,0.0834456441414047,results/r2-emoa/cifar10/2026-09-07_16-46-58_27522793/search/
r2-emoa,cifar10,FGSM,760,hv_2obj,52.165277675951366,results/r2-emoa/cifar10/2026-09-07_16-46-58_27522793/search/
r2-emoa,cifar10,FGSM,800,hv,155934.54239892395,results/r2-emoa/cifar10/2026-09-07_16-46-58_27522793/search/
r2-emoa,cifar10,FGSM,800,hv_acc_2obj,1139.998,results/r2-emoa/cifar10/2026-09-07_16-46-58_27522793/search/
r2-emoa,cifar10,FGSM,800,r2,0.08312637767356584,results/r2-emoa/cifar10/2026-09-07_16-46-58_27522793/search/
r2-emoa,cifar10,FGSM,800,hv_2obj,52.26244759784274,results/r2-emoa/cifar10/2026-09-07_16-46-58_27522793/search/
r2-emoa,cifar10,FGSM,840,hv,155934.87810850167,results/r2-emoa/cifar10/2026-09-07_16-46-58_27522793/search/
r2-emoa,cifar10,FGSM,840,hv_acc_2obj,1139.998,results/r2-emoa/cifar10/2026-09-07_16-46-58_27522793/search/
r2-emoa,cifar10,FGSM,840,r2,0.08312637767356584,results/r2-emoa/cifar10/2026-09-07_16-46-58_27522793/search/
r2-emoa,cifar10,FGSM,840,hv_2obj,52.26244759784274,results/r2-emoa/cifar10/2026-09-07_16-46-58_27522793/search/
r2-emoa,cifar10,FGSM,880,hv,155942.83712048444,results/r2-emoa/cifar10/2026-09-07_16-46-58_27522793/search/
r2-emoa,cifar10,FGSM,880,hv_acc_2obj,1140.5676000000003,results/r2-emoa/cifar10/2026-09-07_16-46-58_27522793/search/
r2-emoa,cifar10,FGSM,880,r2,0.08309601401691633,results/r2-emoa/cifar10/2026-09-07_16-46-58_27522793/search/
r2-emoa,cifar10,FGSM,880,hv_2obj,52.26414637784111,results/r2-emoa/cifar10/2026-09-07_16-46-58_27522793/search/
r2-emoa,cifar10,FGSM,920,hv,156124.6637386971,results/r2-emoa/cifar10/2026-09-07_16-46-58_27522793/search/
r2-emoa,cifar10,FGSM,920,hv_acc_2obj,1140.688,results/r2-emoa/cifar10/2026-09-07_16-46-58_27522793/search/
r2-emoa,cifar10,FGSM,920,r2,0.08303431600900843,results/r2-emoa/cifar10/2026-09-07_16-46-58_27522793/search/
r2-emoa,cifar10,FGSM,920,hv_2obj,52.26414637784111,results/r2-emoa/cifar10/2026-09-07_16-46-58_27522793/search/
r2-emoa,cifar10,FGSM,960,hv,156125.36655713827,results/r2-emoa/cifar10/2026-09-07_16-46-58_27522793/search/
r2-emoa,cifar10,FGSM,960,hv_acc_2obj,1140.7356,results/r2-emoa/cifar10/2026-09-07_16-46-58_27522793/search/
r2-emoa,cifar10,FGSM,960,r2,0.08303431600900843,results/r2-emoa/cifar10/2026-09-07_16-46-58_27522793/search/
r2-emoa,cifar10,FGSM,960,hv_2obj,52.264379521718475,results/r2-emoa/cifar10/2026-09-07_16-46-58_27522793/search/
r2-emoa,cifar10,FGSM,1000,hv,156223.75572216837,results/r2-emoa/cifar10/2026-09-07_16-46-58_27522793/search/
r2-emoa,cifar10,FGSM,1000,hv_acc_2obj,1140.7356,results/r2-emoa/cifar10/2026-09-07_16-46-58_27522793/search/
r2-emoa,cifar10,FGSM,1000,r2,0.08300285304437319,results/r2-emoa/cifar10/2026-09-07_16-46-58_27522793/search/
r2-emoa,cifar10,FGSM,1000,hv_2obj,52.264379521718475,results/r2-emoa/cifar10/2026-09-07_16-46-58_27522793/search/
r2-emoa,cifar10,FGSM,1040,hv,156224.6618808229,results/r2-emoa/cifar10/2026-09-07_16-46-58_27522793/search/
r2-emoa,cifar10,FGSM,1040,hv_acc_2obj,1142.826,results/r2-emoa/cifar10/2026-09-07_16-46-58_27522793/search/
r2-emoa,cifar10,FGSM,1040,r2,0.08300285304437319,results/r2-emoa/cifar10/2026-09-07_16-46-58_27522793/search/
r2-emoa,cifar10,FGSM,1040,hv_2obj,52.264379521718475,results/r2-emoa/cifar10/2026-09-07_16-46-58_27522793/search/
r2-emoa,cifar10,FGSM,1080,hv,156675.54597745455,results/r2-emoa/cifar10/2026-09-07_16-46-58_27522793/search/
r2-emoa,cifar10,FGSM,1080,hv_acc_2obj,1143.13,results/r2-emoa/cifar10/2026-09-07_16-46-58_27522793/search/
r2-emoa,cifar10,FGSM,1080,r2,0.08251251821029647,results/r2-emoa/cifar10/2026-09-07_16-46-58_27522793/search/
r2-emoa,cifar10,FGSM,1080,hv_2obj,52.41627067254076,results/r2-emoa/cifar10/2026-09-07_16-46-58_27522793/search/
r2-emoa,cifar10,FGSM,1120,hv,156677.2757065798,results/r2-emoa/cifar10/2026-09-07_16-46-58_27522793/search/
r2-emoa,cifar10,FGSM,1120,hv_acc_2obj,1143.13,results/r2-emoa/cifar10/2026-09-07_16-46-58_27522793/search/
r2-emoa,cifar10,FGSM,1120,r2,0.08251251821029647,results/r2-emoa/cifar10/2026-09-07_16-46-58_27522793/search/
r2-emoa,cifar10,FGSM,1120,hv_2obj,52.41627067254076,results/r2-emoa/cifar10/2026-09-07_16-46-58_27522793/search/
r2-emoa,cifar10,FGSM,1160,hv,156677.51094628664,results/r2-emoa/cifar10/2026-09-07_16-46-58_27522793/search/
r2-emoa,cifar10,FGSM,1160,hv_acc_2obj,1143.6388000000002,results/r2-emoa/cifar10/2026-09-07_16-46-58_27522793/search/
r2-emoa,cifar10,FGSM,1160,r2,0.08251251821029647,results/r2-emoa/cifar10/2026-09-07_16-46-58_27522793/search/
r2-emoa,cifar10,FGSM,1160,hv_2obj,52.41627067254076,results/r2-emoa/cifar10/2026-09-07_16-46-58_27522793/search/
r2-emoa,cifar10,FGSM,1200,hv,156681.21648785163,results/r2-emoa/cifar10/2026-09-07_16-46-58_27522793/search/
r2-emoa,cifar10,FGSM,1200,hv_acc_2obj,1143.6388000000002,results/r2-emoa/cifar10/2026-09-07_16-46-58_27522793/search/
r2-emoa,cifar10,FGSM,1200,r2,0.08251251821029647,results/r2-emoa/cifar10/2026-09-07_16-46-58_27522793/search/
r2-emoa,cifar10,FGSM,1200,hv_2obj,52.41627067254076,results/r2-emoa/cifar10/2026-09-07_16-46-58_27522793/search/
r2-emoa,cifar10,FGSM,1240,hv,156681.80466459933,results/r2-emoa/cifar10/2026-09-07_16-46-58_27522793/search/
r2-emoa,cifar10,FGSM,1240,hv_acc_2obj,1143.6388000000002,results/r2-emoa/cifar10/2026-09-07_16-46-58_27522793/search/
r2-emoa,cifar10,FGSM,1240,r2,0.08251251821029647,results/r2-emoa/cifar10/2026-09-07_16-46-58_27522793/search/
r2-emoa,cifar10,FGSM,1240,hv_2obj,52.41627067254076,results/r2-emoa/cifar10/2026-09-07_16-46-58_27522793/search/
r2-emoa,cifar10,FGSM,40,hv,149821.2914988057,results/r2-emoa/cifar10/2026-09-07_23-57-40_18906049/search/
r2-emoa,cifar10,FGSM,40,hv_acc_2obj,926.3323999999997,results/r2-emoa/cifar10/2026-09-07_23-57-40_18906049/search/
r2-emoa,cifar10,FGSM,40,r2,0.11688218170165876,results/r2-emoa/cifar10/2026-09-07_23-57-40_18906049/search/
r2-emoa,cifar10,FGSM,40,hv_2obj,51.08529410694413,results/r2-emoa/cifar10/2026-09-07_23-57-40_18906049/search/
r2-emoa,cifar10,FGSM,80,hv,150027.69927704637,results/r2-emoa/cifar10/2026-09-07_23-57-40_18906049/search/
r2-emoa,cifar10,FGSM,80,hv_acc_2obj,949.9699999999997,results/r2-emoa/cifar10/2026-09-07_23-57-40_18906049/search/
r2-emoa,cifar10,FGSM,80,r2,0.11688218170165876,results/r2-emoa/cifar10/2026-09-07_23-57-40_18906049/search/
r2-emoa,cifar10,FGSM,80,hv_2obj,51.08529410694413,results/r2-emoa/cifar10/2026-09-07_23-57-40_18906049/search/
r2-emoa,cifar10,FGSM,120,hv,152796.34516159247,results/r2-emoa/cifar10/2026-09-07_23-57-40_18906049/search/
r2-emoa,cifar10,FGSM,120,hv_acc_2obj,1040.8516,results/r2-emoa/cifar10/2026-09-07_23-57-40_18906049/search/
r2-emoa,cifar10,FGSM,120,r2,0.11368148159216791,results/r2-emoa/cifar10/2026-09-07_23-57-40_18906049/search/
r2-emoa,cifar10,FGSM,120,hv_2obj,51.80929290132981,results/r2-emoa/cifar10/2026-09-07_23-57-40_18906049/search/
r2-emoa,cifar10,FGSM,160,hv,153004.94326514032,results/r2-emoa/cifar10/2026-09-07_23-57-40_18906049/search/
r2-emoa,cifar10,FGSM,160,hv_acc_2obj,1041.4624,results/r2-emoa/cifar10/2026-09-07_23-57-40_18906049/search/
r2-emoa,cifar10,FGSM,160,r2,0.11368148159216791,results/r2-emoa/cifar10/2026-09-07_23-57-40_18906049/search/
r2-emoa,cifar10,FGSM,160,hv_2obj,51.80929290132981,results/r2-emoa/cifar10/2026-09-07_23-57-40_18906049/search/
r2-emoa,cifar10,FGSM,200,hv,153585.83951548277,results/r2-emoa/cifar10/2026-09-07_23-57-40_18906049/search/
r2-emoa,cifar10,FGSM,200,hv_acc_2obj,1042.0171999999998,results/r2-emoa/cifar10/2026-09-07_23-57-40_18906049/search/
r2-emoa,cifar10,FGSM,200,r2,0.11316833305020846,results/r2-emoa/cifar10/2026-09-07_23-57-40_18906049/search/
r2-emoa,cifar10,FGSM,200,hv_2obj,51.92312267689565,results/r2-emoa/cifar10/2026-09-07_23-57-40_18906049/search/
r2-emoa,cifar10,FGSM,240,hv,154878.97808771936,results/r2-emoa/cifar10/2026-09-07_23-57-40_18906049/search/
r2-emoa,cifar10,FGSM,240,hv_acc_2obj,1096.3511999999998,results/r2-emoa/cifar10/2026-09-07_23-57-40_18906049/search/
r2-emoa,cifar10,FGSM,240,r2,0.11237682165765812,results/r2-emoa/cifar10/2026-09-07_23-57-40_18906049/search/
r2-emoa,cifar10,FGSM,240,hv_2obj,52.09968853311538,results/r2-emoa/cifar10/2026-09-07_23-57-40_18906049/search/
r2-emoa,cifar10,FGSM,280,hv,156368.02784497244,results/r2-emoa/cifar10/2026-09-07_23-57-40_18906049/search/
r2-emoa,cifar10,FGSM,280,hv_acc_2obj,1177.8776,results/r2-emoa/cifar10/2026-09-07_23-57-40_18906049/search/
r2-emoa,cifar10,FGSM,280,r2,0.11024816759080518,results/r2-emoa/cifar10/2026-09-07_23-57-40_18906049/search/
r2-emoa,cifar10,FGSM,280,hv_2obj,52.60261505192515,results/r2-emoa/cifar10/2026-09-07_23-57-40_18906049/search/
r2-emoa,cifar10,FGSM,320,hv,156387.13642678433,results/r2-emoa/cifar10/2026-09-07_23-57-40_18906049/search/
r2-emoa,cifar10,FGSM,320,hv_acc_2obj,1182.6892,results/r2-emoa/cifar10/2026-09-07_23-57-40_18906049/search/
r2-emoa,cifar10,FGSM,320,r2,0.11024493590854298,results/r2-emoa/cifar10/2026-09-07_23-57-40_18906049/search/
r2-emoa,cifar10,FGSM,320,hv_2obj,52.6041088574808,results/r2-emoa/cifar10/2026-09-07_23-57-40_18906049/search/
r2-emoa,cifar10,FGSM,360,hv,156747.13565989624,results/r2-emoa/cifar10/2026-09-07_23-57-40_18906049/search/
r2-emoa,cifar10,FGSM,360,hv_acc_2obj,1221.606,results/r2-emoa/cifar10/2026-09-07_23-57-40_18906049/search/
r2-emoa,cifar10,FGSM,360,r2,0.1098647909845936,results/r2-emoa/cifar10/2026-09-07_23-57-40_18906049/search/
r2-emoa,cifar10,FGSM,360,hv_2obj,52.68962403735493,results/r2-emoa/cifar10/2026-09-07_23-57-40_18906049/search/
r2-emoa,cifar10,FGSM,400,hv,156798.2691215492,results/r2-emoa/cifar10/2026-09-07_23-57-40_18906049/search/
r2-emoa,cifar10,FGSM,400,hv_acc_2obj,1221.606,results/r2-emoa/cifar10/2026-09-07_23-57-40_18906049/search/
r2-emoa,cifar10,FGSM,400,r2,0.1098647909845936,results/r2-emoa/cifar10/2026-09-07_23-57-40_18906049/search/
r2-emoa,cifar10,FGSM,400,hv_2obj,52.68962403735493,results/r2-emoa/cifar10/2026-09-07_23-57-40_18906049/search/
r2-emoa,cifar10,FGSM,440,hv,156903.57325995778,results/r2-emoa/cifar10/2026-09-07_23-57-40_18906049/search/
r2-emoa,cifar10,FGSM,440,hv_acc_2obj,1221.606,results/r2-emoa/cifar10/2026-09-07_23-57-40_18906049/search/
r2-emoa,cifar10,FGSM,440,r2,0.1098647909845936,results/r2-emoa/cifar10/2026-09-07_23-57-40_18906049/search/
r2-emoa,cifar10,FGSM,440,hv_2obj,52.68962403735493,results/r2-emoa/cifar10/2026-09-07_23-57-40_18906049/search/
r2-emoa,cifar10,FGSM,480,hv,156905.92880633223,results/r2-emoa/cifar10/2026-09-07_23-57-40_18906049/search/
r2-emoa,cifar10,FGSM,480,hv_acc_2obj,1221.606,results/r2-emoa/cifar10/2026-09-07_23-57-40_18906049/search/
r2-emoa,cifar10,FGSM,480,r2,0.1098647909845936,results/r2-emoa/cifar10/2026-09-07_23-57-40_18906049/search/
r2-emoa,cifar10,FGSM,480,hv_2obj,52.68962403735493,results/r2-emoa/cifar10/2026-09-07_23-57-40_18906049/search/
r2-emoa,cifar10,FGSM,520,hv,157384.67230030737,results/r2-emoa/cifar10/2026-09-07_23-57-40_18906049/search/
r2-emoa,cifar10,FGSM,520,hv_acc_2obj,1223.94,results/r2-emoa/cifar10/2026-09-07_23-57-40_18906049/search/
r2-emoa,cifar10,FGSM,520,r2,0.10924150434133131,results/r2-emoa/cifar10/2026-09-07_23-57-40_18906049/search/
r2-emoa,cifar10,FGSM,520,hv_2obj,52.83021748791404,results/r2-emoa/cifar10/2026-09-07_23-57-40_18906049/search/
r2-emoa,cifar10,FGSM,560,hv,157487.7171884411,results/r2-emoa/cifar10/2026-09-07_23-57-40_18906049/search/
r2-emoa,cifar10,FGSM,560,hv_acc_2obj,1223.94,results/r2-emoa/cifar10/2026-09-07_23-57-40_18906049/search/
r2-emoa,cifar10,FGSM,560,r2,0.10924150434133131,results/r2-emoa/cifar10/2026-09-07_23-57-40_18906049/search/
r2-emoa,cifar10,FGSM,560,hv_2obj,52.83031452570933,results/r2-emoa/cifar10/2026-09-07_23-57-40_18906049/search/
r2-emoa,cifar10,FGSM,600,hv,157602.88260749454,results/r2-emoa/cifar10/2026-09-07_23-57-40_18906049/search/
r2-emoa,cifar10,FGSM,600,hv_acc_2obj,1223.94,results/r2-emoa/cifar10/2026-09-07_23-57-40_18906049/search/
r2-emoa,cifar10,FGSM,600,r2,0.10924150434133131,results/r2-emoa/cifar10/2026-09-07_23-57-40_18906049/search/
r2-emoa,cifar10,FGSM,600,hv_2obj,52.83031452570933,results/r2-emoa/cifar10/2026-09-07_23-57-40_18906049/search/
r2-emoa,cifar10,FGSM,640,hv,157602.88905380017,results/r2-emoa/cifar10/2026-09-07_23-57-40_18906049/search/
r2-emoa,cifar10,FGSM,640,hv_acc_2obj,1223.94,results/r2-emoa/cifar10/2026-09-07_23-57-40_18906049/search/
r2-emoa,cifar10,FGSM,640,r2,0.10924150434133131,results/r2-emoa/cifar10/2026-09-07_23-57-40_18906049/search/
r2-emoa,cifar10,FGSM,640,hv_2obj,52.83031452570933,results/r2-emoa/cifar10/2026-09-07_23-57-40_18906049/search/
r2-emoa,cifar10,FGSM,680,hv,157998.83517490068,results/r2-emoa/cifar10/2026-09-07_23-57-40_18906049/search/
r2-emoa,cifar10,FGSM,680,hv_acc_2obj,1246.7484000000004,results/r2-emoa/cifar10/2026-09-07_23-57-40_18906049/search/
r2-emoa,cifar10,FGSM,680,r2,0.108643728055271,results/r2-emoa/cifar10/2026-09-07_23-57-40_18906049/search/
r2-emoa,cifar10,FGSM,680,hv_2obj,52.964542304215826,results/r2-emoa/cifar10/2026-09-07_23-57-40_18906049/search/
r2-emoa,cifar10,FGSM,720,hv,158015.99618041588,results/r2-emoa/cifar10/2026-09-07_23-57-40_18906049/search/
r2-emoa,cifar10,FGSM,720,hv_acc_2obj,1251.3828000000003,results/r2-emoa/cifar10/2026-09-07_23-57-40_18906049/search/
r2-emoa,cifar10,FGSM,720,r2,0.108643728055271,results/r2-emoa/cifar10/2026-09-07_23-57-40_18906049/search/
r2-emoa,cifar10,FGSM,720,hv_2obj,52.967015652339434,results/r2-emoa/cifar10/2026-09-07_23-57-40_18906049/search/
r2-emoa,cifar10,FGSM,760,hv,158016.83458012296,results/r2-emoa/cifar10/2026-09-07_23-57-40_18906049/search/
r2-emoa,cifar10,FGSM,760,hv_acc_2obj,1284.0232,results/r2-emoa/cifar10/2026-09-07_23-57-40_18906049/search/
r2-emoa,cifar10,FGSM,760,r2,0.108643728055271,results/r2-emoa/cifar10/2026-09-07_23-57-40_18906049/search/
r2-emoa,cifar10,FGSM,760,hv_2obj,52.967015652339434,results/r2-emoa/cifar10/2026-09-07_23-57-40_18906049/search/
r2-emoa,cifar10,FGSM,800,hv,158017.15684523247,results/r2-emoa/cifar10/2026-09-07_23-57-40_18906049/search/
r2-emoa,cifar10,FGSM,800,hv_acc_2obj,1284.1191999999999,results/r2-emoa/cifar10/2026-09-07_23-57-40_18906049/search/
r2-emoa,cifar10,FGSM,800,r2,0.108643728055271,results/r2-emoa/cifar10/2026-09-07_23-57-40_18906049/search/
r2-emoa,cifar10,FGSM,800,hv_2obj,52.967015652339434,results/r2-emoa/cifar10/2026-09-07_23-57-40_18906049/search/
r2-emoa,cifar10,FGSM,840,hv,158018.91910181104,results/r2-emoa/cifar10/2026-09-07_23-57-40_18906049/search/
r2-emoa,cifar10,FGSM,840,hv_acc_2obj,1284.1191999999999,results/r2-emoa/cifar10/2026-09-07_23-57-40_18906049/search/
r2-emoa,cifar10,FGSM,840,r2,0.108643728055271,results/r2-emoa/cifar10/2026-09-07_23-57-40_18906049/search/
r2-emoa,cifar10,FGSM,840,hv_2obj,52.967015652339434,results/r2-emoa/cifar10/2026-09-07_23-57-40_18906049/search/
r2-emoa,cifar10,FGSM,880,hv,158021.77111905368,results/r2-emoa/cifar10/2026-09-07_23-57-40_18906049/search/
r2-emoa,cifar10,FGSM,880,hv_acc_2obj,1284.2823999999998,results/r2-emoa/cifar10/2026-09-07_23-57-40_18906049/search/
r2-emoa,cifar10,FGSM,880,r2,0.108643728055271,results/r2-emoa/cifar10/2026-09-07_23-57-40_18906049/search/
r2-emoa,cifar10,FGSM,880,hv_2obj,52.967015652339434,results/r2-emoa/cifar10/2026-09-07_23-57-40_18906049/search/
r2-emoa,cifar10,FGSM,920,hv,158770.81728885527,results/r2-emoa/cifar10/2026-09-07_23-57-40_18906049/search/
r2-emoa,cifar10,FGSM,920,hv_acc_2obj,1290.0424,results/r2-emoa/cifar10/2026-09-07_23-57-40_18906049/search/
r2-emoa,cifar10,FGSM,920,r2,0.10755395185474666,results/r2-emoa/cifar10/2026-09-07_23-57-40_18906049/search/
r2-emoa,cifar10,FGSM,920,hv_2obj,53.21829436415683,results/r2-emoa/cifar10/2026-09-07_23-57-40_18906049/search/
r2-emoa,cifar10,FGSM,960,hv,158771.74765408263,results/r2-emoa/cifar10/2026-09-07_23-57-40_18906049/search/
r2-emoa,cifar10,FGSM,960,hv_acc_2obj,1299.5064,results/r2-emoa/cifar10/2026-09-07_23-57-40_18906049/search/
r2-emoa,cifar10,FGSM,960,r2,0.10755395185474666,results/r2-emoa/cifar10/2026-09-07_23-57-40_18906049/search/
r2-emoa,cifar10,FGSM,960,hv_2obj,53.21829436415683,results/r2-emoa/cifar10/2026-09-07_23-57-40_18906049/search/
r2-emoa,cifar10,FGSM,1000,hv,158772.56679600972,results/r2-emoa/cifar10/2026-09-07_23-57-40_18906049/search/
r2-emoa,cifar10,FGSM,1000,hv_acc_2obj,1299.5064,results/r2-emoa/cifar10/2026-09-07_23-57-40_18906049/search/
r2-emoa,cifar10,FGSM,1000,r2,0.10755395185474666,results/r2-emoa/cifar10/2026-09-07_23-57-40_18906049/search/
r2-emoa,cifar10,FGSM,1000,hv_2obj,53.21829436415683,results/r2-emoa/cifar10/2026-09-07_23-57-40_18906049/search/
r2-emoa,cifar10,FGSM,1040,hv,158775.2747023734,results/r2-emoa/cifar10/2026-09-07_23-57-40_18906049/search/
r2-emoa,cifar10,FGSM,1040,hv_acc_2obj,1299.5064,results/r2-emoa/cifar10/2026-09-07_23-57-40_18906049/search/
r2-emoa,cifar10,FGSM,1040,r2,0.10755395185474666,results/r2-emoa/cifar10/2026-09-07_23-57-40_18906049/search/
r2-emoa,cifar10,FGSM,1040,hv_2obj,53.21829436415683,results/r2-emoa/cifar10/2026-09-07_23-57-40_18906049/search/
r2-emoa,cifar10,FGSM,1080,hv,158775.716786039,results/r2-emoa/cifar10/2026-09-07_23-57-40_18906049/search/
r2-emoa,cifar10,FGSM,1080,hv_acc_2obj,1299.5064,results/r2-emoa/cifar10/2026-09-07_23-57-40_18906049/search/
r2-emoa,cifar10,FGSM,1080,r2,0.10755395185474666,results/r2-emoa/cifar10/2026-09-07_23-57-40_18906049/search/
r2-emoa,cifar10,FGSM,1080,hv_2obj,53.21829436415683,results/r2-emoa/cifar10/2026-09-07_23-57-40_18906049/search/
r2-emoa,cifar10,FGSM,1120,hv,158776.59607353396,results/r2-emoa/cifar10/2026-09-07_23-57-40_18906049/search/
r2-emoa,cifar10,FGSM,1120,hv_acc_2obj,1299.5064,results/r2-emoa/cifar10/2026-09-07_23-57-40_18906049/search/
r2-emoa,cifar10,FGSM,1120,r2,0.10755395185474666,results/r2-emoa/cifar10/2026-09-07_23-57-40_18906049/search/
r2-emoa,cifar10,FGSM,1120,hv_2obj,53.21829436415683,results/r2-emoa/cifar10/2026-09-07_23-57-40_18906049/search/
r2-emoa,cifar10,FGSM,1160,hv,158777.61497874188,results/r2-emoa/cifar10/2026-09-07_23-57-40_18906049/search/
r2-emoa,cifar10,FGSM,1160,hv_acc_2obj,1299.5064,results/r2-emoa/cifar10/2026-09-07_23-57-40_18906049/search/
r2-emoa,cifar10,FGSM,1160,r2,0.10755395185474666,results/r2-emoa/cifar10/2026-09-07_23-57-40_18906049/search/
r2-emoa,cifar10,FGSM,1160,hv_2obj,53.21829436415683,results/r2-emoa/cifar10/2026-09-07_23-57-40_18906049/search/
r2-emoa,cifar10,FGSM,1200,hv,158781.3711277606,results/r2-emoa/cifar10/2026-09-07_23-57-40_18906049/search/
r2-emoa,cifar10,FGSM,1200,hv_acc_2obj,1299.5064,results/r2-emoa/cifar10/2026-09-07_23-57-40_18906049/search/
r2-emoa,cifar10,FGSM,1200,r2,0.10755395185474666,results/r2-emoa/cifar10/2026-09-07_23-57-40_18906049/search/
r2-emoa,cifar10,FGSM,1200,hv_2obj,53.21829436415683,results/r2-emoa/cifar10/2026-09-07_23-57-40_18906049/search/
r2-emoa,cifar10,FGSM,1240,hv,158781.37683384353,results/r2-emoa/cifar10/2026-09-07_23-57-40_18906049/search/
r2-emoa,cifar10,FGSM,1240,hv_acc_2obj,1299.5064,results/r2-emoa/cifar10/2026-09-07_23-57-40_18906049/search/
r2-emoa,cifar10,FGSM,1240,r2,0.10755395185474666,results/r2-emoa/cifar10/2026-09-07_23-57-40_18906049/search/
r2-emoa,cifar10,FGSM,1240,hv_2obj,53.21829436415683,results/r2-emoa/cifar10/2026-09-07_23-57-40_18906049/search/
r2-emoa,cifar10,FGSM,40,hv,149838.48143703706,results/r2-emoa/cifar10/2026-09-08_04-07-38_15798821/search/
r2-emoa,cifar10,FGSM,40,hv_acc_2obj,958.1184000000003,results/r2-emoa/cifar10/2026-09-08_04-07-38_15798821/search/
r2-emoa,cifar10,FGSM,40,r2,0.11684462197891454,results/r2-emoa/cifar10/2026-09-08_04-07-38_15798821/search/
r2-emoa,cifar10,FGSM,40,hv_2obj,51.08879872811821,results/r2-emoa/cifar10/2026-09-08_04-07-38_15798821/search/
r2-emoa,cifar10,FGSM,80,hv,150564.84949333634,results/r2-emoa/cifar10/2026-09-08_04-07-38_15798821/search/
r2-emoa,cifar10,FGSM,80,hv_acc_2obj,958.9724000000003,results/r2-emoa/cifar10/2026-09-08_04-07-38_15798821/search/
r2-emoa,cifar10,FGSM,80,r2,0.11684462197891454,results/r2-emoa/cifar10/2026-09-08_04-07-38_15798821/search/
r2-emoa,cifar10,FGSM,80,hv_2obj,51.08879872811821,results/r2-emoa/cifar10/2026-09-08_04-07-38_15798821/search/
r2-emoa,cifar10,FGSM,120,hv,151024.79862782772,results/r2-emoa/cifar10/2026-09-08_04-07-38_15798821/search/
r2-emoa,cifar10,FGSM,120,hv_acc_2obj,992.5648000000001,results/r2-emoa/cifar10/2026-09-08_04-07-38_15798821/search/
r2-emoa,cifar10,FGSM,120,r2,0.11633705971511792,results/r2-emoa/cifar10/2026-09-08_04-07-38_15798821/search/
r2-emoa,cifar10,FGSM,120,hv_2obj,51.20526700816575,results/r2-emoa/cifar10/2026-09-08_04-07-38_15798821/search/
r2-emoa,cifar10,FGSM,160,hv,151046.18090356304,results/r2-emoa/cifar10/2026-09-08_04-07-38_15798821/search/
r2-emoa,cifar10,FGSM,160,hv_acc_2obj,992.8432000000001,results/r2-emoa/cifar10/2026-09-08_04-07-38_15798821/search/
r2-emoa,cifar10,FGSM,160,r2,0.11632476779468603,results/r2-emoa/cifar10/2026-09-08_04-07-38_15798821/search/
r2-emoa,cifar10,FGSM,160,hv_2obj,51.20817842973223,results/r2-emoa/cifar10/2026-09-08_04-07-38_15798821/search/
r2-emoa,cifar10,FGSM,200,hv,152542.10510038855,results/r2-emoa/cifar10/2026-09-08_04-07-38_15798821/search/
r2-emoa,cifar10,FGSM,200,hv_acc_2obj,1059.3272,results/r2-emoa/cifar10/2026-09-08_04-07-38_15798821/search/
r2-emoa,cifar10,FGSM,200,r2,0.11436757733433407,results/r2-emoa/cifar10/2026-09-08_04-07-38_15798821/search/
r2-emoa,cifar10,FGSM,200,hv_2obj,51.647503473661835,results/r2-emoa/cifar10/2026-09-08_04-07-38_15798821/search/
r2-emoa,cifar10,FGSM,240,hv,153466.71585764163,results/r2-emoa/cifar10/2026-09-08_04-07-38_15798821/search/
r2-emoa,cifar10,FGSM,240,hv_acc_2obj,1078.51,results/r2-emoa/cifar10/2026-09-08_04-07-38_15798821/search/
r2-emoa,cifar10,FGSM,240,r2,0.11373063219962665,results/r2-emoa/cifar10/2026-09-08_04-07-38_15798821/search/
r2-emoa,cifar10,FGSM,240,hv_2obj,51.795826132019556,results/r2-emoa/cifar10/2026-09-08_04-07-38_15798821/search/
r2-emoa,cifar10,FGSM,280,hv,153616.57328161784,results/r2-emoa/cifar10/2026-09-08_04-07-38_15798821/search/
r2-emoa,cifar10,FGSM,280,hv_acc_2obj,1080.9304,results/r2-emoa/cifar10/2026-09-08_04-07-38_15798821/search/
r2-emoa,cifar10,FGSM,280,r2,0.11373063219962665,results/r2-emoa/cifar10/2026-09-08_04-07-38_15798821/search/
r2-emoa,cifar10,FGSM,280,hv_2obj,51.795826132019556,results/r2-emoa/cifar10/2026-09-08_04-07-38_15798821/search/
r2-emoa,cifar10,FGSM,320,hv,153633.87867284464,results/r2-emoa/cifar10/2026-09-08_04-07-38_15798821/search/
r2-emoa,cifar10,FGSM,320,hv_acc_2obj,1080.9304,results/r2-emoa/cifar10/2026-09-08_04-07-38_15798821/search/
r2-emoa,cifar10,FGSM,320,r2,0.11373063219962665,results/r2-emoa/cifar10/2026-09-08_04-07-38_15798821/search/
r2-emoa,cifar10,FGSM,320,hv_2obj,51.79589672529826,results/r2-emoa/cifar10/2026-09-08_04-07-38_15798821/search/
r2-emoa,cifar10,FGSM,360,hv,153634.1452866644,results/r2-emoa/cifar10/2026-09-08_04-07-38_15798821/search/
r2-emoa,cifar10,FGSM,360,hv_acc_2obj,1080.9304,results/r2-emoa/cifar10/2026-09-08_04-07-38_15798821/search/
r2-emoa,cifar10,FGSM,360,r2,0.11373063219962665,results/r2-emoa/cifar10/2026-09-08_04-07-38_15798821/search/
r2-emoa,cifar10,FGSM,360,hv_2obj,51.79589672529826,results/r2-emoa/cifar10/2026-09-08_04-07-38_15798821/search/
r2-emoa,cifar10,FGSM,400,hv,153800.9698456534,results/r2-emoa/cifar10/2026-09-08_04-07-38_15798821/search/
r2-emoa,cifar10,FGSM,400,hv_acc_2obj,1093.8696,results/r2-emoa/cifar10/2026-09-08_04-07-38_15798821/search/
r2-emoa,cifar10,FGSM,400,r2,0.11356836646806787,results/r2-emoa/cifar10/2026-09-08_04-07-38_15798821/search/
r2-emoa,cifar10,FGSM,400,hv_2obj,51.83236680820395,results/r2-emoa/cifar10/2026-09-08_04-07-38_15798821/search/
r2-emoa,cifar10,FGSM,440,hv,154174.2429785886,results/r2-emoa/cifar10/2026-09-08_04-07-38_15798821/search/
r2-emoa,cifar10,FGSM,440,hv_acc_2obj,1093.8831999999998,results/r2-emoa/cifar10/2026-09-08_04-07-38_15798821/search/
r2-emoa,cifar10,FGSM,440,r2,0.11338512630148226,results/r2-emoa/cifar10/2026-09-08_04-07-38_15798821/search/
r2-emoa,cifar10,FGSM,440,hv_2obj,51.87123151192598,results/r2-emoa/cifar10/2026-09-08_04-07-38_15798821/search/
r2-emoa,cifar10,FGSM,480,hv,154175.99123458468,results/r2-emoa/cifar10/2026-09-08_04-07-38_15798821/search/
r2-emoa,cifar10,FGSM,480,hv_acc_2obj,1093.9027999999998,results/r2-emoa/cifar10/2026-09-08_04-07-38_15798821/search/
r2-emoa,cifar10,FGSM,480,r2,0.11338512630148226,results/r2-emoa/cifar10/2026-09-08_04-07-38_15798821/search/
r2-emoa,cifar10,FGSM,480,hv_2obj,51.87123151192598,results/r2-emoa/cifar10/2026-09-08_04-07-38_15798821/search/
r2-emoa,cifar10,FGSM,520,hv,154720.74004532828,results/r2-emoa/cifar10/2026-09-08_04-07-38_15798821/search/
r2-emoa,cifar10,FGSM,520,hv_acc_2obj,1094.3371999999997,results/r2-emoa/cifar10/2026-09-08_04-07-38_15798821/search/
r2-emoa,cifar10,FGSM,520,r2,0.11267419097875875,results/r2-emoa/cifar10/2026-09-08_04-07-38_15798821/search/
r2-emoa,cifar10,FGSM,520,hv_2obj,52.031324237372026,results/r2-emoa/cifar10/2026-09-08_04-07-38_15798821/search/
r2-emoa,cifar10,FGSM,560,hv,155147.9084131019,results/r2-emoa/cifar10/2026-09-08_04-07-38_15798821/search/
r2-emoa,cifar10,FGSM,560,hv_acc_2obj,1094.3371999999997,results/r2-emoa/cifar10/2026-09-08_04-07-38_15798821/search/
r2-emoa,cifar10,FGSM,560,r2,0.11211692788452517,results/r2-emoa/cifar10/2026-09-08_04-07-38_15798821/search/
r2-emoa,cifar10,FGSM,560,hv_2obj,52.15993603484657,results/r2-emoa/cifar10/2026-09-08_04-07-38_15798821/search/
r2-emoa,cifar10,FGSM,600,hv,155286.91061329082,results/r2-emoa/cifar10/2026-09-08_04-07-38_15798821/search/
r2-emoa,cifar10,FGSM,600,hv_acc_2obj,1094.3371999999997,results/r2-emoa/cifar10/2026-09-08_04-07-38_15798821/search/
r2-emoa,cifar10,FGSM,600,r2,0.11211692788452517,results/r2-emoa/cifar10/2026-09-08_04-07-38_15798821/search/
r2-emoa,cifar10,FGSM,600,hv_2obj,52.16009990311734,results/r2-emoa/cifar10/2026-09-08_04-07-38_15798821/search/
r2-emoa,cifar10,FGSM,640,hv,155484.82484558478,results/r2-emoa/cifar10/2026-09-08_04-07-38_15798821/search/
r2-emoa,cifar10,FGSM,640,hv_acc_2obj,1099.7891999999997,results/r2-emoa/cifar10/2026-09-08_04-07-38_15798821/search/
r2-emoa,cifar10,FGSM,640,r2,0.11185621371672158,results/r2-emoa/cifar10/2026-09-08_04-07-38_15798821/search/
r2-emoa,cifar10,FGSM,640,hv_2obj,52.22437815657738,results/r2-emoa/cifar10/2026-09-08_04-07-38_15798821/search/
r2-emoa,cifar10,FGSM,680,hv,155496.24374162813,results/r2-emoa/cifar10/2026-09-08_04-07-38_15798821/search/
r2-emoa,cifar10,FGSM,680,hv_acc_2obj,1099.7891999999997,results/r2-emoa/cifar10/2026-09-08_04-07-38_15798821/search/
r2-emoa,cifar10,FGSM,680,r2,0.11185621371672158,results/r2-emoa/cifar10/2026-09-08_04-07-38_15798821/search/
r2-emoa,cifar10,FGSM,680,hv_2obj,52.22437815657738,results/r2-emoa/cifar10/2026-09-08_04-07-38_15798821/search/
r2-emoa,cifar10,FGSM,720,hv,155496.74973277838,results/r2-emoa/cifar10/2026-09-08_04-07-38_15798821/search/
r2-emoa,cifar10,FGSM,720,hv_acc_2obj,1099.7891999999997,results/r2-emoa/cifar10/2026-09-08_04-07-38_15798821/search/
r2-emoa,cifar10,FGSM,720,r2,0.11185621371672158,results/r2-emoa/cifar10/2026-09-08_04-07-38_15798821/search/
r2-emoa,cifar10,FGSM,720,hv_2obj,52.22437815657738,results/r2-emoa/cifar10/2026-09-08_04-07-38_15798821/search/
r2-emoa,cifar10,FGSM,760,hv,155596.65460732568,results/r2-emoa/cifar10/2026-09-08_04-07-38_15798821/search/
r2-emoa,cifar10,FGSM,760,hv_acc_2obj,1099.7891999999997,results/r2-emoa/cifar10/2026-09-08_04-07-38_15798821/search/
r2-emoa,cifar10,FGSM,760,r2,0.11185621371672158,results/r2-emoa/cifar10/2026-09-08_04-07-38_15798821/search/
r2-emoa,cifar10,FGSM,760,hv_2obj,52.22437815657738,results/r2-emoa/cifar10/2026-09-08_04-07-38_15798821/search/
r2-emoa,cifar10,FGSM,800,hv,155710.64755368535,results/r2-emoa/cifar10/2026-09-08_04-07-38_15798821/search/
r2-emoa,cifar10,FGSM,800,hv_acc_2obj,1118.84,results/r2-emoa/cifar10/2026-09-08_04-07-38_15798821/search/
r2-emoa,cifar10,FGSM,800,r2,0.11169442678516406,results/r2-emoa/cifar10/2026-09-08_04-07-38_15798821/search/
r2-emoa,cifar10,FGSM,800,hv_2obj,52.26205821240609,results/r2-emoa/cifar10/2026-09-08_04-07-38_15798821/search/
r2-emoa,cifar10,FGSM,840,hv,155719.82285150583,results/r2-emoa/cifar10/2026-09-08_04-07-38_15798821/search/
r2-emoa,cifar10,FGSM,840,hv_acc_2obj,1128.1527999999996,results/r2-emoa/cifar10/2026-09-08_04-07-38_15798821/search/
r2-emoa,cifar10,FGSM,840,r2,0.11169442678516406,results/r2-emoa/cifar10/2026-09-08_04-07-38_15798821/search/
r2-emoa,cifar10,FGSM,840,hv_2obj,52.26205821240609,results/r2-emoa/cifar10/2026-09-08_04-07-38_15798821/search/
r2-emoa,cifar10,FGSM,880,hv,155719.82359921563,results/r2-emoa/cifar10/2026-09-08_04-07-38_15798821/search/
r2-emoa,cifar10,FGSM,880,hv_acc_2obj,1128.1527999999996,results/r2-emoa/cifar10/2026-09-08_04-07-38_15798821/search/
r2-emoa,cifar10,FGSM,880,r2,0.11169442678516406,results/r2-emoa/cifar10/2026-09-08_04-07-38_15798821/search/
r2-emoa,cifar10,FGSM,880,hv_2obj,52.26205821240609,results/r2-emoa/cifar10/2026-09-08_04-07-38_15798821/search/
r2-emoa,cifar10,FGSM,920,hv,155723.6053098328,results/r2-emoa/cifar10/2026-09-08_04-07-38_15798821/search/
r2-emoa,cifar10,FGSM,920,hv_acc_2obj,1128.8823999999997,results/r2-emoa/cifar10/2026-09-08_04-07-38_15798821/search/
r2-emoa,cifar10,FGSM,920,r2,0.11169442678516406,results/r2-emoa/cifar10/2026-09-08_04-07-38_15798821/search/
r2-emoa,cifar10,FGSM,920,hv_2obj,52.26205821240609,results/r2-emoa/cifar10/2026-09-08_04-07-38_15798821/search/
r2-emoa,cifar10,FGSM,960,hv,156008.38319905888,results/r2-emoa/cifar10/2026-09-08_04-07-38_15798821/search/
r2-emoa,cifar10,FGSM,960,hv_acc_2obj,1128.8823999999997,results/r2-emoa/cifar10/2026-09-08_04-07-38_15798821/search/
r2-emoa,cifar10,FGSM,960,r2,0.1112623216328549,results/r2-emoa/cifar10/2026-09-08_04-07-38_15798821/search/
r2-emoa,cifar10,FGSM,960,hv_2obj,52.35781230307002,results/r2-emoa/cifar10/2026-09-08_04-07-38_15798821/search/
r2-emoa,cifar10,FGSM,1000,hv,156307.29198744547,results/r2-emoa/cifar10/2026-09-08_04-07-38_15798821/search/
r2-emoa,cifar10,FGSM,1000,hv_acc_2obj,1131.0591999999997,results/r2-emoa/cifar10/2026-09-08_04-07-38_15798821/search/
r2-emoa,cifar10,FGSM,1000,r2,0.11081780599630223,results/r2-emoa/cifar10/2026-09-08_04-07-38_15798821/search/
r2-emoa,cifar10,FGSM,1000,hv_2obj,52.45916476307317,results/r2-emoa/cifar10/2026-09-08_04-07-38_15798821/search/
r2-emoa,cifar10,FGSM,1040,hv,156307.3372439301,results/r2-emoa/cifar10/2026-09-08_04-07-38_15798821/search/
r2-emoa,cifar10,FGSM,1040,hv_acc_2obj,1131.0927999999997,results/r2-emoa/cifar10/2026-09-08_04-07-38_15798821/search/
r2-emoa,cifar10,FGSM,1040,r2,0.11081780599630223,results/r2-emoa/cifar10/2026-09-08_04-07-38_15798821/search/
r2-emoa,cifar10,FGSM,1040,hv_2obj,52.45916476307317,results/r2-emoa/cifar10/2026-09-08_04-07-38_15798821/search/
r2-emoa,cifar10,FGSM,1080,hv,156550.08214218882,results/r2-emoa/cifar10/2026-09-08_04-07-38_15798821/search/
r2-emoa,cifar10,FGSM,1080,hv_acc_2obj,1168.6527999999998,results/r2-emoa/cifar10/2026-09-08_04-07-38_15798821/search/
r2-emoa,cifar10,FGSM,1080,r2,0.11046760593640284,results/r2-emoa/cifar10/2026-09-08_04-07-38_15798821/search/
r2-emoa,cifar10,FGSM,1080,hv_2obj,52.539506646861184,results/r2-emoa/cifar10/2026-09-08_04-07-38_15798821/search/
r2-emoa,cifar10,FGSM,1120,hv,156598.8990576959,results/r2-emoa/cifar10/2026-09-08_04-07-38_15798821/search/
r2-emoa,cifar10,FGSM,1120,hv_acc_2obj,1169.3872,results/r2-emoa/cifar10/2026-09-08_04-07-38_15798821/search/
r2-emoa,cifar10,FGSM,1120,r2,0.11039723166832335,results/r2-emoa/cifar10/2026-09-08_04-07-38_15798821/search/
r2-emoa,cifar10,FGSM,1120,hv_2obj,52.555741194125865,results/r2-emoa/cifar10/2026-09-08_04-07-38_15798821/search/
r2-emoa,cifar10,FGSM,1160,hv,157038.58955555956,results/r2-emoa/cifar10/2026-09-08_04-07-38_15798821/search/
r2-emoa,cifar10,FGSM,1160,hv_acc_2obj,1169.3872,results/r2-emoa/cifar10/2026-09-08_04-07-38_15798821/search/
r2-emoa,cifar10,FGSM,1160,r2,0.10972394107512658,results/r2-emoa/cifar10/2026-09-08_04-07-38_15798821/search/
r2-emoa,cifar10,FGSM,1160,hv_2obj,52.70435315854079,results/r2-emoa/cifar10/2026-09-08_04-07-38_15798821/search/
r2-emoa,cifar10,FGSM,1200,hv,157097.98165863013,results/r2-emoa/cifar10/2026-09-08_04-07-38_15798821/search/
r2-emoa,cifar10,FGSM,1200,hv_acc_2obj,1171.1344,results/r2-emoa/cifar10/2026-09-08_04-07-38_15798821/search/
r2-emoa,cifar10,FGSM,1200,r2,0.10964656415525395,results/r2-emoa/cifar10/2026-09-08_04-07-38_15798821/search/
r2-emoa,cifar10,FGSM,1200,hv_2obj,52.72312110143986,results/r2-emoa/cifar10/2026-09-08_04-07-38_15798821/search/
r2-emoa,cifar10,FGSM,1240,hv,157098.6256213901,results/r2-emoa/cifar10/2026-09-08_04-07-38_15798821/search/
r2-emoa,cifar10,FGSM,1240,hv_acc_2obj,1171.1344,results/r2-emoa/cifar10/2026-09-08_04-07-38_15798821/search/
r2-emoa,cifar10,FGSM,1240,r2,0.10964656415525395,results/r2-emoa/cifar10/2026-09-08_04-07-38_15798821/search/
r2-emoa,cifar10,FGSM,1240,hv_2obj,52.72312110143986,results/r2-emoa/cifar10/2026-09-08_04-07-38_15798821/search/
r2-emoa,cifar10,FGSM,40,hv,148306.5477384674,results/r2-emoa/cifar10/2026-09-09_05-58-45_65381509/search/
r2-emoa,cifar10,FGSM,40,hv_acc_2obj,859.0700000000004,results/r2-emoa/cifar10/2026-09-09_05-58-45_65381509/search/
r2-emoa,cifar10,FGSM,40,r2,0.1192416460210727,results/r2-emoa/cifar10/2026-09-09_05-58-45_65381509/search/
r2-emoa,cifar10,FGSM,40,hv_2obj,50.54839288109329,results/r2-emoa/cifar10/2026-09-09_05-58-45_65381509/search/
r2-emoa,cifar10,FGSM,80,hv,152025.14792943667,results/r2-emoa/cifar10/2026-09-09_05-58-45_65381509/search/
r2-emoa,cifar10,FGSM,80,hv_acc_2obj,926.1559999999997,results/r2-emoa/cifar10/2026-09-09_05-58-45_65381509/search/
r2-emoa,cifar10,FGSM,80,r2,0.11424530335412184,results/r2-emoa/cifar10/2026-09-09_05-58-45_65381509/search/
r2-emoa,cifar10,FGSM,80,hv_2obj,51.680976778073074,results/r2-emoa/cifar10/2026-09-09_05-58-45_65381509/search/
r2-emoa,cifar10,FGSM,120,hv,153427.93975901254,results/r2-emoa/cifar10/2026-09-09_05-58-45_65381509/search/
r2-emoa,cifar10,FGSM,120,hv_acc_2obj,975.9080000000001,results/r2-emoa/cifar10/2026-09-09_05-58-45_65381509/search/
r2-emoa,cifar10,FGSM,120,r2,0.1132255359713971,results/r2-emoa/cifar10/2026-09-09_05-58-45_65381509/search/
r2-emoa,cifar10,FGSM,120,hv_2obj,51.9171617217011,results/r2-emoa/cifar10/2026-09-09_05-58-45_65381509/search/
r2-emoa,cifar10,FGSM,160,hv,153495.04224292992,results/r2-emoa/cifar10/2026-09-09_05-58-45_65381509/search/
r2-emoa,cifar10,FGSM,160,hv_acc_2obj,1012.7031999999998,results/r2-emoa/cifar10/2026-09-09_05-58-45_65381509/search/
r2-emoa,cifar10,FGSM,160,r2,0.1132255359713971,results/r2-emoa/cifar10/2026-09-09_05-58-45_65381509/search/
r2-emoa,cifar10,FGSM,160,hv_2obj,51.91718156428613,results/r2-emoa/cifar10/2026-09-09_05-58-45_65381509/search/
r2-emoa,cifar10,FGSM,200,hv,153887.9009960904,results/r2-emoa/cifar10/2026-09-09_05-58-45_65381509/search/
r2-emoa,cifar10,FGSM,200,hv_acc_2obj,1058.2031999999997,results/r2-emoa/cifar10/2026-09-09_05-58-45_65381509/search/
r2-emoa,cifar10,FGSM,200,r2,0.11275499001180256,results/r2-emoa/cifar10/2026-09-09_05-58-45_65381509/search/
r2-emoa,cifar10,FGSM,200,hv_2obj,52.022782757796506,results/r2-emoa/cifar10/2026-09-09_05-58-45_65381509/search/
r2-emoa,cifar10,FGSM,240,hv,154377.47052147044,results/r2-emoa/cifar10/2026-09-09_05-58-45_65381509/search/
r2-emoa,cifar10,FGSM,240,hv_acc_2obj,1058.2031999999997,results/r2-emoa/cifar10/2026-09-09_05-58-45_65381509/search/
r2-emoa,cifar10,FGSM,240,r2,0.11275499001180256,results/r2-emoa/cifar10/2026-09-09_05-58-45_65381509/search/
r2-emoa,cifar10,FGSM,240,hv_2obj,52.022782757796506,results/r2-emoa/cifar10/2026-09-09_05-58-45_65381509/search/
r2-emoa,cifar10,FGSM,280,hv,154638.07722036995,results/r2-emoa/cifar10/2026-09-09_05-58-45_65381509/search/
r2-emoa,cifar10,FGSM,280,hv_acc_2obj,1058.2031999999997,results/r2-emoa/cifar10/2026-09-09_05-58-45_65381509/search/
r2-emoa,cifar10,FGSM,280,r2,0.11275499001180256,results/r2-emoa/cifar10/2026-09-09_05-58-45_65381509/search/
r2-emoa,cifar10,FGSM,280,hv_2obj,52.022782757796506,results/r2-emoa/cifar10/2026-09-09_05-58-45_65381509/search/
r2-emoa,cifar10,FGSM,320,hv,154771.6920578321,results/r2-emoa/cifar10/2026-09-09_05-58-45_65381509/search/
r2-emoa,cifar10,FGSM,320,hv_acc_2obj,1083.1463999999999,results/r2-emoa/cifar10/2026-09-09_05-58-45_65381509/search/
r2-emoa,cifar10,FGSM,320,r2,0.11275499001180256,results/r2-emoa/cifar10/2026-09-09_05-58-45_65381509/search/
r2-emoa,cifar10,FGSM,320,hv_2obj,52.022782757796506,results/r2-emoa/cifar10/2026-09-09_05-58-45_65381509/search/
r2-emoa,cifar10,FGSM,360,hv,154785.50850824095,results/r2-emoa/cifar10/2026-09-09_05-58-45_65381509/search/
r2-emoa,cifar10,FGSM,360,hv_acc_2obj,1083.4132,results/r2-emoa/cifar10/2026-09-09_05-58-45_65381509/search/
r2-emoa,cifar10,FGSM,360,r2,0.11275499001180256,results/r2-emoa/cifar10/2026-09-09_05-58-45_65381509/search/
r2-emoa,cifar10,FGSM,360,hv_2obj,52.022782757796506,results/r2-emoa/cifar10/2026-09-09_05-58-45_65381509/search/
r2-emoa,cifar10,FGSM,400,hv,155477.459345985,results/r2-emoa/cifar10/2026-09-09_05-58-45_65381509/search/
r2-emoa,cifar10,FGSM,400,hv_acc_2obj,1091.9524,results/r2-emoa/cifar10/2026-09-09_05-58-45_65381509/search/
r2-emoa,cifar10,FGSM,400,r2,0.11175449787458436,results/r2-emoa/cifar10/2026-09-09_05-58-45_65381509/search/
r2-emoa,cifar10,FGSM,400,hv_2obj,52.249773333496876,results/r2-emoa/cifar10/2026-09-09_05-58-45_65381509/search/
r2-emoa,cifar10,FGSM,440,hv,155489.111761392,results/r2-emoa/cifar10/2026-09-09_05-58-45_65381509/search/
r2-emoa,cifar10,FGSM,440,hv_acc_2obj,1098.7888,results/r2-emoa/cifar10/2026-09-09_05-58-45_65381509/search/
r2-emoa,cifar10,FGSM,440,r2,0.11175449787458436,results/r2-emoa/cifar10/2026-09-09_05-58-45_65381509/search/
r2-emoa,cifar10,FGSM,440,hv_2obj,52.249773333496876,results/r2-emoa/cifar10/2026-09-09_05-58-45_65381509/search/
r2-emoa,cifar10,FGSM,480,hv,155522.1808268099,results/r2-emoa/cifar10/2026-09-09_05-58-45_65381509/search/
r2-emoa,cifar10,FGSM,480,hv_acc_2obj,1136.4740000000004,results/r2-emoa/cifar10/2026-09-09_05-58-45_65381509/search/
r2-emoa,cifar10,FGSM,480,r2,0.11172092208603883,results/r2-emoa/cifar10/2026-09-09_05-58-45_65381509/search/
r2-emoa,cifar10,FGSM,480,hv_2obj,52.25754186863964,results/r2-emoa/cifar10/2026-09-09_05-58-45_65381509/search/
r2-emoa,cifar10,FGSM,520,hv,155526.56565928226,results/r2-emoa/cifar10/2026-09-09_05-58-45_65381509/search/
r2-emoa,cifar10,FGSM,520,hv_acc_2obj,1136.4740000000004,results/r2-emoa/cifar10/2026-09-09_05-58-45_65381509/search/
r2-emoa,cifar10,FGSM,520,r2,0.11172092208603883,results/r2-emoa/cifar10/2026-09-09_05-58-45_65381509/search/
r2-emoa,cifar10,FGSM,520,hv_2obj,52.25754186863964,results/r2-emoa/cifar10/2026-09-09_05-58-45_65381509/search/
r2-emoa,cifar10,FGSM,560,hv,155680.7279317038,results/r2-emoa/cifar10/2026-09-09_05-58-45_65381509/search/
r2-emoa,cifar10,FGSM,560,hv_acc_2obj,1136.4740000000004,results/r2-emoa/cifar10/2026-09-09_05-58-45_65381509/search/
r2-emoa,cifar10,FGSM,560,r2,0.11150421520512455,results/r2-emoa/cifar10/2026-09-09_05-58-45_65381509/search/
r2-emoa,cifar10,FGSM,560,hv_2obj,52.308179602029625,results/r2-emoa/cifar10/2026-09-09_05-58-45_65381509/search/
r2-emoa,cifar10,FGSM,600,hv,156190.34858987373,results/r2-emoa/cifar10/2026-09-09_05-58-45_65381509/search/
r2-emoa,cifar10,FGSM,600,hv_acc_2obj,1150.5428,results/r2-emoa/cifar10/2026-09-09_05-58-45_65381509/search/
r2-emoa,cifar10,FGSM,600,r2,0.11074070584033571,results/r2-emoa/cifar10/2026-09-09_05-58-45_65381509/search/
r2-emoa,cifar10,FGSM,600,hv_2obj,52.47969479907379,results/r2-emoa/cifar10/2026-09-09_05-58-45_65381509/search/
r2-emoa,cifar10,FGSM,640,hv,156514.78866159837,results/r2-emoa/cifar10/2026-09-09_05-58-45_65381509/search/
r2-emoa,cifar10,FGSM,640,hv_acc_2obj,1150.8239999999998,results/r2-emoa/cifar10/2026-09-09_05-58-45_65381509/search/
r2-emoa,cifar10,FGSM,640,r2,0.11047482526917587,results/r2-emoa/cifar10/2026-09-09_05-58-45_65381509/search/
r2-emoa,cifar10,FGSM,640,hv_2obj,52.54046725157032,results/r2-emoa/cifar10/2026-09-09_05-58-45_65381509/search/
r2-emoa,cifar10,FGSM,680,hv,156651.859644034,results/r2-emoa/cifar10/2026-09-09_05-58-45_65381509/search/
r2-emoa,cifar10,FGSM,680,hv_acc_2obj,1172.6699999999994,results/r2-emoa/cifar10/2026-09-09_05-58-45_65381509/search/
r2-emoa,cifar10,FGSM,680,r2,0.1102855061479779,results/r2-emoa/cifar10/2026-09-09_05-58-45_65381509/search/
r2-emoa,cifar10,FGSM,680,hv_2obj,52.584970659557506,results/r2-emoa/cifar10/2026-09-09_05-58-45_65381509/search/
r2-emoa,cifar10,FGSM,720,hv,156713.3208531776,results/r2-emoa/cifar10/2026-09-09_05-58-45_65381509/search/
r2-emoa,cifar10,FGSM,720,hv_acc_2obj,1190.8799999999997,results/r2-emoa/cifar10/2026-09-09_05-58-45_65381509/search/
r2-emoa,cifar10,FGSM,720,r2,0.11020058659720282,results/r2-emoa/cifar10/2026-09-09_05-58-45_65381509/search/
r2-emoa,cifar10,FGSM,720,hv_2obj,52.6048452344933,results/r2-emoa/cifar10/2026-09-09_05-58-45_65381509/search/
r2-emoa,cifar10,FGSM,760,hv,156860.7654076988,results/r2-emoa/cifar10/2026-09-09_05-58-45_65381509/search/
r2-emoa,cifar10,FGSM,760,hv_acc_2obj,1196.4855999999997,results/r2-emoa/cifar10/2026-09-09_05-58-45_65381509/search/
r2-emoa,cifar10,FGSM,760,r2,0.11018978950879273,results/r2-emoa/cifar10/2026-09-09_05-58-45_65381509/search/
r2-emoa,cifar10,FGSM,760,hv_2obj,52.60742397482624,results/r2-emoa/cifar10/2026-09-09_05-58-45_65381509/search/
r2-emoa,cifar10,FGSM,800,hv,156864.55868679055,results/r2-emoa/cifar10/2026-09-09_05-58-45_65381509/search/
r2-emoa,cifar10,FGSM,800,hv_acc_2obj,1196.4855999999997,results/r2-emoa/cifar10/2026-09-09_05-58-45_65381509/search/
r2-emoa,cifar10,FGSM,800,r2,0.11018978950879273,results/r2-emoa/cifar10/2026-09-09_05-58-45_65381509/search/
r2-emoa,cifar10,FGSM,800,hv_2obj,52.60742397482624,results/r2-emoa/cifar10/2026-09-09_05-58-45_65381509/search/
r2-emoa,cifar10,FGSM,840,hv,156865.91117051142,results/r2-emoa/cifar10/2026-09-09_05-58-45_65381509/search/
r2-emoa,cifar10,FGSM,840,hv_acc_2obj,1196.4855999999997,results/r2-emoa/cifar10/2026-09-09_05-58-45_65381509/search/
r2-emoa,cifar10,FGSM,840,r2,0.11018978950879273,results/r2-emoa/cifar10/2026-09-09_05-58-45_65381509/search/
r2-emoa,cifar10,FGSM,840,hv_2obj,52.60742397482624,results/r2-emoa/cifar10/2026-09-09_05-58-45_65381509/search/
r2-emoa,cifar10,FGSM,880,hv,157008.38824961556,results/r2-emoa/cifar10/2026-09-09_05-58-45_65381509/search/
r2-emoa,cifar10,FGSM,880,hv_acc_2obj,1196.4855999999997,results/r2-emoa/cifar10/2026-09-09_05-58-45_65381509/search/
r2-emoa,cifar10,FGSM,880,r2,0.11018978950879273,results/r2-emoa/cifar10/2026-09-09_05-58-45_65381509/search/
r2-emoa,cifar10,FGSM,880,hv_2obj,52.60742397482624,results/r2-emoa/cifar10/2026-09-09_05-58-45_65381509/search/
r2-emoa,cifar10,FGSM,920,hv,157632.6613999857,results/r2-emoa/cifar10/2026-09-09_05-58-45_65381509/search/
r2-emoa,cifar10,FGSM,920,hv_acc_2obj,1205.9708,results/r2-emoa/cifar10/2026-09-09_05-58-45_65381509/search/
r2-emoa,cifar10,FGSM,920,r2,0.1092432721338836,results/r2-emoa/cifar10/2026-09-09_05-58-45_65381509/search/
r2-emoa,cifar10,FGSM,920,hv_2obj,52.820359303796195,results/r2-emoa/cifar10/2026-09-09_05-58-45_65381509/search/
r2-emoa,cifar10,FGSM,960,hv,157635.13720292473,results/r2-emoa/cifar10/2026-09-09_05-58-45_65381509/search/
r2-emoa,cifar10,FGSM,960,hv_acc_2obj,1205.9708,results/r2-emoa/cifar10/2026-09-09_05-58-45_65381509/search/
r2-emoa,cifar10,FGSM,960,r2,0.1092432721338836,results/r2-emoa/cifar10/2026-09-09_05-58-45_65381509/search/
r2-emoa,cifar10,FGSM,960,hv_2obj,52.820359303796195,results/r2-emoa/cifar10/2026-09-09_05-58-45_65381509/search/
r2-emoa,cifar10,FGSM,1000,hv,157635.83150112384,results/r2-emoa/cifar10/2026-09-09_05-58-45_65381509/search/
r2-emoa,cifar10,FGSM,1000,hv_acc_2obj,1206.8248,results/r2-emoa/cifar10/2026-09-09_05-58-45_65381509/search/
r2-emoa,cifar10,FGSM,1000,r2,0.1092432721338836,results/r2-emoa/cifar10/2026-09-09_05-58-45_65381509/search/
r2-emoa,cifar10,FGSM,1000,hv_2obj,52.82042244331531,results/r2-emoa/cifar10/2026-09-09_05-58-45_65381509/search/
r2-emoa,cifar10,FGSM,1040,hv,157650.95435082208,results/r2-emoa/cifar10/2026-09-09_05-58-45_65381509/search/
r2-emoa,cifar10,FGSM,1040,hv_acc_2obj,1206.8248,results/r2-emoa/cifar10/2026-09-09_05-58-45_65381509/search/
r2-emoa,cifar10,FGSM,1040,r2,0.1092432721338836,results/r2-emoa/cifar10/2026-09-09_05-58-45_65381509/search/
r2-emoa,cifar10,FGSM,1040,hv_2obj,52.82042244331531,results/r2-emoa/cifar10/2026-09-09_05-58-45_65381509/search/
r2-emoa,cifar10,FGSM,1080,hv,157716.09129904813,results/r2-emoa/cifar10/2026-09-09_05-58-45_65381509/search/
r2-emoa,cifar10,FGSM,1080,hv_acc_2obj,1206.8248,results/r2-emoa/cifar10/2026-09-09_05-58-45_65381509/search/
r2-emoa,cifar10,FGSM,1080,r2,0.10915467590996471,results/r2-emoa/cifar10/2026-09-09_05-58-45_65381509/search/
r2-emoa,cifar10,FGSM,1080,hv_2obj,52.84171376845266,results/r2-emoa/cifar10/2026-09-09_05-58-45_65381509/search/
r2-emoa,cifar10,FGSM,1120,hv,157716.13985602206,results/r2-emoa/cifar10/2026-09-09_05-58-45_65381509/search/
r2-emoa,cifar10,FGSM,1120,hv_acc_2obj,1206.8248,results/r2-emoa/cifar10/2026-09-09_05-58-45_65381509/search/
r2-emoa,cifar10,FGSM,1120,r2,0.10915467590996471,results/r2-emoa/cifar10/2026-09-09_05-58-45_65381509/search/
r2-emoa,cifar10,FGSM,1120,hv_2obj,52.84171376845266,results/r2-emoa/cifar10/2026-09-09_05-58-45_65381509/search/
r2-emoa,cifar10,FGSM,1160,hv,157728.08615610498,results/r2-emoa/cifar10/2026-09-09_05-58-45_65381509/search/
r2-emoa,cifar10,FGSM,1160,hv_acc_2obj,1206.8884,results/r2-emoa/cifar10/2026-09-09_05-58-45_65381509/search/
r2-emoa,cifar10,FGSM,1160,r2,0.10915467590996471,results/r2-emoa/cifar10/2026-09-09_05-58-45_65381509/search/
r2-emoa,cifar10,FGSM,1160,hv_2obj,52.8423234426488,results/r2-emoa/cifar10/2026-09-09_05-58-45_65381509/search/
r2-emoa,cifar10,FGSM,1200,hv,157733.49472216723,results/r2-emoa/cifar10/2026-09-09_05-58-45_65381509/search/
r2-emoa,cifar10,FGSM,1200,hv_acc_2obj,1206.8884,results/r2-emoa/cifar10/2026-09-09_05-58-45_65381509/search/
r2-emoa,cifar10,FGSM,1200,r2,0.10915360973423008,results/r2-emoa/cifar10/2026-09-09_05-58-45_65381509/search/
r2-emoa,cifar10,FGSM,1200,hv_2obj,52.84239610761898,results/r2-emoa/cifar10/2026-09-09_05-58-45_65381509/search/
r2-emoa,cifar10,FGSM,1240,hv,157840.2545583943,results/r2-emoa/cifar10/2026-09-09_05-58-45_65381509/search/
r2-emoa,cifar10,FGSM,1240,hv_acc_2obj,1219.438,results/r2-emoa/cifar10/2026-09-09_05-58-45_65381509/search/
r2-emoa,cifar10,FGSM,1240,r2,0.10915360973423008,results/r2-emoa/cifar10/2026-09-09_05-58-45_65381509/search/
r2-emoa,cifar10,FGSM,1240,hv_2obj,52.84239610761898,results/r2-emoa/cifar10/2026-09-09_05-58-45_65381509/search/
r2-emoa,cifar10,FGSM,40,hv,151142.73463395605,results/r2-emoa/cifar10/2026-09-09_10-32-49_27293207/search/
r2-emoa,cifar10,FGSM,40,hv_acc_2obj,962.5796000000001,results/r2-emoa/cifar10/2026-09-09_10-32-49_27293207/search/
r2-emoa,cifar10,FGSM,40,r2,0.11491079454892231,results/r2-emoa/cifar10/2026-09-09_10-32-49_27293207/search/
r2-emoa,cifar10,FGSM,40,hv_2obj,51.53060319631426,results/r2-emoa/cifar10/2026-09-09_10-32-49_27293207/search/
r2-emoa,cifar10,FGSM,80,hv,151618.11881254267,results/r2-emoa/cifar10/2026-09-09_10-32-49_27293207/search/
r2-emoa,cifar10,FGSM,80,hv_acc_2obj,963.5572000000004,results/r2-emoa/cifar10/2026-09-09_10-32-49_27293207/search/
r2-emoa,cifar10,FGSM,80,r2,0.11491079454892231,results/r2-emoa/cifar10/2026-09-09_10-32-49_27293207/search/
r2-emoa,cifar10,FGSM,80,hv_2obj,51.53060319631426,results/r2-emoa/cifar10/2026-09-09_10-32-49_27293207/search/
r2-emoa,cifar10,FGSM,120,hv,151992.6451187023,results/r2-emoa/cifar10/2026-09-09_10-32-49_27293207/search/
r2-emoa,cifar10,FGSM,120,hv_acc_2obj,987.0404000000002,results/r2-emoa/cifar10/2026-09-09_10-32-49_27293207/search/
r2-emoa,cifar10,FGSM,120,r2,0.11491079454892231,results/r2-emoa/cifar10/2026-09-09_10-32-49_27293207/search/
r2-emoa,cifar10,FGSM,120,hv_2obj,51.53078361489587,results/r2-emoa/cifar10/2026-09-09_10-32-49_27293207/search/
r2-emoa,cifar10,FGSM,160,hv,152646.10361981855,results/r2-emoa/cifar10/2026-09-09_10-32-49_27293207/search/
r2-emoa,cifar10,FGSM,160,hv_acc_2obj,1033.0816,results/r2-emoa/cifar10/2026-09-09_10-32-49_27293207/search/
r2-emoa,cifar10,FGSM,160,r2,0.11392414914086382,results/r2-emoa/cifar10/2026-09-09_10-32-49_27293207/search/
r2-emoa,cifar10,FGSM,160,hv_2obj,51.752479550212826,results/r2-emoa/cifar10/2026-09-09_10-32-49_27293207/search/
r2-emoa,cifar10,FGSM,200,hv,153271.7309265678,results/r2-emoa/cifar10/2026-09-09_10-32-49_27293207/search/
r2-emoa,cifar10,FGSM,200,hv_acc_2obj,1051.9919999999997,results/r2-emoa/cifar10/2026-09-09_10-32-49_27293207/search/
r2-emoa,cifar10,FGSM,200,r2,0.11315691400519326,results/r2-emoa/cifar10/2026-09-09_10-32-49_27293207/search/
r2-emoa,cifar10,FGSM,200,hv_2obj,51.92563691421108,results/r2-emoa/cifar10/2026-09-09_10-32-49_27293207/search/
r2-emoa,cifar10,FGSM,240,hv,154016.5818220046,results/r2-emoa/cifar10/2026-09-09_10-32-49_27293207/search/
r2-emoa,cifar10,FGSM,240,hv_acc_2obj,1107.1459999999997,results/r2-emoa/cifar10/2026-09-09_10-32-49_27293207/search/
r2-emoa,cifar10,FGSM,240,r2,0.11255852579143413,results/r2-emoa/cifar10/2026-09-09_10-32-49_27293207/search/
r2-emoa,cifar10,FGSM,240,hv_2obj,52.067784195981936,results/r2-emoa/cifar10/2026-09-09_10-32-49_27293207/search/
r2-emoa,cifar10,FGSM,280,hv,154028.62010008848,results/r2-emoa/cifar10/2026-09-09_10-32-49_27293207/search/
r2-emoa,cifar10,FGSM,280,hv_acc_2obj,1107.8787999999997,results/r2-emoa/cifar10/2026-09-09_10-32-49_27293207/search/
r2-emoa,cifar10,FGSM,280,r2,0.11255852579143413,results/r2-emoa/cifar10/2026-09-09_10-32-49_27293207/search/
r2-emoa,cifar10,FGSM,280,hv_2obj,52.068438667841235,results/r2-emoa/cifar10/2026-09-09_10-32-49_27293207/search/
r2-emoa,cifar10,FGSM,320,hv,154624.32737125453,results/r2-emoa/cifar10/2026-09-09_10-32-49_27293207/search/
r2-emoa,cifar10,FGSM,320,hv_acc_2obj,1112.2835999999998,results/r2-emoa/cifar10/2026-09-09_10-32-49_27293207/search/
r2-emoa,cifar10,FGSM,320,r2,0.11170855275794503,results/r2-emoa/cifar10/2026-09-09_10-32-49_27293207/search/
r2-emoa,cifar10,FGSM,320,hv_2obj,52.26810564615646,results/r2-emoa/cifar10/2026-09-09_10-32-49_27293207/search/
r2-emoa,cifar10,FGSM,360,hv,154930.86150425454,results/r2-emoa/cifar10/2026-09-09_10-32-49_27293207/search/
r2-emoa,cifar10,FGSM,360,hv_acc_2obj,1117.4239999999995,results/r2-emoa/cifar10/2026-09-09_10-32-49_27293207/search/
r2-emoa,cifar10,FGSM,360,r2,0.11170855275794503,results/r2-emoa/cifar10/2026-09-09_10-32-49_27293207/search/
r2-emoa,cifar10,FGSM,360,hv_2obj,52.26810564615646,results/r2-emoa/cifar10/2026-09-09_10-32-49_27293207/search/
r2-emoa,cifar10,FGSM,400,hv,154941.69140254808,results/r2-emoa/cifar10/2026-09-09_10-32-49_27293207/search/
r2-emoa,cifar10,FGSM,400,hv_acc_2obj,1118.3352,results/r2-emoa/cifar10/2026-09-09_10-32-49_27293207/search/
r2-emoa,cifar10,FGSM,400,r2,0.11170855275794503,results/r2-emoa/cifar10/2026-09-09_10-32-49_27293207/search/
r2-emoa,cifar10,FGSM,400,hv_2obj,52.26905845874762,results/r2-emoa/cifar10/2026-09-09_10-32-49_27293207/search/
r2-emoa,cifar10,FGSM,440,hv,155840.49778566026,results/r2-emoa/cifar10/2026-09-09_10-32-49_27293207/search/
r2-emoa,cifar10,FGSM,440,hv_acc_2obj,1146.5416,results/r2-emoa/cifar10/2026-09-09_10-32-49_27293207/search/
r2-emoa,cifar10,FGSM,440,r2,0.11061596017201139,results/r2-emoa/cifar10/2026-09-09_10-32-49_27293207/search/
r2-emoa,cifar10,FGSM,440,hv_2obj,52.5146263712841,results/r2-emoa/cifar10/2026-09-09_10-32-49_27293207/search/
r2-emoa,cifar10,FGSM,480,hv,155985.6708177623,results/r2-emoa/cifar10/2026-09-09_10-32-49_27293207/search/
r2-emoa,cifar10,FGSM,480,hv_acc_2obj,1154.5924,results/r2-emoa/cifar10/2026-09-09_10-32-49_27293207/search/
r2-emoa,cifar10,FGSM,480,r2,0.11061596017201139,results/r2-emoa/cifar10/2026-09-09_10-32-49_27293207/search/
r2-emoa,cifar10,FGSM,480,hv_2obj,52.51600333796315,results/r2-emoa/cifar10/2026-09-09_10-32-49_27293207/search/
r2-emoa,cifar10,FGSM,520,hv,156343.22470479025,results/r2-emoa/cifar10/2026-09-09_10-32-49_27293207/search/
r2-emoa,cifar10,FGSM,520,hv_acc_2obj,1168.5792000000001,results/r2-emoa/cifar10/2026-09-09_10-32-49_27293207/search/
r2-emoa,cifar10,FGSM,520,r2,0.11011676194114059,results/r2-emoa/cifar10/2026-09-09_10-32-49_27293207/search/
r2-emoa,cifar10,FGSM,520,hv_2obj,52.62630346863351,results/r2-emoa/cifar10/2026-09-09_10-32-49_27293207/search/
r2-emoa,cifar10,FGSM,560,hv,156396.95027081916,results/r2-emoa/cifar10/2026-09-09_10-32-49_27293207/search/
r2-emoa,cifar10,FGSM,560,hv_acc_2obj,1168.5792000000001,results/r2-emoa/cifar10/2026-09-09_10-32-49_27293207/search/
r2-emoa,cifar10,FGSM,560,r2,0.11011676194114059,results/r2-emoa/cifar10/2026-09-09_10-32-49_27293207/search/
r2-emoa,cifar10,FGSM,560,hv_2obj,52.62630346863351,results/r2-emoa/cifar10/2026-09-09_10-32-49_27293207/search/
r2-emoa,cifar10,FGSM,600,hv,156532.76884732518,results/r2-emoa/cifar10/2026-09-09_10-32-49_27293207/search/
r2-emoa,cifar10,FGSM,600,hv_acc_2obj,1168.6044000000002,results/r2-emoa/cifar10/2026-09-09_10-32-49_27293207/search/
r2-emoa,cifar10,FGSM,600,r2,0.11011676194114059,results/r2-emoa/cifar10/2026-09-09_10-32-49_27293207/search/
r2-emoa,cifar10,FGSM,600,hv_2obj,52.62630346863351,results/r2-emoa/cifar10/2026-09-09_10-32-49_27293207/search/
r2-emoa,cifar10,FGSM,640,hv,156616.02306453424,results/r2-emoa/cifar10/2026-09-09_10-32-49_27293207/search/
r2-emoa,cifar10,FGSM,640,hv_acc_2obj,1169.3116,results/r2-emoa/cifar10/2026-09-09_10-32-49_27293207/search/
r2-emoa,cifar10,FGSM,640,r2,0.11011676194114059,results/r2-emoa/cifar10/2026-09-09_10-32-49_27293207/search/
r2-emoa,cifar10,FGSM,640,hv_2obj,52.62698523410826,results/r2-emoa/cifar10/2026-09-09_10-32-49_27293207/search/
r2-emoa,cifar10,FGSM,680,hv,156639.47901986114,results/r2-emoa/cifar10/2026-09-09_10-32-49_27293207/search/
r2-emoa,cifar10,FGSM,680,hv_acc_2obj,1203.0908,results/r2-emoa/cifar10/2026-09-09_10-32-49_27293207/search/
r2-emoa,cifar10,FGSM,680,r2,0.11011081294852713,results/r2-emoa/cifar10/2026-09-09_10-32-49_27293207/search/
r2-emoa,cifar10,FGSM,680,hv_2obj,52.62857333028261,results/r2-emoa/cifar10/2026-09-09_10-32-49_27293207/search/
r2-emoa,cifar10,FGSM,720,hv,156640.29007946665,results/r2-emoa/cifar10/2026-09-09_10-32-49_27293207/search/
r2-emoa,cifar10,FGSM,720,hv_acc_2obj,1224.0572000000004,results/r2-emoa/cifar10/2026-09-09_10-32-49_27293207/search/
r2-emoa,cifar10,FGSM,720,r2,0.11011081294852713,results/r2-emoa/cifar10/2026-09-09_10-32-49_27293207/search/
r2-emoa,cifar10,FGSM,720,hv_2obj,52.62857333028261,results/r2-emoa/cifar10/2026-09-09_10-32-49_27293207/search/
r2-emoa,cifar10,FGSM,760,hv,156972.88259324667,results/r2-emoa/cifar10/2026-09-09_10-32-49_27293207/search/
r2-emoa,cifar10,FGSM,760,hv_acc_2obj,1224.5272000000004,results/r2-emoa/cifar10/2026-09-09_10-32-49_27293207/search/
r2-emoa,cifar10,FGSM,760,r2,0.10969461944309795,results/r2-emoa/cifar10/2026-09-09_10-32-49_27293207/search/
r2-emoa,cifar10,FGSM,760,hv_2obj,52.72137652349636,results/r2-emoa/cifar10/2026-09-09_10-32-49_27293207/search/
r2-emoa,cifar10,FGSM,800,hv,157117.77076306625,results/r2-emoa/cifar10/2026-09-09_10-32-49_27293207/search/
r2-emoa,cifar10,FGSM,800,hv_acc_2obj,1224.5272000000004,results/r2-emoa/cifar10/2026-09-09_10-32-49_27293207/search/
r2-emoa,cifar10,FGSM,800,r2,0.10969461944309795,results/r2-emoa/cifar10/2026-09-09_10-32-49_27293207/search/
r2-emoa,cifar10,FGSM,800,hv_2obj,52.72137652349636,results/r2-emoa/cifar10/2026-09-09_10-32-49_27293207/search/
r2-emoa,cifar10,FGSM,840,hv,157124.02407144028,results/r2-emoa/cifar10/2026-09-09_10-32-49_27293207/search/
r2-emoa,cifar10,FGSM,840,hv_acc_2obj,1224.5272000000004,results/r2-emoa/cifar10/2026-09-09_10-32-49_27293207/search/
r2-emoa,cifar10,FGSM,840,r2,0.10969461944309795,results/r2-emoa/cifar10/2026-09-09_10-32-49_27293207/search/
r2-emoa,cifar10,FGSM,840,hv_2obj,52.72137652349636,results/r2-emoa/cifar10/2026-09-09_10-32-49_27293207/search/
r2-emoa,cifar10,FGSM,880,hv,157684.55986621394,results/r2-emoa/cifar10/2026-09-09_10-32-49_27293207/search/
r2-emoa,cifar10,FGSM,880,hv_acc_2obj,1226.2756000000004,results/r2-emoa/cifar10/2026-09-09_10-32-49_27293207/search/
r2-emoa,cifar10,FGSM,880,r2,0.10884238695685233,results/r2-emoa/cifar10/2026-09-09_10-32-49_27293207/search/
r2-emoa,cifar10,FGSM,880,hv_2obj,52.9137702540995,results/r2-emoa/cifar10/2026-09-09_10-32-49_27293207/search/
r2-emoa,cifar10,FGSM,920,hv,157687.15545113347,results/r2-emoa/cifar10/2026-09-09_10-32-49_27293207/search/
r2-emoa,cifar10,FGSM,920,hv_acc_2obj,1226.2756000000004,results/r2-emoa/cifar10/2026-09-09_10-32-49_27293207/search/
r2-emoa,cifar10,FGSM,920,r2,0.10884238695685233,results/r2-emoa/cifar10/2026-09-09_10-32-49_27293207/search/
r2-emoa,cifar10,FGSM,920,hv_2obj,52.9137702540995,results/r2-emoa/cifar10/2026-09-09_10-32-49_27293207/search/
r2-emoa,cifar10,FGSM,960,hv,157693.93424280168,results/r2-emoa/cifar10/2026-09-09_10-32-49_27293207/search/
r2-emoa,cifar10,FGSM,960,hv_acc_2obj,1226.2852000000003,results/r2-emoa/cifar10/2026-09-09_10-32-49_27293207/search/
r2-emoa,cifar10,FGSM,960,r2,0.10884238695685233,results/r2-emoa/cifar10/2026-09-09_10-32-49_27293207/search/
r2-emoa,cifar10,FGSM,960,hv_2obj,52.9137702540995,results/r2-emoa/cifar10/2026-09-09_10-32-49_27293207/search/
r2-emoa,cifar10,FGSM,1000,hv,157707.11258453893,results/r2-emoa/cifar10/2026-09-09_10-32-49_27293207/search/
r2-emoa,cifar10,FGSM,1000,hv_acc_2obj,1226.9660000000003,results/r2-emoa/cifar10/2026-09-09_10-32-49_27293207/search/
r2-emoa,cifar10,FGSM,1000,r2,0.10884238695685233,results/r2-emoa/cifar10/2026-09-09_10-32-49_27293207/search/
r2-emoa,cifar10,FGSM,1000,hv_2obj,52.913770775511566,results/r2-emoa/cifar10/2026-09-09_10-32-49_27293207/search/
r2-emoa,cifar10,FGSM,1040,hv,157717.3341104239,results/r2-emoa/cifar10/2026-09-09_10-32-49_27293207/search/
r2-emoa,cifar10,FGSM,1040,hv_acc_2obj,1226.9660000000003,results/r2-emoa/cifar10/2026-09-09_10-32-49_27293207/search/
r2-emoa,cifar10,FGSM,1040,r2,0.10884238695685233,results/r2-emoa/cifar10/2026-09-09_10-32-49_27293207/search/
r2-emoa,cifar10,FGSM,1040,hv_2obj,52.913880415474225,results/r2-emoa/cifar10/2026-09-09_10-32-49_27293207/search/
r2-emoa,cifar10,FGSM,1080,hv,157720.01602814556,results/r2-emoa/cifar10/2026-09-09_10-32-49_27293207/search/
r2-emoa,cifar10,FGSM,1080,hv_acc_2obj,1227.5644000000004,results/r2-emoa/cifar10/2026-09-09_10-32-49_27293207/search/
r2-emoa,cifar10,FGSM,1080,r2,0.10884238695685233,results/r2-emoa/cifar10/2026-09-09_10-32-49_27293207/search/
r2-emoa,cifar10,FGSM,1080,hv_2obj,52.91456908675401,results/r2-emoa/cifar10/2026-09-09_10-32-49_27293207/search/
r2-emoa,cifar10,FGSM,1120,hv,157720.1544757397,results/r2-emoa/cifar10/2026-09-09_10-32-49_27293207/search/
r2-emoa,cifar10,FGSM,1120,hv_acc_2obj,1227.5644000000004,results/r2-emoa/cifar10/2026-09-09_10-32-49_27293207/search/
r2-emoa,cifar10,FGSM,1120,r2,0.10884238695685233,results/r2-emoa/cifar10/2026-09-09_10-32-49_27293207/search/
r2-emoa,cifar10,FGSM,1120,hv_2obj,52.91456908675401,results/r2-emoa/cifar10/2026-09-09_10-32-49_27293207/search/
r2-emoa,cifar10,FGSM,1160,hv,157720.93507613763,results/r2-emoa/cifar10/2026-09-09_10-32-49_27293207/search/
r2-emoa,cifar10,FGSM,1160,hv_acc_2obj,1231.7848000000001,results/r2-emoa/cifar10/2026-09-09_10-32-49_27293207/search/
r2-emoa,cifar10,FGSM,1160,r2,0.10884238695685233,results/r2-emoa/cifar10/2026-09-09_10-32-49_27293207/search/
r2-emoa,cifar10,FGSM,1160,hv_2obj,52.9148356485573,results/r2-emoa/cifar10/2026-09-09_10-32-49_27293207/search/
r2-emoa,cifar10,FGSM,1200,hv,157721.1446994583,results/r2-emoa/cifar10/2026-09-09_10-32-49_27293207/search/
r2-emoa,cifar10,FGSM,1200,hv_acc_2obj,1231.7848000000001,results/r2-emoa/cifar10/2026-09-09_10-32-49_27293207/search/
r2-emoa,cifar10,FGSM,1200,r2,0.10884238695685233,results/r2-emoa/cifar10/2026-09-09_10-32-49_27293207/search/
r2-emoa,cifar10,FGSM,1200,hv_2obj,52.9148356485573,results/r2-emoa/cifar10/2026-09-09_10-32-49_27293207/search/
r2-emoa,cifar10,FGSM,1240,hv,157721.16584644953,results/r2-emoa/cifar10/2026-09-09_10-32-49_27293207/search/
r2-emoa,cifar10,FGSM,1240,hv_acc_2obj,1231.7848000000001,results/r2-emoa/cifar10/2026-09-09_10-32-49_27293207/search/
r2-emoa,cifar10,FGSM,1240,r2,0.10884238695685233,results/r2-emoa/cifar10/2026-09-09_10-32-49_27293207/search/
r2-emoa,cifar10,FGSM,1240,hv_2obj,52.9148356485573,results/r2-emoa/cifar10/2026-09-09_10-32-49_27293207/search/
r2-emoa,cifar10,FGSM,40,hv,148203.96795137232,results/r2-emoa/cifar10/2026-09-09_15-04-16_27522793/search/
r2-emoa,cifar10,FGSM,40,hv_acc_2obj,868.2915999999998,results/r2-emoa/cifar10/2026-09-09_15-04-16_27522793/search/
r2-emoa,cifar10,FGSM,40,r2,0.11939730983858057,results/r2-emoa/cifar10/2026-09-09_15-04-16_27522793/search/
r2-emoa,cifar10,FGSM,40,hv_2obj,50.50981978405427,results/r2-emoa/cifar10/2026-09-09_15-04-16_27522793/search/
r2-emoa,cifar10,FGSM,80,hv,149093.23201878526,results/r2-emoa/cifar10/2026-09-09_15-04-16_27522793/search/
r2-emoa,cifar10,FGSM,80,hv_acc_2obj,917.5611999999998,results/r2-emoa/cifar10/2026-09-09_15-04-16_27522793/search/
r2-emoa,cifar10,FGSM,80,r2,0.11909067421671708,results/r2-emoa/cifar10/2026-09-09_15-04-16_27522793/search/
r2-emoa,cifar10,FGSM,80,hv_2obj,50.58056145240906,results/r2-emoa/cifar10/2026-09-09_15-04-16_27522793/search/
r2-emoa,cifar10,FGSM,120,hv,151485.8945789611,results/r2-emoa/cifar10/2026-09-09_15-04-16_27522793/search/
r2-emoa,cifar10,FGSM,120,hv_acc_2obj,954.0432000000001,results/r2-emoa/cifar10/2026-09-09_15-04-16_27522793/search/
r2-emoa,cifar10,FGSM,120,r2,0.11631128080586821,results/r2-emoa/cifar10/2026-09-09_15-04-16_27522793/search/
r2-emoa,cifar10,FGSM,120,hv_2obj,51.20944149886247,results/r2-emoa/cifar10/2026-09-09_15-04-16_27522793/search/
r2-emoa,cifar10,FGSM,160,hv,152437.18460354223,results/r2-emoa/cifar10/2026-09-09_15-04-16_27522793/search/
r2-emoa,cifar10,FGSM,160,hv_acc_2obj,985.4968000000001,results/r2-emoa/cifar10/2026-09-09_15-04-16_27522793/search/
r2-emoa,cifar10,FGSM,160,r2,0.1149306517234342,results/r2-emoa/cifar10/2026-09-09_15-04-16_27522793/search/
r2-emoa,cifar10,FGSM,160,hv_2obj,51.52194669572235,results/r2-emoa/cifar10/2026-09-09_15-04-16_27522793/search/
r2-emoa,cifar10,FGSM,200,hv,152519.63959855813,results/r2-emoa/cifar10/2026-09-09_15-04-16_27522793/search/
r2-emoa,cifar10,FGSM,200,hv_acc_2obj,985.4968000000001,results/r2-emoa/cifar10/2026-09-09_15-04-16_27522793/search/
r2-emoa,cifar10,FGSM,200,r2,0.1149306517234342,results/r2-emoa/cifar10/2026-09-09_15-04-16_27522793/search/
r2-emoa,cifar10,FGSM,200,hv_2obj,51.52194669572235,results/r2-emoa/cifar10/2026-09-09_15-04-16_27522793/search/
r2-emoa,cifar10,FGSM,240,hv,153214.39160885496,results/r2-emoa/cifar10/2026-09-09_15-04-16_27522793/search/
r2-emoa,cifar10,FGSM,240,hv_acc_2obj,1000.2208000000005,results/r2-emoa/cifar10/2026-09-09_15-04-16_27522793/search/
r2-emoa,cifar10,FGSM,240,r2,0.11451312632909719,results/r2-emoa/cifar10/2026-09-09_15-04-16_27522793/search/
r2-emoa,cifar10,FGSM,240,hv_2obj,51.618322486645894,results/r2-emoa/cifar10/2026-09-09_15-04-16_27522793/search/
r2-emoa,cifar10,FGSM,280,hv,153221.87457310435,results/r2-emoa/cifar10/2026-09-09_15-04-16_27522793/search/
r2-emoa,cifar10,FGSM,280,hv_acc_2obj,1011.5228000000002,results/r2-emoa/cifar10/2026-09-09_15-04-16_27522793/search/
r2-emoa,cifar10,FGSM,280,r2,0.11451312632909719,results/r2-emoa/cifar10/2026-09-09_15-04-16_27522793/search/
r2-emoa,cifar10,FGSM,280,hv_2obj,51.618322486645894,results/r2-emoa/cifar10/2026-09-09_15-04-16_27522793/search/
r2-emoa,cifar10,FGSM,320,hv,153570.4780573944,results/r2-emoa/cifar10/2026-09-09_15-04-16_27522793/search/
r2-emoa,cifar10,FGSM,320,hv_acc_2obj,1088.3828,results/r2-emoa/cifar10/2026-09-09_15-04-16_27522793/search/
r2-emoa,cifar10,FGSM,320,r2,0.11401358710299485,results/r2-emoa/cifar10/2026-09-09_15-04-16_27522793/search/
r2-emoa,cifar10,FGSM,320,hv_2obj,51.72924009916948,results/r2-emoa/cifar10/2026-09-09_15-04-16_27522793/search/
r2-emoa,cifar10,FGSM,360,hv,154060.47114462077,results/r2-emoa/cifar10/2026-09-09_15-04-16_27522793/search/
r2-emoa,cifar10,FGSM,360,hv_acc_2obj,1100.3823999999997,results/r2-emoa/cifar10/2026-09-09_15-04-16_27522793/search/
r2-emoa,cifar10,FGSM,360,r2,0.11372692221287736,results/r2-emoa/cifar10/2026-09-09_15-04-16_27522793/search/
r2-emoa,cifar10,FGSM,360,hv_2obj,51.79670361680997,results/r2-emoa/cifar10/2026-09-09_15-04-16_27522793/search/
r2-emoa,cifar10,FGSM,400,hv,156156.71765712445,results/r2-emoa/cifar10/2026-09-09_15-04-16_27522793/search/
r2-emoa,cifar10,FGSM,400,hv_acc_2obj,1106.9999999999998,results/r2-emoa/cifar10/2026-09-09_15-04-16_27522793/search/
r2-emoa,cifar10,FGSM,400,r2,0.11068635307775036,results/r2-emoa/cifar10/2026-09-09_15-04-16_27522793/search/
r2-emoa,cifar10,FGSM,400,hv_2obj,52.49171845742334,results/r2-emoa/cifar10/2026-09-09_15-04-16_27522793/search/
r2-emoa,cifar10,FGSM,440,hv,156475.17443484752,results/r2-emoa/cifar10/2026-09-09_15-04-16_27522793/search/
r2-emoa,cifar10,FGSM,440,hv_acc_2obj,1133.1979999999996,results/r2-emoa/cifar10/2026-09-09_15-04-16_27522793/search/
r2-emoa,cifar10,FGSM,440,r2,0.11024891635057488,results/r2-emoa/cifar10/2026-09-09_15-04-16_27522793/search/
r2-emoa,cifar10,FGSM,440,hv_2obj,52.59092673173856,results/r2-emoa/cifar10/2026-09-09_15-04-16_27522793/search/
r2-emoa,cifar10,FGSM,480,hv,156480.85391057323,results/r2-emoa/cifar10/2026-09-09_15-04-16_27522793/search/
r2-emoa,cifar10,FGSM,480,hv_acc_2obj,1134.8259999999993,results/r2-emoa/cifar10/2026-09-09_15-04-16_27522793/search/
r2-emoa,cifar10,FGSM,480,r2,0.11024891635057488,results/r2-emoa/cifar10/2026-09-09_15-04-16_27522793/search/
r2-emoa,cifar10,FGSM,480,hv_2obj,52.59092673173856,results/r2-emoa/cifar10/2026-09-09_15-04-16_27522793/search/
r2-emoa,cifar10,FGSM,520,hv,156510.14385348966,results/r2-emoa/cifar10/2026-09-09_15-04-16_27522793/search/
r2-emoa,cifar10,FGSM,520,hv_acc_2obj,1147.8163999999995,results/r2-emoa/cifar10/2026-09-09_15-04-16_27522793/search/
r2-emoa,cifar10,FGSM,520,r2,0.11024891635057488,results/r2-emoa/cifar10/2026-09-09_15-04-16_27522793/search/
r2-emoa,cifar10,FGSM,520,hv_2obj,52.591244523605134,results/r2-emoa/cifar10/2026-09-09_15-04-16_27522793/search/
r2-emoa,cifar10,FGSM,560,hv,156631.44487692468,results/r2-emoa/cifar10/2026-09-09_15-04-16_27522793/search/
r2-emoa,cifar10,FGSM,560,hv_acc_2obj,1167.7748,results/r2-emoa/cifar10/2026-09-09_15-04-16_27522793/search/
r2-emoa,cifar10,FGSM,560,r2,0.11024891635057488,results/r2-emoa/cifar10/2026-09-09_15-04-16_27522793/search/
r2-emoa,cifar10,FGSM,560,hv_2obj,52.591244523605134,results/r2-emoa/cifar10/2026-09-09_15-04-16_27522793/search/
r2-emoa,cifar10,FGSM,600,hv,156774.99502280107,results/r2-emoa/cifar10/2026-09-09_15-04-16_27522793/search/
r2-emoa,cifar10,FGSM,600,hv_acc_2obj,1169.8863999999996,results/r2-emoa/cifar10/2026-09-09_15-04-16_27522793/search/
r2-emoa,cifar10,FGSM,600,r2,0.11024891635057488,results/r2-emoa/cifar10/2026-09-09_15-04-16_27522793/search/
r2-emoa,cifar10,FGSM,600,hv_2obj,52.591244523605134,results/r2-emoa/cifar10/2026-09-09_15-04-16_27522793/search/
r2-emoa,cifar10,FGSM,640,hv,156918.33497779068,results/r2-emoa/cifar10/2026-09-09_15-04-16_27522793/search/
r2-emoa,cifar10,FGSM,640,hv_acc_2obj,1169.8863999999996,results/r2-emoa/cifar10/2026-09-09_15-04-16_27522793/search/
r2-emoa,cifar10,FGSM,640,r2,0.11024891635057488,results/r2-emoa/cifar10/2026-09-09_15-04-16_27522793/search/
r2-emoa,cifar10,FGSM,640,hv_2obj,52.591244523605134,results/r2-emoa/cifar10/2026-09-09_15-04-16_27522793/search/
r2-emoa,cifar10,FGSM,680,hv,156919.10059427677,results/r2-emoa/cifar10/2026-09-09_15-04-16_27522793/search/
r2-emoa,cifar10,FGSM,680,hv_acc_2obj,1169.9691999999998,results/r2-emoa/cifar10/2026-09-09_15-04-16_27522793/search/
r2-emoa,cifar10,FGSM,680,r2,0.11024891635057488,results/r2-emoa/cifar10/2026-09-09_15-04-16_27522793/search/
r2-emoa,cifar10,FGSM,680,hv_2obj,52.591244523605134,results/r2-emoa/cifar10/2026-09-09_15-04-16_27522793/search/
r2-emoa,cifar10,FGSM,720,hv,157362.52458350416,results/r2-emoa/cifar10/2026-09-09_15-04-16_27522793/search/
r2-emoa,cifar10,FGSM,720,hv_acc_2obj,1211.0396,results/r2-emoa/cifar10/2026-09-09_15-04-16_27522793/search/
r2-emoa,cifar10,FGSM,720,r2,0.10960661006871172,results/r2-emoa/cifar10/2026-09-09_15-04-16_27522793/search/
r2-emoa,cifar10,FGSM,720,hv_2obj,52.74323054751002,results/r2-emoa/cifar10/2026-09-09_15-04-16_27522793/search/
r2-emoa,cifar10,FGSM,760,hv,157367.3183354179,results/r2-emoa/cifar10/2026-09-09_15-04-16_27522793/search/
r2-emoa,cifar10,FGSM,760,hv_acc_2obj,1211.0396,results/r2-emoa/cifar10/2026-09-09_15-04-16_27522793/search/
r2-emoa,cifar10,FGSM,760,r2,0.10960661006871172,results/r2-emoa/cifar10/2026-09-09_15-04-16_27522793/search/
r2-emoa,cifar10,FGSM,760,hv_2obj,52.74323054751002,results/r2-emoa/cifar10/2026-09-09_15-04-16_27522793/search/
r2-emoa,cifar10,FGSM,800,hv,157368.22207884426,results/r2-emoa/cifar10/2026-09-09_15-04-16_27522793/search/
r2-emoa,cifar10,FGSM,800,hv_acc_2obj,1213.3327999999997,results/r2-emoa/cifar10/2026-09-09_15-04-16_27522793/search/
r2-emoa,cifar10,FGSM,800,r2,0.10960661006871172,results/r2-emoa/cifar10/2026-09-09_15-04-16_27522793/search/
r2-emoa,cifar10,FGSM,800,hv_2obj,52.74323054751002,results/r2-emoa/cifar10/2026-09-09_15-04-16_27522793/search/
r2-emoa,cifar10,FGSM,840,hv,157368.25789448764,results/r2-emoa/cifar10/2026-09-09_15-04-16_27522793/search/
r2-emoa,cifar10,FGSM,840,hv_acc_2obj,1213.3327999999997,results/r2-emoa/cifar10/2026-09-09_15-04-16_27522793/search/
r2-emoa,cifar10,FGSM,840,r2,0.10960661006871172,results/r2-emoa/cifar10/2026-09-09_15-04-16_27522793/search/
r2-emoa,cifar10,FGSM,840,hv_2obj,52.74323054751002,results/r2-emoa/cifar10/2026-09-09_15-04-16_27522793/search/
r2-emoa,cifar10,FGSM,880,hv,157369.00799902694,results/r2-emoa/cifar10/2026-09-09_15-04-16_27522793/search/
r2-emoa,cifar10,FGSM,880,hv_acc_2obj,1213.3327999999997,results/r2-emoa/cifar10/2026-09-09_15-04-16_27522793/search/
r2-emoa,cifar10,FGSM,880,r2,0.10960661006871172,results/r2-emoa/cifar10/2026-09-09_15-04-16_27522793/search/
r2-emoa,cifar10,FGSM,880,hv_2obj,52.74323054751002,results/r2-emoa/cifar10/2026-09-09_15-04-16_27522793/search/
r2-emoa,cifar10,FGSM,920,hv,157369.5363146295,results/r2-emoa/cifar10/2026-09-09_15-04-16_27522793/search/
r2-emoa,cifar10,FGSM,920,hv_acc_2obj,1213.3327999999997,results/r2-emoa/cifar10/2026-09-09_15-04-16_27522793/search/
r2-emoa,cifar10,FGSM,920,r2,0.10960661006871172,results/r2-emoa/cifar10/2026-09-09_15-04-16_27522793/search/
r2-emoa,cifar10,FGSM,920,hv_2obj,52.74323054751002,results/r2-emoa/cifar10/2026-09-09_15-04-16_27522793/search/
r2-emoa,cifar10,FGSM,960,hv,157370.45306503237,results/r2-emoa/cifar10/2026-09-09_15-04-16_27522793/search/
r2-emoa,cifar10,FGSM,960,hv_acc_2obj,1213.6976,results/r2-emoa/cifar10/2026-09-09_15-04-16_27522793/search/
r2-emoa,cifar10,FGSM,960,r2,0.10960661006871172,results/r2-emoa/cifar10/2026-09-09_15-04-16_27522793/search/
r2-emoa,cifar10,FGSM,960,hv_2obj,52.74323054751002,results/r2-emoa/cifar10/2026-09-09_15-04-16_27522793/search/
r2-emoa,cifar10,FGSM,1000,hv,157373.08950710166,results/r2-emoa/cifar10/2026-09-09_15-04-16_27522793/search/
r2-emoa,cifar10,FGSM,1000,hv_acc_2obj,1213.6976,results/r2-emoa/cifar10/2026-09-09_15-04-16_27522793/search/
r2-emoa,cifar10,FGSM,1000,r2,0.109598513659023,results/r2-emoa/cifar10/2026-09-09_15-04-16_27522793/search/
r2-emoa,cifar10,FGSM,1000,hv_2obj,52.74410362947704,results/r2-emoa/cifar10/2026-09-09_15-04-16_27522793/search/
r2-emoa,cifar10,FGSM,1040,hv,157373.1255388197,results/r2-emoa/cifar10/2026-09-09_15-04-16_27522793/search/
r2-emoa,cifar10,FGSM,1040,hv_acc_2obj,1213.6976,results/r2-emoa/cifar10/2026-09-09_15-04-16_27522793/search/
r2-emoa,cifar10,FGSM,1040,r2,0.109598513659023,results/r2-emoa/cifar10/2026-09-09_15-04-16_27522793/search/
r2-emoa,cifar10,FGSM,1040,hv_2obj,52.74410362947704,results/r2-emoa/cifar10/2026-09-09_15-04-16_27522793/search/
r2-emoa,cifar10,FGSM,1080,hv,157373.78938790856,results/r2-emoa/cifar10/2026-09-09_15-04-16_27522793/search/
r2-emoa,cifar10,FGSM,1080,hv_acc_2obj,1213.6976,results/r2-emoa/cifar10/2026-09-09_15-04-16_27522793/search/
r2-emoa,cifar10,FGSM,1080,r2,0.109598513659023,results/r2-emoa/cifar10/2026-09-09_15-04-16_27522793/search/
r2-emoa,cifar10,FGSM,1080,hv_2obj,52.74410362947704,results/r2-emoa/cifar10/2026-09-09_15-04-16_27522793/search/
r2-emoa,cifar10,FGSM,1120,hv,157373.78940613643,results/r2-emoa/cifar10/2026-09-09_15-04-16_27522793/search/
r2-emoa,cifar10,FGSM,1120,hv_acc_2obj,1213.6976,results/r2-emoa/cifar10/2026-09-09_15-04-16_27522793/search/
r2-emoa,cifar10,FGSM,1120,r2,0.109598513659023,results/r2-emoa/cifar10/2026-09-09_15-04-16_27522793/search/
r2-emoa,cifar10,FGSM,1120,hv_2obj,52.74410362947704,results/r2-emoa/cifar10/2026-09-09_15-04-16_27522793/search/
r2-emoa,cifar10,FGSM,1160,hv,157374.28143444698,results/r2-emoa/cifar10/2026-09-09_15-04-16_27522793/search/
r2-emoa,cifar10,FGSM,1160,hv_acc_2obj,1213.6976,results/r2-emoa/cifar10/2026-09-09_15-04-16_27522793/search/
r2-emoa,cifar10,FGSM,1160,r2,0.109598513659023,results/r2-emoa/cifar10/2026-09-09_15-04-16_27522793/search/
r2-emoa,cifar10,FGSM,1160,hv_2obj,52.74410362947704,results/r2-emoa/cifar10/2026-09-09_15-04-16_27522793/search/
r2-emoa,cifar10,FGSM,1200,hv,157375.57644321214,results/r2-emoa/cifar10/2026-09-09_15-04-16_27522793/search/
r2-emoa,cifar10,FGSM,1200,hv_acc_2obj,1213.6976,results/r2-emoa/cifar10/2026-09-09_15-04-16_27522793/search/
r2-emoa,cifar10,FGSM,1200,r2,0.109598513659023,results/r2-emoa/cifar10/2026-09-09_15-04-16_27522793/search/
r2-emoa,cifar10,FGSM,1200,hv_2obj,52.74427698008246,results/r2-emoa/cifar10/2026-09-09_15-04-16_27522793/search/
r2-emoa,cifar10,FGSM,1240,hv,157378.70689169987,results/r2-emoa/cifar10/2026-09-09_15-04-16_27522793/search/
r2-emoa,cifar10,FGSM,1240,hv_acc_2obj,1213.7527999999998,results/r2-emoa/cifar10/2026-09-09_15-04-16_27522793/search/
r2-emoa,cifar10,FGSM,1240,r2,0.109598513659023,results/r2-emoa/cifar10/2026-09-09_15-04-16_27522793/search/
r2-emoa,cifar10,FGSM,1240,hv_2obj,52.74427698008246,results/r2-emoa/cifar10/2026-09-09_15-04-16_27522793/search/
random-search,cifar10,FGSM,40,hv,149821.2914988057,results/random-search/cifar10/2026-09-09_23-13-57_18906049/search/
random-search,cifar10,FGSM,40,hv_acc_2obj,926.3323999999997,results/random-search/cifar10/2026-09-09_23-13-57_18906049/search/
random-search,cifar10,FGSM,40,r2,0.11688218170165876,results/random-search/cifar10/2026-09-09_23-13-57_18906049/search/
random-search,cifar10,FGSM,40,hv_2obj,51.08529410694413,results/random-search/cifar10/2026-09-09_23-13-57_18906049/search/
random-search,cifar10,FGSM,80,hv,150701.21703021767,results/random-search/cifar10/2026-09-09_23-13-57_18906049/search/
random-search,cifar10,FGSM,80,hv_acc_2obj,945.3796000000001,results/random-search/cifar10/2026-09-09_23-13-57_18906049/search/
random-search,cifar10,FGSM,80,r2,0.11672866322378572,results/random-search/cifar10/2026-09-09_23-13-57_18906049/search/
random-search,cifar10,FGSM,80,hv_2obj,51.11957196588219,results/random-search/cifar10/2026-09-09_23-13-57_18906049/search/
random-search,cifar10,FGSM,120,hv,150705.24499975613,results/random-search/cifar10/2026-09-09_23-13-57_18906049/search/
random-search,cifar10,FGSM,120,hv_acc_2obj,945.3796000000001,results/random-search/cifar10/2026-09-09_23-13-57_18906049/search/
random-search,cifar10,FGSM,120,r2,0.11672866322378572,results/random-search/cifar10/2026-09-09_23-13-57_18906049/search/
random-search,cifar10,FGSM,120,hv_2obj,51.11957196588219,results/random-search/cifar10/2026-09-09_23-13-57_18906049/search/
random-search,cifar10,FGSM,160,hv,150721.0448391647,results/random-search/cifar10/2026-09-09_23-13-57_18906049/search/
random-search,cifar10,FGSM,160,hv_acc_2obj,946.5379999999999,results/random-search/cifar10/2026-09-09_23-13-57_18906049/search/
random-search,cifar10,FGSM,160,r2,0.11672866322378572,results/random-search/cifar10/2026-09-09_23-13-57_18906049/search/
random-search,cifar10,FGSM,160,hv_2obj,51.11957196588219,results/random-search/cifar10/2026-09-09_23-13-57_18906049/search/
random-search,cifar10,FGSM,200,hv,151202.59851417638,results/random-search/cifar10/2026-09-09_23-13-57_18906049/search/
random-search,cifar10,FGSM,200,hv_acc_2obj,946.5379999999999,results/random-search/cifar10/2026-09-09_23-13-57_18906049/search/
random-search,cifar10,FGSM,200,r2,0.11672866322378572,results/random-search/cifar10/2026-09-09_23-13-57_18906049/search/
random-search,cifar10,FGSM,200,hv_2obj,51.11957196588219,results/random-search/cifar10/2026-09-09_23-13-57_18906049/search/
random-search,cifar10,FGSM,240,hv,151207.89791294734,results/random-search/cifar10/2026-09-09_23-13-57_18906049/search/
random-search,cifar10,FGSM,240,hv_acc_2obj,946.5379999999999,results/random-search/cifar10/2026-09-09_23-13-57_18906049/search/
random-search,cifar10,FGSM,240,r2,0.11672866322378572,results/random-search/cifar10/2026-09-09_23-13-57_18906049/search/
random-search,cifar10,FGSM,240,hv_2obj,51.11957196588219,results/random-search/cifar10/2026-09-09_23-13-57_18906049/search/
random-search,cifar10,FGSM,280,hv,151211.7162212313,results/random-search/cifar10/2026-09-09_23-13-57_18906049/search/
random-search,cifar10,FGSM,280,hv_acc_2obj,946.5379999999999,results/random-search/cifar10/2026-09-09_23-13-57_18906049/search/
random-search,cifar10,FGSM,280,r2,0.11672866322378572,results/random-search/cifar10/2026-09-09_23-13-57_18906049/search/
random-search,cifar10,FGSM,280,hv_2obj,51.11957196588219,results/random-search/cifar10/2026-09-09_23-13-57_18906049/search/
random-search,cifar10,FGSM,320,hv,151211.7162212313,results/random-search/cifar10/2026-09-09_23-13-57_18906049/search/
random-search,cifar10,FGSM,320,hv_acc_2obj,946.5379999999999,results/random-search/cifar10/2026-09-09_23-13-57_18906049/search/
random-search,cifar10,FGSM,320,r2,0.11672866322378572,results/random-search/cifar10/2026-09-09_23-13-57_18906049/search/
random-search,cifar10,FGSM,320,hv_2obj,51.11957196588219,results/random-search/cifar10/2026-09-09_23-13-57_18906049/search/
random-search,cifar10,FGSM,360,hv,151510.99400855807,results/random-search/cifar10/2026-09-09_23-13-57_18906049/search/
random-search,cifar10,FGSM,360,hv_acc_2obj,966.4051999999999,results/random-search/cifar10/2026-09-09_23-13-57_18906049/search/
random-search,cifar10,FGSM,360,r2,0.11627637467247383,results/random-search/cifar10/2026-09-09_23-13-57_18906049/search/
random-search,cifar10,FGSM,360,hv_2obj,51.21965319525041,results/random-search/cifar10/2026-09-09_23-13-57_18906049/search/
random-search,cifar10,FGSM,400,hv,151512.07496721318,results/random-search/cifar10/2026-09-09_23-13-57_18906049/search/
random-search,cifar10,FGSM,400,hv_acc_2obj,966.4051999999999,results/random-search/cifar10/2026-09-09_23-13-57_18906049/search/
random-search,cifar10,FGSM,400,r2,0.11627637467247383,results/random-search/cifar10/2026-09-09_23-13-57_18906049/search/
random-search,cifar10,FGSM,400,hv_2obj,51.21965319525041,results/random-search/cifar10/2026-09-09_23-13-57_18906049/search/
random-search,cifar10,FGSM,440,hv,151513.27212863855,results/random-search/cifar10/2026-09-09_23-13-57_18906049/search/
random-search,cifar10,FGSM,440,hv_acc_2obj,966.4051999999999,results/random-search/cifar10/2026-09-09_23-13-57_18906049/search/
random-search,cifar10,FGSM,440,r2,0.11627637467247383,results/random-search/cifar10/2026-09-09_23-13-57_18906049/search/
random-search,cifar10,FGSM,440,hv_2obj,51.21965319525041,results/random-search/cifar10/2026-09-09_23-13-57_18906049/search/
random-search,cifar10,FGSM,480,hv,151519.96917774662,results/random-search/cifar10/2026-09-09_23-13-57_18906049/search/
random-search,cifar10,FGSM,480,hv_acc_2obj,966.4051999999999,results/random-search/cifar10/2026-09-09_23-13-57_18906049/search/
random-search,cifar10,FGSM,480,r2,0.11627637467247383,results/random-search/cifar10/2026-09-09_23-13-57_18906049/search/
random-search,cifar10,FGSM,480,hv_2obj,51.21965319525041,results/random-search/cifar10/2026-09-09_23-13-57_18906049/search/
random-search,cifar10,FGSM,520,hv,151519.96917774662,results/random-search/cifar10/2026-09-09_23-13-57_18906049/search/
random-search,cifar10,FGSM,520,hv_acc_2obj,966.4051999999999,results/random-search/cifar10/2026-09-09_23-13-57_18906049/search/
random-search,cifar10,FGSM,520,r2,0.11627637467247383,results/random-search/cifar10/2026-09-09_23-13-57_18906049/search/
random-search,cifar10,FGSM,520,hv_2obj,51.21965319525041,results/random-search/cifar10/2026-09-09_23-13-57_18906049/search/
random-search,cifar10,FGSM,560,hv,151526.16692661762,results/random-search/cifar10/2026-09-09_23-13-57_18906049/search/
random-search,cifar10,FGSM,560,hv_acc_2obj,966.4051999999999,results/random-search/cifar10/2026-09-09_23-13-57_18906049/search/
random-search,cifar10,FGSM,560,r2,0.11627637467247383,results/random-search/cifar10/2026-09-09_23-13-57_18906049/search/
random-search,cifar10,FGSM,560,hv_2obj,51.21965319525041,results/random-search/cifar10/2026-09-09_23-13-57_18906049/search/
random-search,cifar10,FGSM,600,hv,151526.9359159733,results/random-search/cifar10/2026-09-09_23-13-57_18906049/search/
random-search,cifar10,FGSM,600,hv_acc_2obj,966.4051999999999,results/random-search/cifar10/2026-09-09_23-13-57_18906049/search/
random-search,cifar10,FGSM,600,r2,0.11627637467247383,results/random-search/cifar10/2026-09-09_23-13-57_18906049/search/
random-search,cifar10,FGSM,600,hv_2obj,51.21965319525041,results/random-search/cifar10/2026-09-09_23-13-57_18906049/search/
random-search,cifar10,FGSM,640,hv,151527.03676792845,results/random-search/cifar10/2026-09-09_23-13-57_18906049/search/
random-search,cifar10,FGSM,640,hv_acc_2obj,966.4051999999999,results/random-search/cifar10/2026-09-09_23-13-57_18906049/search/
random-search,cifar10,FGSM,640,r2,0.11627637467247383,results/random-search/cifar10/2026-09-09_23-13-57_18906049/search/
random-search,cifar10,FGSM,640,hv_2obj,51.21965319525041,results/random-search/cifar10/2026-09-09_23-13-57_18906049/search/
random-search,cifar10,FGSM,680,hv,151986.42227338554,results/random-search/cifar10/2026-09-09_23-13-57_18906049/search/
random-search,cifar10,FGSM,680,hv_acc_2obj,975.8748000000002,results/random-search/cifar10/2026-09-09_23-13-57_18906049/search/
random-search,cifar10,FGSM,680,r2,0.11557586963036952,results/random-search/cifar10/2026-09-09_23-13-57_18906049/search/
random-search,cifar10,FGSM,680,hv_2obj,51.38286989042382,results/random-search/cifar10/2026-09-09_23-13-57_18906049/search/
random-search,cifar10,FGSM,720,hv,151991.18780724367,results/random-search/cifar10/2026-09-09_23-13-57_18906049/search/
random-search,cifar10,FGSM,720,hv_acc_2obj,975.8748000000002,results/random-search/cifar10/2026-09-09_23-13-57_18906049/search/
random-search,cifar10,FGSM,720,r2,0.11557586963036952,results/random-search/cifar10/2026-09-09_23-13-57_18906049/search/
random-search,cifar10,FGSM,720,hv_2obj,51.38286989042382,results/random-search/cifar10/2026-09-09_23-13-57_18906049/search/
random-search,cifar10,FGSM,760,hv,151991.18780724367,results/random-search/cifar10/2026-09-09_23-13-57_18906049/search/
random-search,cifar10,FGSM,760,hv_acc_2obj,975.8748000000002,results/random-search/cifar10/2026-09-09_23-13-57_18906049/search/
random-search,cifar10,FGSM,760,r2,0.11557586963036952,results/random-search/cifar10/2026-09-09_23-13-57_18906049/search/
random-search,cifar10,FGSM,760,hv_2obj,51.38286989042382,results/random-search/cifar10/2026-09-09_23-13-57_18906049/search/
random-search,cifar10,FGSM,800,hv,151991.18780917834,results/random-search/cifar10/2026-09-09_23-13-57_18906049/search/
random-search,cifar10,FGSM,800,hv_acc_2obj,975.8748000000002,results/random-search/cifar10/2026-09-09_23-13-57_18906049/search/
random-search,cifar10,FGSM,800,r2,0.11557586963036952,results/random-search/cifar10/2026-09-09_23-13-57_18906049/search/
random-search,cifar10,FGSM,800,hv_2obj,51.38286989042382,results/random-search/cifar10/2026-09-09_23-13-57_18906049/search/
random-search,cifar10,FGSM,840,hv,151991.18780917834,results/random-search/cifar10/2026-09-09_23-13-57_18906049/search/
random-search,cifar10,FGSM,840,hv_acc_2obj,975.8748000000002,results/random-search/cifar10/2026-09-09_23-13-57_18906049/search/
random-search,cifar10,FGSM,840,r2,0.11557586963036952,results/random-search/cifar10/2026-09-09_23-13-57_18906049/search/
random-search,cifar10,FGSM,840,hv_2obj,51.38286989042382,results/random-search/cifar10/2026-09-09_23-13-57_18906049/search/
random-search,cifar10,FGSM,880,hv,151991.18780917834,results/random-search/cifar10/2026-09-09_23-13-57_18906049/search/
random-search,cifar10,FGSM,880,hv_acc_2obj,975.8748000000002,results/random-search/cifar10/2026-09-09_23-13-57_18906049/search/
random-search,cifar10,FGSM,880,r2,0.11557586963036952,results/random-search/cifar10/2026-09-09_23-13-57_18906049/search/
random-search,cifar10,FGSM,880,hv_2obj,51.38286989042382,results/random-search/cifar10/2026-09-09_23-13-57_18906049/search/
random-search,cifar10,FGSM,920,hv,151991.9134325407,results/random-search/cifar10/2026-09-09_23-13-57_18906049/search/
random-search,cifar10,FGSM,920,hv_acc_2obj,991.9336000000002,results/random-search/cifar10/2026-09-09_23-13-57_18906049/search/
random-search,cifar10,FGSM,920,r2,0.11557586963036952,results/random-search/cifar10/2026-09-09_23-13-57_18906049/search/
random-search,cifar10,FGSM,920,hv_2obj,51.383125834452834,results/random-search/cifar10/2026-09-09_23-13-57_18906049/search/
random-search,cifar10,FGSM,960,hv,152586.47939901793,results/random-search/cifar10/2026-09-09_23-13-57_18906049/search/
random-search,cifar10,FGSM,960,hv_acc_2obj,1016.0024000000002,results/random-search/cifar10/2026-09-09_23-13-57_18906049/search/
random-search,cifar10,FGSM,960,r2,0.1146835405487816,results/random-search/cifar10/2026-09-09_23-13-57_18906049/search/
random-search,cifar10,FGSM,960,hv_2obj,51.58570861808447,results/random-search/cifar10/2026-09-09_23-13-57_18906049/search/
random-search,cifar10,FGSM,1000,hv,152592.60129210973,results/random-search/cifar10/2026-09-09_23-13-57_18906049/search/
random-search,cifar10,FGSM,1000,hv_acc_2obj,1016.0024000000002,results/random-search/cifar10/2026-09-09_23-13-57_18906049/search/
random-search,cifar10,FGSM,1000,r2,0.11467805391849303,results/random-search/cifar10/2026-09-09_23-13-57_18906049/search/
random-search,cifar10,FGSM,1000,hv_2obj,51.58648068756747,results/random-search/cifar10/2026-09-09_23-13-57_18906049/search/
random-search,cifar10,FGSM,1040,hv,152593.07109519155,results/random-search/cifar10/2026-09-09_23-13-57_18906049/search/
random-search,cifar10,FGSM,1040,hv_acc_2obj,1016.0024000000002,results/random-search/cifar10/2026-09-09_23-13-57_18906049/search/
random-search,cifar10,FGSM,1040,r2,0.11467805391849303,results/random-search/cifar10/2026-09-09_23-13-57_18906049/search/
random-search,cifar10,FGSM,1040,hv_2obj,51.58648068756747,results/random-search/cifar10/2026-09-09_23-13-57_18906049/search/
random-search,cifar10,FGSM,1080,hv,153431.97867147942,results/random-search/cifar10/2026-09-09_23-13-57_18906049/search/
random-search,cifar10,FGSM,1080,hv_acc_2obj,1016.0024000000002,results/random-search/cifar10/2026-09-09_23-13-57_18906049/search/
random-search,cifar10,FGSM,1080,r2,0.11467805391849303,results/random-search/cifar10/2026-09-09_23-13-57_18906049/search/
random-search,cifar10,FGSM,1080,hv_2obj,51.58648068756747,results/random-search/cifar10/2026-09-09_23-13-57_18906049/search/
random-search,cifar10,FGSM,1120,hv,153431.97867147942,results/random-search/cifar10/2026-09-09_23-13-57_18906049/search/
random-search,cifar10,FGSM,1120,hv_acc_2obj,1016.0024000000002,results/random-search/cifar10/2026-09-09_23-13-57_18906049/search/
random-search,cifar10,FGSM,1120,r2,0.11467805391849303,results/random-search/cifar10/2026-09-09_23-13-57_18906049/search/
random-search,cifar10,FGSM,1120,hv_2obj,51.58648068756747,results/random-search/cifar10/2026-09-09_23-13-57_18906049/search/
random-search,cifar10,FGSM,1160,hv,153431.97867147942,results/random-search/cifar10/2026-09-09_23-13-57_18906049/search/
random-search,cifar10,FGSM,1160,hv_acc_2obj,1016.1724000000003,results/random-search/cifar10/2026-09-09_23-13-57_18906049/search/
random-search,cifar10,FGSM,1160,r2,0.11467805391849303,results/random-search/cifar10/2026-09-09_23-13-57_18906049/search/
random-search,cifar10,FGSM,1160,hv_2obj,51.58648068756747,results/random-search/cifar10/2026-09-09_23-13-57_18906049/search/
random-search,cifar10,FGSM,1200,hv,153480.10517642627,results/random-search/cifar10/2026-09-09_23-13-57_18906049/search/
random-search,cifar10,FGSM,1200,hv_acc_2obj,1016.1724000000003,results/random-search/cifar10/2026-09-09_23-13-57_18906049/search/
random-search,cifar10,FGSM,1200,r2,0.11461317297082867,results/random-search/cifar10/2026-09-09_23-13-57_18906049/search/
random-search,cifar10,FGSM,1200,hv_2obj,51.59807943847911,results/random-search/cifar10/2026-09-09_23-13-57_18906049/search/
random-search,cifar10,FGSM,1240,hv,153480.10517642627,results/random-search/cifar10/2026-09-09_23-13-57_18906049/search/
random-search,cifar10,FGSM,1240,hv_acc_2obj,1016.1724000000003,results/random-search/cifar10/2026-09-09_23-13-57_18906049/search/
random-search,cifar10,FGSM,1240,r2,0.11461317297082867,results/random-search/cifar10/2026-09-09_23-13-57_18906049/search/
random-search,cifar10,FGSM,1240,hv_2obj,51.59807943847911,results/random-search/cifar10/2026-09-09_23-13-57_18906049/search/
random-search,cifar10,FGSM,40,hv,149838.48143703706,results/random-search/cifar10/2026-09-10_04-14-40_15798821/search/
random-search,cifar10,FGSM,40,hv_acc_2obj,958.1184000000003,results/random-search/cifar10/2026-09-10_04-14-40_15798821/search/
random-search,cifar10,FGSM,40,r2,0.11684462197891454,results/random-search/cifar10/2026-09-10_04-14-40_15798821/search/
random-search,cifar10,FGSM,40,hv_2obj,51.08879872811821,results/random-search/cifar10/2026-09-10_04-14-40_15798821/search/
random-search,cifar10,FGSM,80,hv,149867.928865066,results/random-search/cifar10/2026-09-10_04-14-40_15798821/search/
random-search,cifar10,FGSM,80,hv_acc_2obj,958.1184000000003,results/random-search/cifar10/2026-09-10_04-14-40_15798821/search/
random-search,cifar10,FGSM,80,r2,0.11684462197891454,results/random-search/cifar10/2026-09-10_04-14-40_15798821/search/
random-search,cifar10,FGSM,80,hv_2obj,51.08879872811821,results/random-search/cifar10/2026-09-10_04-14-40_15798821/search/
random-search,cifar10,FGSM,120,hv,150429.07789664445,results/random-search/cifar10/2026-09-10_04-14-40_15798821/search/
random-search,cifar10,FGSM,120,hv_acc_2obj,969.4956000000002,results/random-search/cifar10/2026-09-10_04-14-40_15798821/search/
random-search,cifar10,FGSM,120,r2,0.11684462197891454,results/random-search/cifar10/2026-09-10_04-14-40_15798821/search/
random-search,cifar10,FGSM,120,hv_2obj,51.08879872811821,results/random-search/cifar10/2026-09-10_04-14-40_15798821/search/
random-search,cifar10,FGSM,160,hv,150980.12333767433,results/random-search/cifar10/2026-09-10_04-14-40_15798821/search/
random-search,cifar10,FGSM,160,hv_acc_2obj,969.4956000000002,results/random-search/cifar10/2026-09-10_04-14-40_15798821/search/
random-search,cifar10,FGSM,160,r2,0.11684462197891454,results/random-search/cifar10/2026-09-10_04-14-40_15798821/search/
random-search,cifar10,FGSM,160,hv_2obj,51.08879872811821,results/random-search/cifar10/2026-09-10_04-14-40_15798821/search/
random-search,cifar10,FGSM,200,hv,150986.7528408127,results/random-search/cifar10/2026-09-10_04-14-40_15798821/search/
random-search,cifar10,FGSM,200,hv_acc_2obj,974.0364000000003,results/random-search/cifar10/2026-09-10_04-14-40_15798821/search/
random-search,cifar10,FGSM,200,r2,0.11684462197891454,results/random-search/cifar10/2026-09-10_04-14-40_15798821/search/
random-search,cifar10,FGSM,200,hv_2obj,51.08879872811821,results/random-search/cifar10/2026-09-10_04-14-40_15798821/search/
random-search,cifar10,FGSM,240,hv,151001.2739681771,results/random-search/cifar10/2026-09-10_04-14-40_15798821/search/
random-search,cifar10,FGSM,240,hv_acc_2obj,974.0364000000003,results/random-search/cifar10/2026-09-10_04-14-40_15798821/search/
random-search,cifar10,FGSM,240,r2,0.11684462197891454,results/random-search/cifar10/2026-09-10_04-14-40_15798821/search/
random-search,cifar10,FGSM,240,hv_2obj,51.08879872811821,results/random-search/cifar10/2026-09-10_04-14-40_15798821/search/
random-search,cifar10,FGSM,280,hv,151001.74655228056,results/random-search/cifar10/2026-09-10_04-14-40_15798821/search/
random-search,cifar10,FGSM,280,hv_acc_2obj,974.0364000000003,results/random-search/cifar10/2026-09-10_04-14-40_15798821/search/
random-search,cifar10,FGSM,280,r2,0.11684462197891454,results/random-search/cifar10/2026-09-10_04-14-40_15798821/search/
random-search,cifar10,FGSM,280,hv_2obj,51.08879872811821,results/random-search/cifar10/2026-09-10_04-14-40_15798821/search/
random-search,cifar10,FGSM,320,hv,151003.48646535916,results/random-search/cifar10/2026-09-10_04-14-40_15798821/search/
random-search,cifar10,FGSM,320,hv_acc_2obj,974.0364000000003,results/random-search/cifar10/2026-09-10_04-14-40_15798821/search/
random-search,cifar10,FGSM,320,r2,0.11684462197891454,results/random-search/cifar10/2026-09-10_04-14-40_15798821/search/
random-search,cifar10,FGSM,320,hv_2obj,51.08879872811821,results/random-search/cifar10/2026-09-10_04-14-40_15798821/search/
random-search,cifar10,FGSM,360,hv,151289.66000009608,results/random-search/cifar10/2026-09-10_04-14-40_15798821/search/
random-search,cifar10,FGSM,360,hv_acc_2obj,976.1476000000004,results/random-search/cifar10/2026-09-10_04-14-40_15798821/search/
random-search,cifar10,FGSM,360,r2,0.11640763195146071,results/random-search/cifar10/2026-09-10_04-14-40_15798821/search/
random-search,cifar10,FGSM,360,hv_2obj,51.18861601064379,results/random-search/cifar10/2026-09-10_04-14-40_15798821/search/
random-search,cifar10,FGSM,400,hv,151365.68075394083,results/random-search/cifar10/2026-09-10_04-14-40_15798821/search/
random-search,cifar10,FGSM,400,hv_acc_2obj,976.1476000000004,results/random-search/cifar10/2026-09-10_04-14-40_15798821/search/
random-search,cifar10,FGSM,400,r2,0.11629684525816233,results/random-search/cifar10/2026-09-10_04-14-40_15798821/search/
random-search,cifar10,FGSM,400,hv_2obj,51.21338368528952,results/random-search/cifar10/2026-09-10_04-14-40_15798821/search/
random-search,cifar10,FGSM,440,hv,151369.1371322254,results/random-search/cifar10/2026-09-10_04-14-40_15798821/search/
random-search,cifar10,FGSM,440,hv_acc_2obj,976.1476000000004,results/random-search/cifar10/2026-09-10_04-14-40_15798821/search/
random-search,cifar10,FGSM,440,r2,0.11629684525816233,results/random-search/cifar10/2026-09-10_04-14-40_15798821/search/
random-search,cifar10,FGSM,440,hv_2obj,51.21338368528952,results/random-search/cifar10/2026-09-10_04-14-40_15798821/search/
random-search,cifar10,FGSM,480,hv,151369.6543948625,results/random-search/cifar10/2026-09-10_04-14-40_15798821/search/
random-search,cifar10,FGSM,480,hv_acc_2obj,976.6140000000003,results/random-search/cifar10/2026-09-10_04-14-40_15798821/search/
random-search,cifar10,FGSM,480,r2,0.11629684525816233,results/random-search/cifar10/2026-09-10_04-14-40_15798821/search/
random-search,cifar10,FGSM,480,hv_2obj,51.213405591866994,results/random-search/cifar10/2026-09-10_04-14-40_15798821/search/
random-search,cifar10,FGSM,520,hv,151372.6528739174,results/random-search/cifar10/2026-09-10_04-14-40_15798821/search/
random-search,cifar10,FGSM,520,hv_acc_2obj,976.6140000000003,results/random-search/cifar10/2026-09-10_04-14-40_15798821/search/
random-search,cifar10,FGSM,520,r2,0.11629684525816233,results/random-search/cifar10/2026-09-10_04-14-40_15798821/search/
random-search,cifar10,FGSM,520,hv_2obj,51.213405591866994,results/random-search/cifar10/2026-09-10_04-14-40_15798821/search/
random-search,cifar10,FGSM,560,hv,151460.80089089344,results/random-search/cifar10/2026-09-10_04-14-40_15798821/search/
random-search,cifar10,FGSM,560,hv_acc_2obj,978.6132000000002,results/random-search/cifar10/2026-09-10_04-14-40_15798821/search/
random-search,cifar10,FGSM,560,r2,0.11616647170064254,results/random-search/cifar10/2026-09-10_04-14-40_15798821/search/
random-search,cifar10,FGSM,560,hv_2obj,51.2442627787173,results/random-search/cifar10/2026-09-10_04-14-40_15798821/search/
random-search,cifar10,FGSM,600,hv,151461.3845990489,results/random-search/cifar10/2026-09-10_04-14-40_15798821/search/
random-search,cifar10,FGSM,600,hv_acc_2obj,978.6132000000002,results/random-search/cifar10/2026-09-10_04-14-40_15798821/search/
random-search,cifar10,FGSM,600,r2,0.11616647170064254,results/random-search/cifar10/2026-09-10_04-14-40_15798821/search/
random-search,cifar10,FGSM,600,hv_2obj,51.2442627787173,results/random-search/cifar10/2026-09-10_04-14-40_15798821/search/
random-search,cifar10,FGSM,640,hv,151461.56369956367,results/random-search/cifar10/2026-09-10_04-14-40_15798821/search/
random-search,cifar10,FGSM,640,hv_acc_2obj,994.5324000000002,results/random-search/cifar10/2026-09-10_04-14-40_15798821/search/
random-search,cifar10,FGSM,640,r2,0.11616647170064254,results/random-search/cifar10/2026-09-10_04-14-40_15798821/search/
random-search,cifar10,FGSM,640,hv_2obj,51.2442627787173,results/random-search/cifar10/2026-09-10_04-14-40_15798821/search/
random-search,cifar10,FGSM,680,hv,151461.83431431206,results/random-search/cifar10/2026-09-10_04-14-40_15798821/search/
random-search,cifar10,FGSM,680,hv_acc_2obj,994.5324000000002,results/random-search/cifar10/2026-09-10_04-14-40_15798821/search/
random-search,cifar10,FGSM,680,r2,0.11616647170064254,results/random-search/cifar10/2026-09-10_04-14-40_15798821/search/
random-search,cifar10,FGSM,680,hv_2obj,51.2442627787173,results/random-search/cifar10/2026-09-10_04-14-40_15798821/search/
random-search,cifar10,FGSM,720,hv,151461.83431431206,results/random-search/cifar10/2026-09-10_04-14-40_15798821/search/
random-search,cifar10,FGSM,720,hv_acc_2obj,994.5324000000002,results/random-search/cifar10/2026-09-10_04-14-40_15798821/search/
random-search,cifar10,FGSM,720,r2,0.11616647170064254,results/random-search/cifar10/2026-09-10_04-14-40_15798821/search/
random-search,cifar10,FGSM,720,hv_2obj,51.2442627787173,results/random-search/cifar10/2026-09-10_04-14-40_15798821/search/
random-search,cifar10,FGSM,760,hv,151830.14677049668,results/random-search/cifar10/2026-09-10_04-14-40_15798821/search/
random-search,cifar10,FGSM,760,hv_acc_2obj,994.5324000000002,results/random-search/cifar10/2026-09-10_04-14-40_15798821/search/
random-search,cifar10,FGSM,760,r2,0.11558710529275792,results/random-search/cifar10/2026-09-10_04-14-40_15798821/search/
random-search,cifar10,FGSM,760,hv_2obj,51.37274040378134,results/random-search/cifar10/2026-09-10_04-14-40_15798821/search/
random-search,cifar10,FGSM,800,hv,152044.45718634216,results/random-search/cifar10/2026-09-10_04-14-40_15798821/search/
random-search,cifar10,FGSM,800,hv_acc_2obj,1004.2675999999999,results/random-search/cifar10/2026-09-10_04-14-40_15798821/search/
random-search,cifar10,FGSM,800,r2,0.11529915228123506,results/random-search/cifar10/2026-09-10_04-14-40_15798821/search/
random-search,cifar10,FGSM,800,hv_2obj,51.44095048062416,results/random-search/cifar10/2026-09-10_04-14-40_15798821/search/
random-search,cifar10,FGSM,840,hv,152044.45718634216,results/random-search/cifar10/2026-09-10_04-14-40_15798821/search/
random-search,cifar10,FGSM,840,hv_acc_2obj,1004.2675999999999,results/random-search/cifar10/2026-09-10_04-14-40_15798821/search/
random-search,cifar10,FGSM,840,r2,0.11529915228123506,results/random-search/cifar10/2026-09-10_04-14-40_15798821/search/
random-search,cifar10,FGSM,840,hv_2obj,51.44095048062416,results/random-search/cifar10/2026-09-10_04-14-40_15798821/search/
random-search,cifar10,FGSM,880,hv,153050.2573464583,results/random-search/cifar10/2026-09-10_04-14-40_15798821/search/
random-search,cifar10,FGSM,880,hv_acc_2obj,1004.2675999999999,results/random-search/cifar10/2026-09-10_04-14-40_15798821/search/
random-search,cifar10,FGSM,880,r2,0.11529915228123506,results/random-search/cifar10/2026-09-10_04-14-40_15798821/search/
random-search,cifar10,FGSM,880,hv_2obj,51.44095048062416,results/random-search/cifar10/2026-09-10_04-14-40_15798821/search/
random-search,cifar10,FGSM,920,hv,153055.05052298552,results/random-search/cifar10/2026-09-10_04-14-40_15798821/search/
random-search,cifar10,FGSM,920,hv_acc_2obj,1007.8360000000001,results/random-search/cifar10/2026-09-10_04-14-40_15798821/search/
random-search,cifar10,FGSM,920,r2,0.11529915228123506,results/random-search/cifar10/2026-09-10_04-14-40_15798821/search/
random-search,cifar10,FGSM,920,hv_2obj,51.44104890549361,results/random-search/cifar10/2026-09-10_04-14-40_15798821/search/
random-search,cifar10,FGSM,960,hv,153055.05384677474,results/random-search/cifar10/2026-09-10_04-14-40_15798821/search/
random-search,cifar10,FGSM,960,hv_acc_2obj,1007.8360000000001,results/random-search/cifar10/2026-09-10_04-14-40_15798821/search/
random-search,cifar10,FGSM,960,r2,0.11529915228123506,results/random-search/cifar10/2026-09-10_04-14-40_15798821/search/
random-search,cifar10,FGSM,960,hv_2obj,51.44104890549361,results/random-search/cifar10/2026-09-10_04-14-40_15798821/search/
random-search,cifar10,FGSM,1000,hv,153069.0116054525,results/random-search/cifar10/2026-09-10_04-14-40_15798821/search/
random-search,cifar10,FGSM,1000,hv_acc_2obj,1008.8984000000002,results/random-search/cifar10/2026-09-10_04-14-40_15798821/search/
random-search,cifar10,FGSM,1000,r2,0.11529915228123506,results/random-search/cifar10/2026-09-10_04-14-40_15798821/search/
random-search,cifar10,FGSM,1000,hv_2obj,51.44104890549361,results/random-search/cifar10/2026-09-10_04-14-40_15798821/search/
random-search,cifar10,FGSM,1040,hv,153069.5924404309,results/random-search/cifar10/2026-09-10_04-14-40_15798821/search/
random-search,cifar10,FGSM,1040,hv_acc_2obj,1008.8984000000002,results/random-search/cifar10/2026-09-10_04-14-40_15798821/search/
random-search,cifar10,FGSM,1040,r2,0.11529915228123506,results/random-search/cifar10/2026-09-10_04-14-40_15798821/search/
random-search,cifar10,FGSM,1040,hv_2obj,51.44104890549361,results/random-search/cifar10/2026-09-10_04-14-40_15798821/search/
random-search,cifar10,FGSM,1080,hv,153069.66742982413,results/random-search/cifar10/2026-09-10_04-14-40_15798821/search/
random-search,cifar10,FGSM,1080,hv_acc_2obj,1008.8984000000002,results/random-search/cifar10/2026-09-10_04-14-40_15798821/search/
random-search,cifar10,FGSM,1080,r2,0.11529915228123506,results/random-search/cifar10/2026-09-10_04-14-40_15798821/search/
random-search,cifar10,FGSM,1080,hv_2obj,51.44104890549361,results/random-search/cifar10/2026-09-10_04-14-40_15798821/search/
random-search,cifar10,FGSM,1120,hv,153070.41316210464,results/random-search/cifar10/2026-09-10_04-14-40_15798821/search/
random-search,cifar10,FGSM,1120,hv_acc_2obj,1008.8984000000002,results/random-search/cifar10/2026-09-10_04-14-40_15798821/search/
random-search,cifar10,FGSM,1120,r2,0.11529915228123506,results/random-search/cifar10/2026-09-10_04-14-40_15798821/search/
random-search,cifar10,FGSM,1120,hv_2obj,51.44104890549361,results/random-search/cifar10/2026-09-10_04-14-40_15798821/search/
random-search,cifar10,FGSM,1160,hv,153329.64367141642,results/random-search/cifar10/2026-09-10_04-14-40_15798821/search/
random-search,cifar10,FGSM,1160,hv_acc_2obj,1008.8984000000002,results/random-search/cifar10/2026-09-10_04-14-40_15798821/search/
random-search,cifar10,FGSM,1160,r2,0.11490910383576117,results/random-search/cifar10/2026-09-10_04-14-40_15798821/search/
random-search,cifar10,FGSM,1160,hv_2obj,51.533405486742936,results/random-search/cifar10/2026-09-10_04-14-40_15798821/search/
random-search,cifar10,FGSM,1200,hv,153329.64367141642,results/random-search/cifar10/2026-09-10_04-14-40_15798821/search/
random-search,cifar10,FGSM,1200,hv_acc_2obj,1008.8984000000002,results/random-search/cifar10/2026-09-10_04-14-40_15798821/search/
random-search,cifar10,FGSM,1200,r2,0.11490910383576117,results/random-search/cifar10/2026-09-10_04-14-40_15798821/search/
random-search,cifar10,FGSM,1200,hv_2obj,51.533405486742936,results/random-search/cifar10/2026-09-10_04-14-40_15798821/search/
random-search,cifar10,FGSM,1240,hv,153329.64367141642,results/random-search/cifar10/2026-09-10_04-14-40_15798821/search/
random-search,cifar10,FGSM,1240,hv_acc_2obj,1008.8984000000002,results/random-search/cifar10/2026-09-10_04-14-40_15798821/search/
random-search,cifar10,FGSM,1240,r2,0.11490910383576117,results/random-search/cifar10/2026-09-10_04-14-40_15798821/search/
random-search,cifar10,FGSM,1240,hv_2obj,51.533405486742936,results/random-search/cifar10/2026-09-10_04-14-40_15798821/search/
random-search,cifar10,FGSM,40,hv,148306.5477384674,results/random-search/cifar10/2026-09-10_09-17-06_65381509/search/
random-search,cifar10,FGSM,40,hv_acc_2obj,859.0700000000004,results/random-search/cifar10/2026-09-10_09-17-06_65381509/search/
random-search,cifar10,FGSM,40,r2,0.1192416460210727,results/random-search/cifar10/2026-09-10_09-17-06_65381509/search/
random-search,cifar10,FGSM,40,hv_2obj,50.54839288109329,results/random-search/cifar10/2026-09-10_09-17-06_65381509/search/
random-search,cifar10,FGSM,80,hv,150067.19977066616,results/random-search/cifar10/2026-09-10_09-17-06_65381509/search/
random-search,cifar10,FGSM,80,hv_acc_2obj,941.9255999999999,results/random-search/cifar10/2026-09-10_09-17-06_65381509/search/
random-search,cifar10,FGSM,80,r2,0.11710613869572786,results/random-search/cifar10/2026-09-10_09-17-06_65381509/search/
random-search,cifar10,FGSM,80,hv_2obj,51.02457923244604,results/random-search/cifar10/2026-09-10_09-17-06_65381509/search/
random-search,cifar10,FGSM,120,hv,150476.227094085,results/random-search/cifar10/2026-09-10_09-17-06_65381509/search/
random-search,cifar10,FGSM,120,hv_acc_2obj,945.3935999999999,results/random-search/cifar10/2026-09-10_09-17-06_65381509/search/
random-search,cifar10,FGSM,120,r2,0.1168054996234176,results/random-search/cifar10/2026-09-10_09-17-06_65381509/search/
random-search,cifar10,FGSM,120,hv_2obj,51.095540498196016,results/random-search/cifar10/2026-09-10_09-17-06_65381509/search/
random-search,cifar10,FGSM,160,hv,150494.74035064655,results/random-search/cifar10/2026-09-10_09-17-06_65381509/search/
random-search,cifar10,FGSM,160,hv_acc_2obj,946.2936,results/random-search/cifar10/2026-09-10_09-17-06_65381509/search/
random-search,cifar10,FGSM,160,r2,0.11679545503365026,results/random-search/cifar10/2026-09-10_09-17-06_65381509/search/
random-search,cifar10,FGSM,160,hv_2obj,51.09623260130959,results/random-search/cifar10/2026-09-10_09-17-06_65381509/search/
random-search,cifar10,FGSM,200,hv,150851.99277036995,results/random-search/cifar10/2026-09-10_09-17-06_65381509/search/
random-search,cifar10,FGSM,200,hv_acc_2obj,946.2936,results/random-search/cifar10/2026-09-10_09-17-06_65381509/search/
random-search,cifar10,FGSM,200,r2,0.11676492125155435,results/random-search/cifar10/2026-09-10_09-17-06_65381509/search/
random-search,cifar10,FGSM,200,hv_2obj,51.10314039901362,results/random-search/cifar10/2026-09-10_09-17-06_65381509/search/
random-search,cifar10,FGSM,240,hv,150851.99277036995,results/random-search/cifar10/2026-09-10_09-17-06_65381509/search/
random-search,cifar10,FGSM,240,hv_acc_2obj,946.2936,results/random-search/cifar10/2026-09-10_09-17-06_65381509/search/
random-search,cifar10,FGSM,240,r2,0.11676492125155435,results/random-search/cifar10/2026-09-10_09-17-06_65381509/search/
random-search,cifar10,FGSM,240,hv_2obj,51.10314039901362,results/random-search/cifar10/2026-09-10_09-17-06_65381509/search/
random-search,cifar10,FGSM,280,hv,151434.04948633528,results/random-search/cifar10/2026-09-10_09-17-06_65381509/search/
random-search,cifar10,FGSM,280,hv_acc_2obj,946.2936,results/random-search/cifar10/2026-09-10_09-17-06_65381509/search/
random-search,cifar10,FGSM,280,r2,0.11676492125155435,results/random-search/cifar10/2026-09-10_09-17-06_65381509/search/
random-search,cifar10,FGSM,280,hv_2obj,51.10374560256439,results/random-search/cifar10/2026-09-10_09-17-06_65381509/search/
random-search,cifar10,FGSM,320,hv,151463.05770909254,results/random-search/cifar10/2026-09-10_09-17-06_65381509/search/
random-search,cifar10,FGSM,320,hv_acc_2obj,1014.0636000000002,results/random-search/cifar10/2026-09-10_09-17-06_65381509/search/
random-search,cifar10,FGSM,320,r2,0.11672163811721444,results/random-search/cifar10/2026-09-10_09-17-06_65381509/search/
random-search,cifar10,FGSM,320,hv_2obj,51.11361656522388,results/random-search/cifar10/2026-09-10_09-17-06_65381509/search/
random-search,cifar10,FGSM,360,hv,151463.05770909254,results/random-search/cifar10/2026-09-10_09-17-06_65381509/search/
random-search,cifar10,FGSM,360,hv_acc_2obj,1014.0636000000002,results/random-search/cifar10/2026-09-10_09-17-06_65381509/search/
random-search,cifar10,FGSM,360,r2,0.11672163811721444,results/random-search/cifar10/2026-09-10_09-17-06_65381509/search/
random-search,cifar10,FGSM,360,hv_2obj,51.11361656522388,results/random-search/cifar10/2026-09-10_09-17-06_65381509/search/
random-search,cifar10,FGSM,400,hv,151887.91294728193,results/random-search/cifar10/2026-09-10_09-17-06_65381509/search/
random-search,cifar10,FGSM,400,hv_acc_2obj,1024.1436,results/random-search/cifar10/2026-09-10_09-17-06_65381509/search/
random-search,cifar10,FGSM,400,r2,0.11609860682636494,results/random-search/cifar10/2026-09-10_09-17-06_65381509/search/
random-search,cifar10,FGSM,400,hv_2obj,51.25653553082034,results/random-search/cifar10/2026-09-10_09-17-06_65381509/search/
random-search,cifar10,FGSM,440,hv,151887.91294728193,results/random-search/cifar10/2026-09-10_09-17-06_65381509/search/
random-search,cifar10,FGSM,440,hv_acc_2obj,1024.1436,results/random-search/cifar10/2026-09-10_09-17-06_65381509/search/
random-search,cifar10,FGSM,440,r2,0.11609860682636494,results/random-search/cifar10/2026-09-10_09-17-06_65381509/search/
random-search,cifar10,FGSM,440,hv_2obj,51.25653553082034,results/random-search/cifar10/2026-09-10_09-17-06_65381509/search/
random-search,cifar10,FGSM,480,hv,151894.07146957927,results/random-search/cifar10/2026-09-10_09-17-06_65381509/search/
random-search,cifar10,FGSM,480,hv_acc_2obj,1024.1436,results/random-search/cifar10/2026-09-10_09-17-06_65381509/search/
random-search,cifar10,FGSM,480,r2,0.11609860682636494,results/random-search/cifar10/2026-09-10_09-17-06_65381509/search/
random-search,cifar10,FGSM,480,hv_2obj,51.25672073935713,results/random-search/cifar10/2026-09-10_09-17-06_65381509/search/
random-search,cifar10,FGSM,520,hv,151897.07951568227,results/random-search/cifar10/2026-09-10_09-17-06_65381509/search/
random-search,cifar10,FGSM,520,hv_acc_2obj,1024.1436,results/random-search/cifar10/2026-09-10_09-17-06_65381509/search/
random-search,cifar10,FGSM,520,r2,0.11609860682636494,results/random-search/cifar10/2026-09-10_09-17-06_65381509/search/
random-search,cifar10,FGSM,520,hv_2obj,51.25677214395629,results/random-search/cifar10/2026-09-10_09-17-06_65381509/search/
random-search,cifar10,FGSM,560,hv,151901.2562251403,results/random-search/cifar10/2026-09-10_09-17-06_65381509/search/
random-search,cifar10,FGSM,560,hv_acc_2obj,1024.1436,results/random-search/cifar10/2026-09-10_09-17-06_65381509/search/
random-search,cifar10,FGSM,560,r2,0.11609860682636494,results/random-search/cifar10/2026-09-10_09-17-06_65381509/search/
random-search,cifar10,FGSM,560,hv_2obj,51.25677214395629,results/random-search/cifar10/2026-09-10_09-17-06_65381509/search/
random-search,cifar10,FGSM,600,hv,152069.91248268416,results/random-search/cifar10/2026-09-10_09-17-06_65381509/search/
random-search,cifar10,FGSM,600,hv_acc_2obj,1025.3532,results/random-search/cifar10/2026-09-10_09-17-06_65381509/search/
random-search,cifar10,FGSM,600,r2,0.11583967342304598,results/random-search/cifar10/2026-09-10_09-17-06_65381509/search/
random-search,cifar10,FGSM,600,hv_2obj,51.316831044066824,results/random-search/cifar10/2026-09-10_09-17-06_65381509/search/
random-search,cifar10,FGSM,640,hv,152069.91248268416,results/random-search/cifar10/2026-09-10_09-17-06_65381509/search/
random-search,cifar10,FGSM,640,hv_acc_2obj,1025.3532,results/random-search/cifar10/2026-09-10_09-17-06_65381509/search/
random-search,cifar10,FGSM,640,r2,0.11583967342304598,results/random-search/cifar10/2026-09-10_09-17-06_65381509/search/
random-search,cifar10,FGSM,640,hv_2obj,51.316831044066824,results/random-search/cifar10/2026-09-10_09-17-06_65381509/search/
random-search,cifar10,FGSM,680,hv,152069.91278195818,results/random-search/cifar10/2026-09-10_09-17-06_65381509/search/
random-search,cifar10,FGSM,680,hv_acc_2obj,1025.3532,results/random-search/cifar10/2026-09-10_09-17-06_65381509/search/
random-search,cifar10,FGSM,680,r2,0.11583967342304598,results/random-search/cifar10/2026-09-10_09-17-06_65381509/search/
random-search,cifar10,FGSM,680,hv_2obj,51.316831044066824,results/random-search/cifar10/2026-09-10_09-17-06_65381509/search/
random-search,cifar10,FGSM,720,hv,152073.49346101077,results/random-search/cifar10/2026-09-10_09-17-06_65381509/search/
random-search,cifar10,FGSM,720,hv_acc_2obj,1025.3532,results/random-search/cifar10/2026-09-10_09-17-06_65381509/search/
random-search,cifar10,FGSM,720,r2,0.11583967342304598,results/random-search/cifar10/2026-09-10_09-17-06_65381509/search/
random-search,cifar10,FGSM,720,hv_2obj,51.316831044066824,results/random-search/cifar10/2026-09-10_09-17-06_65381509/search/
random-search,cifar10,FGSM,760,hv,152079.99570605974,results/random-search/cifar10/2026-09-10_09-17-06_65381509/search/
random-search,cifar10,FGSM,760,hv_acc_2obj,1025.3532,results/random-search/cifar10/2026-09-10_09-17-06_65381509/search/
random-search,cifar10,FGSM,760,r2,0.11583967342304598,results/random-search/cifar10/2026-09-10_09-17-06_65381509/search/
random-search,cifar10,FGSM,760,hv_2obj,51.316831044066824,results/random-search/cifar10/2026-09-10_09-17-06_65381509/search/
random-search,cifar10,FGSM,800,hv,152083.01421946712,results/random-search/cifar10/2026-09-10_09-17-06_65381509/search/
random-search,cifar10,FGSM,800,hv_acc_2obj,1025.3532,results/random-search/cifar10/2026-09-10_09-17-06_65381509/search/
random-search,cifar10,FGSM,800,r2,0.11583967342304598,results/random-search/cifar10/2026-09-10_09-17-06_65381509/search/
random-search,cifar10,FGSM,800,hv_2obj,51.316831044066824,results/random-search/cifar10/2026-09-10_09-17-06_65381509/search/
random-search,cifar10,FGSM,840,hv,152085.12424652916,results/random-search/cifar10/2026-09-10_09-17-06_65381509/search/
random-search,cifar10,FGSM,840,hv_acc_2obj,1025.3532,results/random-search/cifar10/2026-09-10_09-17-06_65381509/search/
random-search,cifar10,FGSM,840,r2,0.11583967342304598,results/random-search/cifar10/2026-09-10_09-17-06_65381509/search/
random-search,cifar10,FGSM,840,hv_2obj,51.316831044066824,results/random-search/cifar10/2026-09-10_09-17-06_65381509/search/
random-search,cifar10,FGSM,880,hv,152085.12424652916,results/random-search/cifar10/2026-09-10_09-17-06_65381509/search/
random-search,cifar10,FGSM,880,hv_acc_2obj,1025.3532,results/random-search/cifar10/2026-09-10_09-17-06_65381509/search/
random-search,cifar10,FGSM,880,r2,0.11583967342304598,results/random-search/cifar10/2026-09-10_09-17-06_65381509/search/
random-search,cifar10,FGSM,880,hv_2obj,51.316831044066824,results/random-search/cifar10/2026-09-10_09-17-06_65381509/search/
random-search,cifar10,FGSM,920,hv,152085.12424652916,results/random-search/cifar10/2026-09-10_09-17-06_65381509/search/
random-search,cifar10,FGSM,920,hv_acc_2obj,1025.3532,results/random-search/cifar10/2026-09-10_09-17-06_65381509/search/
random-search,cifar10,FGSM,920,r2,0.11583967342304598,results/random-search/cifar10/2026-09-10_09-17-06_65381509/search/
random-search,cifar10,FGSM,920,hv_2obj,51.316831044066824,results/random-search/cifar10/2026-09-10_09-17-06_65381509/search/
random-search,cifar10,FGSM,960,hv,152085.52813299643,results/random-search/cifar10/2026-09-10_09-17-06_65381509/search/
random-search,cifar10,FGSM,960,hv_acc_2obj,1025.3532,results/random-search/cifar10/2026-09-10_09-17-06_65381509/search/
random-search,cifar10,FGSM,960,r2,0.11583967342304598,results/random-search/cifar10/2026-09-10_09-17-06_65381509/search/
random-search,cifar10,FGSM,960,hv_2obj,51.316831044066824,results/random-search/cifar10/2026-09-10_09-17-06_65381509/search/
random-search,cifar10,FGSM,1000,hv,152085.80916130022,results/random-search/cifar10/2026-09-10_09-17-06_65381509/search/
random-search,cifar10,FGSM,1000,hv_acc_2obj,1025.3532,results/random-search/cifar10/2026-09-10_09-17-06_65381509/search/
random-search,cifar10,FGSM,1000,r2,0.11583967342304598,results/random-search/cifar10/2026-09-10_09-17-06_65381509/search/
random-search,cifar10,FGSM,1000,hv_2obj,51.316831044066824,results/random-search/cifar10/2026-09-10_09-17-06_65381509/search/
random-search,cifar10,FGSM,1040,hv,152085.80916130022,results/random-search/cifar10/2026-09-10_09-17-06_65381509/search/
random-search,cifar10,FGSM,1040,hv_acc_2obj,1025.3532,results/random-search/cifar10/2026-09-10_09-17-06_65381509/search/
random-search,cifar10,FGSM,1040,r2,0.11583967342304598,results/random-search/cifar10/2026-09-10_09-17-06_65381509/search/
random-search,cifar10,FGSM,1040,hv_2obj,51.316831044066824,results/random-search/cifar10/2026-09-10_09-17-06_65381509/search/
random-search,cifar10,FGSM,1080,hv,152426.56616013337,results/random-search/cifar10/2026-09-10_09-17-06_65381509/search/
random-search,cifar10,FGSM,1080,hv_acc_2obj,1025.3532,results/random-search/cifar10/2026-09-10_09-17-06_65381509/search/
random-search,cifar10,FGSM,1080,r2,0.11529309064666735,results/random-search/cifar10/2026-09-10_09-17-06_65381509/search/
random-search,cifar10,FGSM,1080,hv_2obj,51.438463650246334,results/random-search/cifar10/2026-09-10_09-17-06_65381509/search/
random-search,cifar10,FGSM,1120,hv,152426.56616013337,results/random-search/cifar10/2026-09-10_09-17-06_65381509/search/
random-search,cifar10,FGSM,1120,hv_acc_2obj,1025.3532,results/random-search/cifar10/2026-09-10_09-17-06_65381509/search/
random-search,cifar10,FGSM,1120,r2,0.11529309064666735,results/random-search/cifar10/2026-09-10_09-17-06_65381509/search/
random-search,cifar10,FGSM,1120,hv_2obj,51.438463650246334,results/random-search/cifar10/2026-09-10_09-17-06_65381509/search/
random-search,cifar10,FGSM,1160,hv,152429.43459408075,results/random-search/cifar10/2026-09-10_09-17-06_65381509/search/
random-search,cifar10,FGSM,1160,hv_acc_2obj,1025.3532,results/random-search/cifar10/2026-09-10_09-17-06_65381509/search/
random-search,cifar10,FGSM,1160,r2,0.11529309064666735,results/random-search/cifar10/2026-09-10_09-17-06_65381509/search/
random-search,cifar10,FGSM,1160,hv_2obj,51.438463650246334,results/random-search/cifar10/2026-09-10_09-17-06_65381509/search/
random-search,cifar10,FGSM,1200,hv,152429.43459408075,results/random-search/cifar10/2026-09-10_09-17-06_65381509/search/
random-search,cifar10,FGSM,1200,hv_acc_2obj,1025.3532,results/random-search/cifar10/2026-09-10_09-17-06_65381509/search/
random-search,cifar10,FGSM,1200,r2,0.11529309064666735,results/random-search/cifar10/2026-09-10_09-17-06_65381509/search/
random-search,cifar10,FGSM,1200,hv_2obj,51.438463650246334,results/random-search/cifar10/2026-09-10_09-17-06_65381509/search/
random-search,cifar10,FGSM,1240,hv,152429.44109393077,results/random-search/cifar10/2026-09-10_09-17-06_65381509/search/
random-search,cifar10,FGSM,1240,hv_acc_2obj,1025.3532,results/random-search/cifar10/2026-09-10_09-17-06_65381509/search/
random-search,cifar10,FGSM,1240,r2,0.11529309064666735,results/random-search/cifar10/2026-09-10_09-17-06_65381509/search/
random-search,cifar10,FGSM,1240,hv_2obj,51.438463650246334,results/random-search/cifar10/2026-09-10_09-17-06_65381509/search/
random-search,cifar10,FGSM,40,hv,151142.73463395605,results/random-search/cifar10/2026-09-10_14-18-16_27293207/search/
random-search,cifar10,FGSM,40,hv_acc_2obj,962.5796000000001,results/random-search/cifar10/2026-09-10_14-18-16_27293207/search/
random-search,cifar10,FGSM,40,r2,0.11491079454892231,results/random-search/cifar10/2026-09-10_14-18-16_27293207/search/
random-search,cifar10,FGSM,40,hv_2obj,51.53060319631426,results/random-search/cifar10/2026-09-10_14-18-16_27293207/search/
random-search,cifar10,FGSM,80,hv,151261.2176993695,results/random-search/cifar10/2026-09-10_14-18-16_27293207/search/
random-search,cifar10,FGSM,80,hv_acc_2obj,962.5796000000001,results/random-search/cifar10/2026-09-10_14-18-16_27293207/search/
random-search,cifar10,FGSM,80,r2,0.11491079454892231,results/random-search/cifar10/2026-09-10_14-18-16_27293207/search/
random-search,cifar10,FGSM,80,hv_2obj,51.53060319631426,results/random-search/cifar10/2026-09-10_14-18-16_27293207/search/
random-search,cifar10,FGSM,120,hv,152479.48065103363,results/random-search/cifar10/2026-09-10_14-18-16_27293207/search/
random-search,cifar10,FGSM,120,hv_acc_2obj,962.5796000000001,results/random-search/cifar10/2026-09-10_14-18-16_27293207/search/
random-search,cifar10,FGSM,120,r2,0.11491079454892231,results/random-search/cifar10/2026-09-10_14-18-16_27293207/search/
random-search,cifar10,FGSM,120,hv_2obj,51.53060319631426,results/random-search/cifar10/2026-09-10_14-18-16_27293207/search/
random-search,cifar10,FGSM,160,hv,152487.16050004444,results/random-search/cifar10/2026-09-10_14-18-16_27293207/search/
random-search,cifar10,FGSM,160,hv_acc_2obj,962.5796000000001,results/random-search/cifar10/2026-09-10_14-18-16_27293207/search/
random-search,cifar10,FGSM,160,r2,0.11491079454892231,results/random-search/cifar10/2026-09-10_14-18-16_27293207/search/
random-search,cifar10,FGSM,160,hv_2obj,51.53060319631426,results/random-search/cifar10/2026-09-10_14-18-16_27293207/search/
random-search,cifar10,FGSM,200,hv,152502.55270412914,results/random-search/cifar10/2026-09-10_14-18-16_27293207/search/
random-search,cifar10,FGSM,200,hv_acc_2obj,969.0132000000006,results/random-search/cifar10/2026-09-10_14-18-16_27293207/search/
random-search,cifar10,FGSM,200,r2,0.11491079454892231,results/random-search/cifar10/2026-09-10_14-18-16_27293207/search/
random-search,cifar10,FGSM,200,hv_2obj,51.53060319631426,results/random-search/cifar10/2026-09-10_14-18-16_27293207/search/
random-search,cifar10,FGSM,240,hv,152502.56127808307,results/random-search/cifar10/2026-09-10_14-18-16_27293207/search/
random-search,cifar10,FGSM,240,hv_acc_2obj,990.6348000000003,results/random-search/cifar10/2026-09-10_14-18-16_27293207/search/
random-search,cifar10,FGSM,240,r2,0.11491079454892231,results/random-search/cifar10/2026-09-10_14-18-16_27293207/search/
random-search,cifar10,FGSM,240,hv_2obj,51.53060319631426,results/random-search/cifar10/2026-09-10_14-18-16_27293207/search/
random-search,cifar10,FGSM,280,hv,152502.66407225773,results/random-search/cifar10/2026-09-10_14-18-16_27293207/search/
random-search,cifar10,FGSM,280,hv_acc_2obj,991.2348000000002,results/random-search/cifar10/2026-09-10_14-18-16_27293207/search/
random-search,cifar10,FGSM,280,r2,0.11491079454892231,results/random-search/cifar10/2026-09-10_14-18-16_27293207/search/
random-search,cifar10,FGSM,280,hv_2obj,51.53060319631426,results/random-search/cifar10/2026-09-10_14-18-16_27293207/search/
random-search,cifar10,FGSM,320,hv,152539.3516662861,results/random-search/cifar10/2026-09-10_14-18-16_27293207/search/
random-search,cifar10,FGSM,320,hv_acc_2obj,1006.1948000000002,results/random-search/cifar10/2026-09-10_14-18-16_27293207/search/
random-search,cifar10,FGSM,320,r2,0.11491079454892231,results/random-search/cifar10/2026-09-10_14-18-16_27293207/search/
random-search,cifar10,FGSM,320,hv_2obj,51.53060319631426,results/random-search/cifar10/2026-09-10_14-18-16_27293207/search/
random-search,cifar10,FGSM,360,hv,152541.10443430583,results/random-search/cifar10/2026-09-10_14-18-16_27293207/search/
random-search,cifar10,FGSM,360,hv_acc_2obj,1006.1948000000002,results/random-search/cifar10/2026-09-10_14-18-16_27293207/search/
random-search,cifar10,FGSM,360,r2,0.11491079454892231,results/random-search/cifar10/2026-09-10_14-18-16_27293207/search/
random-search,cifar10,FGSM,360,hv_2obj,51.53060319631426,results/random-search/cifar10/2026-09-10_14-18-16_27293207/search/
random-search,cifar10,FGSM,400,hv,152541.106010281,results/random-search/cifar10/2026-09-10_14-18-16_27293207/search/
random-search,cifar10,FGSM,400,hv_acc_2obj,1006.1948000000002,results/random-search/cifar10/2026-09-10_14-18-16_27293207/search/
random-search,cifar10,FGSM,400,r2,0.11491079454892231,results/random-search/cifar10/2026-09-10_14-18-16_27293207/search/
random-search,cifar10,FGSM,400,hv_2obj,51.53060319631426,results/random-search/cifar10/2026-09-10_14-18-16_27293207/search/
random-search,cifar10,FGSM,440,hv,152541.3959458751,results/random-search/cifar10/2026-09-10_14-18-16_27293207/search/
random-search,cifar10,FGSM,440,hv_acc_2obj,1006.1948000000002,results/random-search/cifar10/2026-09-10_14-18-16_27293207/search/
random-search,cifar10,FGSM,440,r2,0.11491079454892231,results/random-search/cifar10/2026-09-10_14-18-16_27293207/search/
random-search,cifar10,FGSM,440,hv_2obj,51.53060319631426,results/random-search/cifar10/2026-09-10_14-18-16_27293207/search/
random-search,cifar10,FGSM,480,hv,152547.44543164954,results/random-search/cifar10/2026-09-10_14-18-16_27293207/search/
random-search,cifar10,FGSM,480,hv_acc_2obj,1006.1948000000002,results/random-search/cifar10/2026-09-10_14-18-16_27293207/search/
random-search,cifar10,FGSM,480,r2,0.11491079454892231,results/random-search/cifar10/2026-09-10_14-18-16_27293207/search/
random-search,cifar10,FGSM,480,hv_2obj,51.53060319631426,results/random-search/cifar10/2026-09-10_14-18-16_27293207/search/
random-search,cifar10,FGSM,520,hv,152547.44752376078,results/random-search/cifar10/2026-09-10_14-18-16_27293207/search/
random-search,cifar10,FGSM,520,hv_acc_2obj,1008.3492000000002,results/random-search/cifar10/2026-09-10_14-18-16_27293207/search/
random-search,cifar10,FGSM,520,r2,0.11491079454892231,results/random-search/cifar10/2026-09-10_14-18-16_27293207/search/
random-search,cifar10,FGSM,520,hv_2obj,51.53060319631426,results/random-search/cifar10/2026-09-10_14-18-16_27293207/search/
random-search,cifar10,FGSM,560,hv,152666.71254222209,results/random-search/cifar10/2026-09-10_14-18-16_27293207/search/
random-search,cifar10,FGSM,560,hv_acc_2obj,1008.3492000000002,results/random-search/cifar10/2026-09-10_14-18-16_27293207/search/
random-search,cifar10,FGSM,560,r2,0.11491079454892231,results/random-search/cifar10/2026-09-10_14-18-16_27293207/search/
random-search,cifar10,FGSM,560,hv_2obj,51.53060319631426,results/random-search/cifar10/2026-09-10_14-18-16_27293207/search/
random-search,cifar10,FGSM,600,hv,152666.71254222209,results/random-search/cifar10/2026-09-10_14-18-16_27293207/search/
random-search,cifar10,FGSM,600,hv_acc_2obj,1008.3492000000002,results/random-search/cifar10/2026-09-10_14-18-16_27293207/search/
random-search,cifar10,FGSM,600,r2,0.11491079454892231,results/random-search/cifar10/2026-09-10_14-18-16_27293207/search/
random-search,cifar10,FGSM,600,hv_2obj,51.53060319631426,results/random-search/cifar10/2026-09-10_14-18-16_27293207/search/
random-search,cifar10,FGSM,640,hv,152688.92344580745,results/random-search/cifar10/2026-09-10_14-18-16_27293207/search/
random-search,cifar10,FGSM,640,hv_acc_2obj,1008.3492000000002,results/random-search/cifar10/2026-09-10_14-18-16_27293207/search/
random-search,cifar10,FGSM,640,r2,0.11491079454892231,results/random-search/cifar10/2026-09-10_14-18-16_27293207/search/
random-search,cifar10,FGSM,640,hv_2obj,51.53060319631426,results/random-search/cifar10/2026-09-10_14-18-16_27293207/search/
random-search,cifar10,FGSM,680,hv,152689.21947958742,results/random-search/cifar10/2026-09-10_14-18-16_27293207/search/
random-search,cifar10,FGSM,680,hv_acc_2obj,1008.3492000000002,results/random-search/cifar10/2026-09-10_14-18-16_27293207/search/
random-search,cifar10,FGSM,680,r2,0.11491079454892231,results/random-search/cifar10/2026-09-10_14-18-16_27293207/search/
random-search,cifar10,FGSM,680,hv_2obj,51.53060319631426,results/random-search/cifar10/2026-09-10_14-18-16_27293207/search/
random-search,cifar10,FGSM,720,hv,152690.18872652177,results/random-search/cifar10/2026-09-10_14-18-16_27293207/search/
random-search,cifar10,FGSM,720,hv_acc_2obj,1008.3492000000002,results/random-search/cifar10/2026-09-10_14-18-16_27293207/search/
random-search,cifar10,FGSM,720,r2,0.11491079454892231,results/random-search/cifar10/2026-09-10_14-18-16_27293207/search/
random-search,cifar10,FGSM,720,hv_2obj,51.53060319631426,results/random-search/cifar10/2026-09-10_14-18-16_27293207/search/
random-search,cifar10,FGSM,760,hv,152693.68594508854,results/random-search/cifar10/2026-09-10_14-18-16_27293207/search/
random-search,cifar10,FGSM,760,hv_acc_2obj,1008.3492000000002,results/random-search/cifar10/2026-09-10_14-18-16_27293207/search/
random-search,cifar10,FGSM,760,r2,0.11491079454892231,results/random-search/cifar10/2026-09-10_14-18-16_27293207/search/
random-search,cifar10,FGSM,760,hv_2obj,51.53060319631426,results/random-search/cifar10/2026-09-10_14-18-16_27293207/search/
random-search,cifar10,FGSM,800,hv,152694.14491131782,results/random-search/cifar10/2026-09-10_14-18-16_27293207/search/
random-search,cifar10,FGSM,800,hv_acc_2obj,1008.3492000000002,results/random-search/cifar10/2026-09-10_14-18-16_27293207/search/
random-search,cifar10,FGSM,800,r2,0.11491079454892231,results/random-search/cifar10/2026-09-10_14-18-16_27293207/search/
random-search,cifar10,FGSM,800,hv_2obj,51.53060319631426,results/random-search/cifar10/2026-09-10_14-18-16_27293207/search/
random-search,cifar10,FGSM,840,hv,152770.61379821613,results/random-search/cifar10/2026-09-10_14-18-16_27293207/search/
random-search,cifar10,FGSM,840,hv_acc_2obj,1009.4160000000003,results/random-search/cifar10/2026-09-10_14-18-16_27293207/search/
random-search,cifar10,FGSM,840,r2,0.11479216692800513,results/random-search/cifar10/2026-09-10_14-18-16_27293207/search/
random-search,cifar10,FGSM,840,hv_2obj,51.5570979200136,results/random-search/cifar10/2026-09-10_14-18-16_27293207/search/
random-search,cifar10,FGSM,880,hv,152770.61379821613,results/random-search/cifar10/2026-09-10_14-18-16_27293207/search/
random-search,cifar10,FGSM,880,hv_acc_2obj,1009.4160000000003,results/random-search/cifar10/2026-09-10_14-18-16_27293207/search/
random-search,cifar10,FGSM,880,r2,0.11479216692800513,results/random-search/cifar10/2026-09-10_14-18-16_27293207/search/
random-search,cifar10,FGSM,880,hv_2obj,51.5570979200136,results/random-search/cifar10/2026-09-10_14-18-16_27293207/search/
random-search,cifar10,FGSM,920,hv,153456.7070026999,results/random-search/cifar10/2026-09-10_14-18-16_27293207/search/
random-search,cifar10,FGSM,920,hv_acc_2obj,1012.6151999999998,results/random-search/cifar10/2026-09-10_14-18-16_27293207/search/
random-search,cifar10,FGSM,920,r2,0.11373196491130866,results/random-search/cifar10/2026-09-10_14-18-16_27293207/search/
random-search,cifar10,FGSM,920,hv_2obj,51.79279012841249,results/random-search/cifar10/2026-09-10_14-18-16_27293207/search/
random-search,cifar10,FGSM,960,hv,153456.7070026999,results/random-search/cifar10/2026-09-10_14-18-16_27293207/search/
random-search,cifar10,FGSM,960,hv_acc_2obj,1012.6151999999998,results/random-search/cifar10/2026-09-10_14-18-16_27293207/search/
random-search,cifar10,FGSM,960,r2,0.11373196491130866,results/random-search/cifar10/2026-09-10_14-18-16_27293207/search/
random-search,cifar10,FGSM,960,hv_2obj,51.79279012841249,results/random-search/cifar10/2026-09-10_14-18-16_27293207/search/
random-search,cifar10,FGSM,1000,hv,153490.46816374423,results/random-search/cifar10/2026-09-10_14-18-16_27293207/search/
random-search,cifar10,FGSM,1000,hv_acc_2obj,1012.6151999999998,results/random-search/cifar10/2026-09-10_14-18-16_27293207/search/
random-search,cifar10,FGSM,1000,r2,0.11373196491130866,results/random-search/cifar10/2026-09-10_14-18-16_27293207/search/
random-search,cifar10,FGSM,1000,hv_2obj,51.79279012841249,results/random-search/cifar10/2026-09-10_14-18-16_27293207/search/
random-search,cifar10,FGSM,1040,hv,153492.22816110693,results/random-search/cifar10/2026-09-10_14-18-16_27293207/search/
random-search,cifar10,FGSM,1040,hv_acc_2obj,1012.6151999999998,results/random-search/cifar10/2026-09-10_14-18-16_27293207/search/
random-search,cifar10,FGSM,1040,r2,0.11373196491130866,results/random-search/cifar10/2026-09-10_14-18-16_27293207/search/
random-search,cifar10,FGSM,1040,hv_2obj,51.7933977680672,results/random-search/cifar10/2026-09-10_14-18-16_27293207/search/
random-search,cifar10,FGSM,1080,hv,153492.22816110693,results/random-search/cifar10/2026-09-10_14-18-16_27293207/search/
random-search,cifar10,FGSM,1080,hv_acc_2obj,1012.6151999999998,results/random-search/cifar10/2026-09-10_14-18-16_27293207/search/
random-search,cifar10,FGSM,1080,r2,0.11373196491130866,results/random-search/cifar10/2026-09-10_14-18-16_27293207/search/
random-search,cifar10,FGSM,1080,hv_2obj,51.7933977680672,results/random-search/cifar10/2026-09-10_14-18-16_27293207/search/
random-search,cifar10,FGSM,1120,hv,153492.22816110693,results/random-search/cifar10/2026-09-10_14-18-16_27293207/search/
random-search,cifar10,FGSM,1120,hv_acc_2obj,1013.1103999999998,results/random-search/cifar10/2026-09-10_14-18-16_27293207/search/
random-search,cifar10,FGSM,1120,r2,0.11373196491130866,results/random-search/cifar10/2026-09-10_14-18-16_27293207/search/
random-search,cifar10,FGSM,1120,hv_2obj,51.7933977680672,results/random-search/cifar10/2026-09-10_14-18-16_27293207/search/
random-search,cifar10,FGSM,1160,hv,153492.22867569758,results/random-search/cifar10/2026-09-10_14-18-16_27293207/search/
random-search,cifar10,FGSM,1160,hv_acc_2obj,1013.1103999999998,results/random-search/cifar10/2026-09-10_14-18-16_27293207/search/
random-search,cifar10,FGSM,1160,r2,0.11373196491130866,results/random-search/cifar10/2026-09-10_14-18-16_27293207/search/
random-search,cifar10,FGSM,1160,hv_2obj,51.7933977680672,results/random-search/cifar10/2026-09-10_14-18-16_27293207/search/
random-search,cifar10,FGSM,1200,hv,153492.22867569758,results/random-search/cifar10/2026-09-10_14-18-16_27293207/search/
random-search,cifar10,FGSM,1200,hv_acc_2obj,1013.1103999999998,results/random-search/cifar10/2026-09-10_14-18-16_27293207/search/
random-search,cifar10,FGSM,1200,r2,0.11373196491130866,results/random-search/cifar10/2026-09-10_14-18-16_27293207/search/
random-search,cifar10,FGSM,1200,hv_2obj,51.7933977680672,results/random-search/cifar10/2026-09-10_14-18-16_27293207/search/
random-search,cifar10,FGSM,1240,hv,153492.31509079415,results/random-search/cifar10/2026-09-10_14-18-16_27293207/search/
random-search,cifar10,FGSM,1240,hv_acc_2obj,1013.1103999999998,results/random-search/cifar10/2026-09-10_14-18-16_27293207/search/
random-search,cifar10,FGSM,1240,r2,0.11373196491130866,results/random-search/cifar10/2026-09-10_14-18-16_27293207/search/
random-search,cifar10,FGSM,1240,hv_2obj,51.7933977680672,results/random-search/cifar10/2026-09-10_14-18-16_27293207/search/
random-search,cifar10,FGSM,40,hv,148203.96795137232,results/random-search/cifar10/2026-09-10_19-20-07_27522793/search/
random-search,cifar10,FGSM,40,hv_acc_2obj,868.2915999999998,results/random-search/cifar10/2026-09-10_19-20-07_27522793/search/
random-search,cifar10,FGSM,40,r2,0.11939730983858057,results/random-search/cifar10/2026-09-10_19-20-07_27522793/search/
random-search,cifar10,FGSM,40,hv_2obj,50.50981978405427,results/random-search/cifar10/2026-09-10_19-20-07_27522793/search/
random-search,cifar10,FGSM,80,hv,148889.95186334537,results/random-search/cifar10/2026-09-10_19-20-07_27522793/search/
random-search,cifar10,FGSM,80,hv_acc_2obj,888.4043999999998,results/random-search/cifar10/2026-09-10_19-20-07_27522793/search/
random-search,cifar10,FGSM,80,r2,0.11939730983858057,results/random-search/cifar10/2026-09-10_19-20-07_27522793/search/
random-search,cifar10,FGSM,80,hv_2obj,50.510247852862335,results/random-search/cifar10/2026-09-10_19-20-07_27522793/search/
random-search,cifar10,FGSM,120,hv,149114.1604917414,results/random-search/cifar10/2026-09-10_19-20-07_27522793/search/
random-search,cifar10,FGSM,120,hv_acc_2obj,890.2667999999999,results/random-search/cifar10/2026-09-10_19-20-07_27522793/search/
random-search,cifar10,FGSM,120,r2,0.11905130052151183,results/random-search/cifar10/2026-09-10_19-20-07_27522793/search/
random-search,cifar10,FGSM,120,hv_2obj,50.589220679694215,results/random-search/cifar10/2026-09-10_19-20-07_27522793/search/
random-search,cifar10,FGSM,160,hv,149738.23603763172,results/random-search/cifar10/2026-09-10_19-20-07_27522793/search/
random-search,cifar10,FGSM,160,hv_acc_2obj,907.1347999999998,results/random-search/cifar10/2026-09-10_19-20-07_27522793/search/
random-search,cifar10,FGSM,160,r2,0.11809371615931355,results/random-search/cifar10/2026-09-10_19-20-07_27522793/search/
random-search,cifar10,FGSM,160,hv_2obj,50.80545064064712,results/random-search/cifar10/2026-09-10_19-20-07_27522793/search/
random-search,cifar10,FGSM,200,hv,149825.8944369098,results/random-search/cifar10/2026-09-10_19-20-07_27522793/search/
random-search,cifar10,FGSM,200,hv_acc_2obj,907.1347999999998,results/random-search/cifar10/2026-09-10_19-20-07_27522793/search/
random-search,cifar10,FGSM,200,r2,0.11809371615931355,results/random-search/cifar10/2026-09-10_19-20-07_27522793/search/
random-search,cifar10,FGSM,200,hv_2obj,50.80545064064712,results/random-search/cifar10/2026-09-10_19-20-07_27522793/search/
random-search,cifar10,FGSM,240,hv,150180.18830491244,results/random-search/cifar10/2026-09-10_19-20-07_27522793/search/
random-search,cifar10,FGSM,240,hv_acc_2obj,907.1347999999998,results/random-search/cifar10/2026-09-10_19-20-07_27522793/search/
random-search,cifar10,FGSM,240,r2,0.11809371615931355,results/random-search/cifar10/2026-09-10_19-20-07_27522793/search/
random-search,cifar10,FGSM,240,hv_2obj,50.80545064064712,results/random-search/cifar10/2026-09-10_19-20-07_27522793/search/
random-search,cifar10,FGSM,280,hv,150945.4336557542,results/random-search/cifar10/2026-09-10_19-20-07_27522793/search/
random-search,cifar10,FGSM,280,hv_acc_2obj,912.7923999999998,results/random-search/cifar10/2026-09-10_19-20-07_27522793/search/
random-search,cifar10,FGSM,280,r2,0.11691662303526015,results/random-search/cifar10/2026-09-10_19-20-07_27522793/search/
random-search,cifar10,FGSM,280,hv_2obj,51.076954508656506,results/random-search/cifar10/2026-09-10_19-20-07_27522793/search/
random-search,cifar10,FGSM,320,hv,150945.4336557542,results/random-search/cifar10/2026-09-10_19-20-07_27522793/search/
random-search,cifar10,FGSM,320,hv_acc_2obj,912.7923999999998,results/random-search/cifar10/2026-09-10_19-20-07_27522793/search/
random-search,cifar10,FGSM,320,r2,0.11691662303526015,results/random-search/cifar10/2026-09-10_19-20-07_27522793/search/
random-search,cifar10,FGSM,320,hv_2obj,51.076954508656506,results/random-search/cifar10/2026-09-10_19-20-07_27522793/search/
random-search,cifar10,FGSM,360,hv,150945.43444183818,results/random-search/cifar10/2026-09-10_19-20-07_27522793/search/
random-search,cifar10,FGSM,360,hv_acc_2obj,912.7923999999998,results/random-search/cifar10/2026-09-10_19-20-07_27522793/search/
random-search,cifar10,FGSM,360,r2,0.11691662303526015,results/random-search/cifar10/2026-09-10_19-20-07_27522793/search/
random-search,cifar10,FGSM,360,hv_2obj,51.076954508656506,results/random-search/cifar10/2026-09-10_19-20-07_27522793/search/
random-search,cifar10,FGSM,400,hv,150945.43444183818,results/random-search/cifar10/2026-09-10_19-20-07_27522793/search/
random-search,cifar10,FGSM,400,hv_acc_2obj,912.7923999999998,results/random-search/cifar10/2026-09-10_19-20-07_27522793/search/
random-search,cifar10,FGSM,400,r2,0.11691662303526015,results/random-search/cifar10/2026-09-10_19-20-07_27522793/search/
random-search,cifar10,FGSM,400,hv_2obj,51.076954508656506,results/random-search/cifar10/2026-09-10_19-20-07_27522793/search/
random-search,cifar10,FGSM,440,hv,150945.43444183818,results/random-search/cifar10/2026-09-10_19-20-07_27522793/search/
random-search,cifar10,FGSM,440,hv_acc_2obj,912.7923999999998,results/random-search/cifar10/2026-09-10_19-20-07_27522793/search/
random-search,cifar10,FGSM,440,r2,0.11691662303526015,results/random-search/cifar10/2026-09-10_19-20-07_27522793/search/
random-search,cifar10,FGSM,440,hv_2obj,51.076954508656506,results/random-search/cifar10/2026-09-10_19-20-07_27522793/search/
random-search,cifar10,FGSM,480,hv,150945.43444183818,results/random-search/cifar10/2026-09-10_19-20-07_27522793/search/
random-search,cifar10,FGSM,480,hv_acc_2obj,956.7152,results/random-search/cifar10/2026-09-10_19-20-07_27522793/search/
random-search,cifar10,FGSM,480,r2,0.11691662303526015,results/random-search/cifar10/2026-09-10_19-20-07_27522793/search/
random-search,cifar10,FGSM,480,hv_2obj,51.076954508656506,results/random-search/cifar10/2026-09-10_19-20-07_27522793/search/
random-search,cifar10,FGSM,520,hv,150945.56479131378,results/random-search/cifar10/2026-09-10_19-20-07_27522793/search/
random-search,cifar10,FGSM,520,hv_acc_2obj,956.7152,results/random-search/cifar10/2026-09-10_19-20-07_27522793/search/
random-search,cifar10,FGSM,520,r2,0.11691662303526015,results/random-search/cifar10/2026-09-10_19-20-07_27522793/search/
random-search,cifar10,FGSM,520,hv_2obj,51.076954508656506,results/random-search/cifar10/2026-09-10_19-20-07_27522793/search/
random-search,cifar10,FGSM,560,hv,151747.64876821375,results/random-search/cifar10/2026-09-10_19-20-07_27522793/search/
random-search,cifar10,FGSM,560,hv_acc_2obj,967.9175999999999,results/random-search/cifar10/2026-09-10_19-20-07_27522793/search/
random-search,cifar10,FGSM,560,r2,0.11577856372101962,results/random-search/cifar10/2026-09-10_19-20-07_27522793/search/
random-search,cifar10,FGSM,560,hv_2obj,51.33368103315033,results/random-search/cifar10/2026-09-10_19-20-07_27522793/search/
random-search,cifar10,FGSM,600,hv,152565.96187775547,results/random-search/cifar10/2026-09-10_19-20-07_27522793/search/
random-search,cifar10,FGSM,600,hv_acc_2obj,967.9175999999999,results/random-search/cifar10/2026-09-10_19-20-07_27522793/search/
random-search,cifar10,FGSM,600,r2,0.11577856372101962,results/random-search/cifar10/2026-09-10_19-20-07_27522793/search/
random-search,cifar10,FGSM,600,hv_2obj,51.33368103315033,results/random-search/cifar10/2026-09-10_19-20-07_27522793/search/
random-search,cifar10,FGSM,640,hv,152565.96187775547,results/random-search/cifar10/2026-09-10_19-20-07_27522793/search/
random-search,cifar10,FGSM,640,hv_acc_2obj,967.9175999999999,results/random-search/cifar10/2026-09-10_19-20-07_27522793/search/
random-search,cifar10,FGSM,640,r2,0.11577856372101962,results/random-search/cifar10/2026-09-10_19-20-07_27522793/search/
random-search,cifar10,FGSM,640,hv_2obj,51.33368103315033,results/random-search/cifar10/2026-09-10_19-20-07_27522793/search/
random-search,cifar10,FGSM,680,hv,152567.21585614062,results/random-search/cifar10/2026-09-10_19-20-07_27522793/search/
random-search,cifar10,FGSM,680,hv_acc_2obj,967.9175999999999,results/random-search/cifar10/2026-09-10_19-20-07_27522793/search/
random-search,cifar10,FGSM,680,r2,0.11577856372101962,results/random-search/cifar10/2026-09-10_19-20-07_27522793/search/
random-search,cifar10,FGSM,680,hv_2obj,51.33368103315033,results/random-search/cifar10/2026-09-10_19-20-07_27522793/search/
random-search,cifar10,FGSM,720,hv,152568.87943299775,results/random-search/cifar10/2026-09-10_19-20-07_27522793/search/
random-search,cifar10,FGSM,720,hv_acc_2obj,974.6376,results/random-search/cifar10/2026-09-10_19-20-07_27522793/search/
random-search,cifar10,FGSM,720,r2,0.11577856372101962,results/random-search/cifar10/2026-09-10_19-20-07_27522793/search/
random-search,cifar10,FGSM,720,hv_2obj,51.33368103315033,results/random-search/cifar10/2026-09-10_19-20-07_27522793/search/
random-search,cifar10,FGSM,760,hv,152571.4212108489,results/random-search/cifar10/2026-09-10_19-20-07_27522793/search/
random-search,cifar10,FGSM,760,hv_acc_2obj,975.4436,results/random-search/cifar10/2026-09-10_19-20-07_27522793/search/
random-search,cifar10,FGSM,760,r2,0.11577856372101962,results/random-search/cifar10/2026-09-10_19-20-07_27522793/search/
random-search,cifar10,FGSM,760,hv_2obj,51.33368103315033,results/random-search/cifar10/2026-09-10_19-20-07_27522793/search/
random-search,cifar10,FGSM,800,hv,153226.3174432729,results/random-search/cifar10/2026-09-10_19-20-07_27522793/search/
random-search,cifar10,FGSM,800,hv_acc_2obj,1047.6308000000004,results/random-search/cifar10/2026-09-10_19-20-07_27522793/search/
random-search,cifar10,FGSM,800,r2,0.11475312486801059,results/random-search/cifar10/2026-09-10_19-20-07_27522793/search/
random-search,cifar10,FGSM,800,hv_2obj,51.56177350100597,results/random-search/cifar10/2026-09-10_19-20-07_27522793/search/
random-search,cifar10,FGSM,840,hv,153226.32509222438,results/random-search/cifar10/2026-09-10_19-20-07_27522793/search/
random-search,cifar10,FGSM,840,hv_acc_2obj,1047.6308000000004,results/random-search/cifar10/2026-09-10_19-20-07_27522793/search/
random-search,cifar10,FGSM,840,r2,0.11475312486801059,results/random-search/cifar10/2026-09-10_19-20-07_27522793/search/
random-search,cifar10,FGSM,840,hv_2obj,51.56177350100597,results/random-search/cifar10/2026-09-10_19-20-07_27522793/search/
random-search,cifar10,FGSM,880,hv,153226.6808339077,results/random-search/cifar10/2026-09-10_19-20-07_27522793/search/
random-search,cifar10,FGSM,880,hv_acc_2obj,1047.6308000000004,results/random-search/cifar10/2026-09-10_19-20-07_27522793/search/
random-search,cifar10,FGSM,880,r2,0.11475312486801059,results/random-search/cifar10/2026-09-10_19-20-07_27522793/search/
random-search,cifar10,FGSM,880,hv_2obj,51.56177350100597,results/random-search/cifar10/2026-09-10_19-20-07_27522793/search/
random-search,cifar10,FGSM,920,hv,153226.6808339077,results/random-search/cifar10/2026-09-10_19-20-07_27522793/search/
random-search,cifar10,FGSM,920,hv_acc_2obj,1047.6308000000004,results/random-search/cifar10/2026-09-10_19-20-07_27522793/search/
random-search,cifar10,FGSM,920,r2,0.11475312486801059,results/random-search/cifar10/2026-09-10_19-20-07_27522793/search/
random-search,cifar10,FGSM,920,hv_2obj,51.56177350100597,results/random-search/cifar10/2026-09-10_19-20-07_27522793/search/
random-search,cifar10,FGSM,960,hv,153226.6808339077,results/random-search/cifar10/2026-09-10_19-20-07_27522793/search/
random-search,cifar10,FGSM,960,hv_acc_2obj,1047.6308000000004,results/random-search/cifar10/2026-09-10_19-20-07_27522793/search/
random-search,cifar10,FGSM,960,r2,0.11475312486801059,results/random-search/cifar10/2026-09-10_19-20-07_27522793/search/
random-search,cifar10,FGSM,960,hv_2obj,51.56177350100597,results/random-search/cifar10/2026-09-10_19-20-07_27522793/search/
random-search,cifar10,FGSM,1000,hv,153226.6808339077,results/random-search/cifar10/2026-09-10_19-20-07_27522793/search/
random-search,cifar10,FGSM,1000,hv_acc_2obj,1047.6308000000004,results/random-search/cifar10/2026-09-10_19-20-07_27522793/search/
random-search,cifar10,FGSM,1000,r2,0.11475312486801059,results/random-search/cifar10/2026-09-10_19-20-07_27522793/search/
random-search,cifar10,FGSM,1000,hv_2obj,51.56177350100597,results/random-search/cifar10/2026-09-10_19-20-07_27522793/search/
random-search,cifar10,FGSM,1040,hv,153226.6808339077,results/random-search/cifar10/2026-09-10_19-20-07_27522793/search/
random-search,cifar10,FGSM,1040,hv_acc_2obj,1047.6308000000004,results/random-search/cifar10/2026-09-10_19-20-07_27522793/search/
random-search,cifar10,FGSM,1040,r2,0.11475312486801059,results/random-search/cifar10/2026-09-10_19-20-07_27522793/search/
random-search,cifar10,FGSM,1040,hv_2obj,51.56177350100597,results/random-search/cifar10/2026-09-10_19-20-07_27522793/search/
random-search,cifar10,FGSM,1080,hv,153304.4447171685,results/random-search/cifar10/2026-09-10_19-20-07_27522793/search/
random-search,cifar10,FGSM,1080,hv_acc_2obj,1047.6308000000004,results/random-search/cifar10/2026-09-10_19-20-07_27522793/search/
random-search,cifar10,FGSM,1080,r2,0.1146378401740343,results/random-search/cifar10/2026-09-10_19-20-07_27522793/search/
random-search,cifar10,FGSM,1080,hv_2obj,51.588946295564924,results/random-search/cifar10/2026-09-10_19-20-07_27522793/search/
random-search,cifar10,FGSM,1120,hv,153304.4447171685,results/random-search/cifar10/2026-09-10_19-20-07_27522793/search/
random-search,cifar10,FGSM,1120,hv_acc_2obj,1047.6308000000004,results/random-search/cifar10/2026-09-10_19-20-07_27522793/search/
random-search,cifar10,FGSM,1120,r2,0.1146378401740343,results/random-search/cifar10/2026-09-10_19-20-07_27522793/search/
random-search,cifar10,FGSM,1120,hv_2obj,51.588946295564924,results/random-search/cifar10/2026-09-10_19-20-07_27522793/search/
random-search,cifar10,FGSM,1160,hv,153304.4447171685,results/random-search/cifar10/2026-09-10_19-20-07_27522793/search/
random-search,cifar10,FGSM,1160,hv_acc_2obj,1047.6308000000004,results/random-search/cifar10/2026-09-10_19-20-07_27522793/search/
random-search,cifar10,FGSM,1160,r2,0.1146378401740343,results/random-search/cifar10/2026-09-10_19-20-07_27522793/search/
random-search,cifar10,FGSM,1160,hv_2obj,51.588946295564924,results/random-search/cifar10/2026-09-10_19-20-07_27522793/search/
random-search,cifar10,FGSM,1200,hv,153304.4447171685,results/random-search/cifar10/2026-09-10_19-20-07_27522793/search/
random-search,cifar10,FGSM,1200,hv_acc_2obj,1047.6308000000004,results/random-search/cifar10/2026-09-10_19-20-07_27522793/search/
random-search,cifar10,FGSM,1200,r2,0.1146378401740343,results/random-search/cifar10/2026-09-10_19-20-07_27522793/search/
random-search,cifar10,FGSM,1200,hv_2obj,51.588946295564924,results/random-search/cifar10/2026-09-10_19-20-07_27522793/search/
random-search,cifar10,FGSM,1240,hv,153304.45959646025,results/random-search/cifar10/2026-09-10_19-20-07_27522793/search/
random-search,cifar10,FGSM,1240,hv_acc_2obj,1047.6308000000004,results/random-search/cifar10/2026-09-10_19-20-07_27522793/search/
random-search,cifar10,FGSM,1240,r2,0.1146378401740343,results/random-search/cifar10/2026-09-10_19-20-07_27522793/search/
random-search,cifar10,FGSM,1240,hv_2obj,51.588946295564924,results/random-search/cifar10/2026-09-10_19-20-07_27522793/search/
r2-emoa,cifar100,FGSM,40,hv,68293.05200128719,results/r2-emoa/cifar100/2026-09-11_00-58-43_18906049/search/
r2-emoa,cifar100,FGSM,40,hv_acc_2obj,52.258800000000015,results/r2-emoa/cifar100/2026-09-11_00-58-43_18906049/search/
r2-emoa,cifar100,FGSM,40,r2,0.21017003984382673,results/r2-emoa/cifar100/2026-09-11_00-58-43_18906049/search/
r2-emoa,cifar100,FGSM,40,hv_2obj,23.34900723944299,results/r2-emoa/cifar100/2026-09-11_00-58-43_18906049/search/
r2-emoa,cifar100,FGSM,80,hv,68666.05349018017,results/r2-emoa/cifar100/2026-09-11_00-58-43_18906049/search/
r2-emoa,cifar100,FGSM,80,hv_acc_2obj,52.258800000000015,results/r2-emoa/cifar100/2026-09-11_00-58-43_18906049/search/
r2-emoa,cifar100,FGSM,80,r2,0.20981927708426032,results/r2-emoa/cifar100/2026-09-11_00-58-43_18906049/search/
r2-emoa,cifar100,FGSM,80,hv_2obj,23.415213134932195,results/r2-emoa/cifar100/2026-09-11_00-58-43_18906049/search/
r2-emoa,cifar100,FGSM,120,hv,69259.97519029213,results/r2-emoa/cifar100/2026-09-11_00-58-43_18906049/search/
r2-emoa,cifar100,FGSM,120,hv_acc_2obj,55.45719999999993,results/r2-emoa/cifar100/2026-09-11_00-58-43_18906049/search/
r2-emoa,cifar100,FGSM,120,r2,0.20938257370621272,results/r2-emoa/cifar100/2026-09-11_00-58-43_18906049/search/
r2-emoa,cifar100,FGSM,120,hv_2obj,23.502764872651657,results/r2-emoa/cifar100/2026-09-11_00-58-43_18906049/search/
r2-emoa,cifar100,FGSM,160,hv,69993.12912578849,results/r2-emoa/cifar100/2026-09-11_00-58-43_18906049/search/
r2-emoa,cifar100,FGSM,160,hv_acc_2obj,58.81640000000006,results/r2-emoa/cifar100/2026-09-11_00-58-43_18906049/search/
r2-emoa,cifar100,FGSM,160,r2,0.20846547516221578,results/r2-emoa/cifar100/2026-09-11_00-58-43_18906049/search/
r2-emoa,cifar100,FGSM,160,hv_2obj,23.678336846058095,results/r2-emoa/cifar100/2026-09-11_00-58-43_18906049/search/
r2-emoa,cifar100,FGSM,200,hv,70818.21277938467,results/r2-emoa/cifar100/2026-09-11_00-58-43_18906049/search/
r2-emoa,cifar100,FGSM,200,hv_acc_2obj,60.65200000000006,results/r2-emoa/cifar100/2026-09-11_00-58-43_18906049/search/
r2-emoa,cifar100,FGSM,200,r2,0.2072775005960869,results/r2-emoa/cifar100/2026-09-11_00-58-43_18906049/search/
r2-emoa,cifar100,FGSM,200,hv_2obj,23.910184702853996,results/r2-emoa/cifar100/2026-09-11_00-58-43_18906049/search/
r2-emoa,cifar100,FGSM,240,hv,71238.02695805854,results/r2-emoa/cifar100/2026-09-11_00-58-43_18906049/search/
r2-emoa,cifar100,FGSM,240,hv_acc_2obj,65.73640000000006,results/r2-emoa/cifar100/2026-09-11_00-58-43_18906049/search/
r2-emoa,cifar100,FGSM,240,r2,0.20654359263578664,results/r2-emoa/cifar100/2026-09-11_00-58-43_18906049/search/
r2-emoa,cifar100,FGSM,240,hv_2obj,24.052359686286906,results/r2-emoa/cifar100/2026-09-11_00-58-43_18906049/search/
r2-emoa,cifar100,FGSM,280,hv,71848.09615146209,results/r2-emoa/cifar100/2026-09-11_00-58-43_18906049/search/
r2-emoa,cifar100,FGSM,280,hv_acc_2obj,66.51840000000001,results/r2-emoa/cifar100/2026-09-11_00-58-43_18906049/search/
r2-emoa,cifar100,FGSM,280,r2,0.20577907357263675,results/r2-emoa/cifar100/2026-09-11_00-58-43_18906049/search/
r2-emoa,cifar100,FGSM,280,hv_2obj,24.19936012683576,results/r2-emoa/cifar100/2026-09-11_00-58-43_18906049/search/
r2-emoa,cifar100,FGSM,320,hv,72150.65047632687,results/r2-emoa/cifar100/2026-09-11_00-58-43_18906049/search/
r2-emoa,cifar100,FGSM,320,hv_acc_2obj,69.17039999999999,results/r2-emoa/cifar100/2026-09-11_00-58-43_18906049/search/
r2-emoa,cifar100,FGSM,320,r2,0.2052657733185109,results/r2-emoa/cifar100/2026-09-11_00-58-43_18906049/search/
r2-emoa,cifar100,FGSM,320,hv_2obj,24.30133627143998,results/r2-emoa/cifar100/2026-09-11_00-58-43_18906049/search/
r2-emoa,cifar100,FGSM,360,hv,72399.05877228185,results/r2-emoa/cifar100/2026-09-11_00-58-43_18906049/search/
r2-emoa,cifar100,FGSM,360,hv_acc_2obj,74.2252,results/r2-emoa/cifar100/2026-09-11_00-58-43_18906049/search/
r2-emoa,cifar100,FGSM,360,r2,0.20483931530389737,results/r2-emoa/cifar100/2026-09-11_00-58-43_18906049/search/
r2-emoa,cifar100,FGSM,360,hv_2obj,24.38405499753955,results/r2-emoa/cifar100/2026-09-11_00-58-43_18906049/search/
r2-emoa,cifar100,FGSM,400,hv,73225.5245449122,results/r2-emoa/cifar100/2026-09-11_00-58-43_18906049/search/
r2-emoa,cifar100,FGSM,400,hv_acc_2obj,74.50240000000008,results/r2-emoa/cifar100/2026-09-11_00-58-43_18906049/search/
r2-emoa,cifar100,FGSM,400,r2,0.20341624306899014,results/r2-emoa/cifar100/2026-09-11_00-58-43_18906049/search/
r2-emoa,cifar100,FGSM,400,hv_2obj,24.666961116705373,results/r2-emoa/cifar100/2026-09-11_00-58-43_18906049/search/
r2-emoa,cifar100,FGSM,440,hv,73237.62213113224,results/r2-emoa/cifar100/2026-09-11_00-58-43_18906049/search/
r2-emoa,cifar100,FGSM,440,hv_acc_2obj,75.54960000000008,results/r2-emoa/cifar100/2026-09-11_00-58-43_18906049/search/
r2-emoa,cifar100,FGSM,440,r2,0.20341624306899014,results/r2-emoa/cifar100/2026-09-11_00-58-43_18906049/search/
r2-emoa,cifar100,FGSM,440,hv_2obj,24.666961116705373,results/r2-emoa/cifar100/2026-09-11_00-58-43_18906049/search/
r2-emoa,cifar100,FGSM,480,hv,73239.61765434752,results/r2-emoa/cifar100/2026-09-11_00-58-43_18906049/search/
r2-emoa,cifar100,FGSM,480,hv_acc_2obj,76.11600000000007,results/r2-emoa/cifar100/2026-09-11_00-58-43_18906049/search/
r2-emoa,cifar100,FGSM,480,r2,0.20341624306899014,results/r2-emoa/cifar100/2026-09-11_00-58-43_18906049/search/
r2-emoa,cifar100,FGSM,480,hv_2obj,24.666961116705373,results/r2-emoa/cifar100/2026-09-11_00-58-43_18906049/search/
r2-emoa,cifar100,FGSM,520,hv,73242.36186507874,results/r2-emoa/cifar100/2026-09-11_00-58-43_18906049/search/
r2-emoa,cifar100,FGSM,520,hv_acc_2obj,77.33080000000001,results/r2-emoa/cifar100/2026-09-11_00-58-43_18906049/search/
r2-emoa,cifar100,FGSM,520,r2,0.20341624306899014,results/r2-emoa/cifar100/2026-09-11_00-58-43_18906049/search/
r2-emoa,cifar100,FGSM,520,hv_2obj,24.666961116705373,results/r2-emoa/cifar100/2026-09-11_00-58-43_18906049/search/
r2-emoa,cifar100,FGSM,560,hv,73310.4552854852,results/r2-emoa/cifar100/2026-09-11_00-58-43_18906049/search/
r2-emoa,cifar100,FGSM,560,hv_acc_2obj,78.10600000000004,results/r2-emoa/cifar100/2026-09-11_00-58-43_18906049/search/
r2-emoa,cifar100,FGSM,560,r2,0.20341624306899014,results/r2-emoa/cifar100/2026-09-11_00-58-43_18906049/search/
r2-emoa,cifar100,FGSM,560,hv_2obj,24.666961116705373,results/r2-emoa/cifar100/2026-09-11_00-58-43_18906049/search/
r2-emoa,cifar100,FGSM,600,hv,73314.81404078662,results/r2-emoa/cifar100/2026-09-11_00-58-43_18906049/search/
r2-emoa,cifar100,FGSM,600,hv_acc_2obj,80.75239999999998,results/r2-emoa/cifar100/2026-09-11_00-58-43_18906049/search/
r2-emoa,cifar100,FGSM,600,r2,0.20341624306899014,results/r2-emoa/cifar100/2026-09-11_00-58-43_18906049/search/
r2-emoa,cifar100,FGSM,600,hv_2obj,24.666961116705373,results/r2-emoa/cifar100/2026-09-11_00-58-43_18906049/search/
r2-emoa,cifar100,FGSM,640,hv,73385.0482877602,results/r2-emoa/cifar100/2026-09-11_00-58-43_18906049/search/
r2-emoa,cifar100,FGSM,640,hv_acc_2obj,80.83999999999999,results/r2-emoa/cifar100/2026-09-11_00-58-43_18906049/search/
r2-emoa,cifar100,FGSM,640,r2,0.2033010745936314,results/r2-emoa/cifar100/2026-09-11_00-58-43_18906049/search/
r2-emoa,cifar100,FGSM,640,hv_2obj,24.689466025869446,results/r2-emoa/cifar100/2026-09-11_00-58-43_18906049/search/
r2-emoa,cifar100,FGSM,680,hv,73386.34485581654,results/r2-emoa/cifar100/2026-09-11_00-58-43_18906049/search/
r2-emoa,cifar100,FGSM,680,hv_acc_2obj,80.83999999999999,results/r2-emoa/cifar100/2026-09-11_00-58-43_18906049/search/
r2-emoa,cifar100,FGSM,680,r2,0.2033010745936314,results/r2-emoa/cifar100/2026-09-11_00-58-43_18906049/search/
r2-emoa,cifar100,FGSM,680,hv_2obj,24.689466025869446,results/r2-emoa/cifar100/2026-09-11_00-58-43_18906049/search/
r2-emoa,cifar100,FGSM,720,hv,73390.25764266396,results/r2-emoa/cifar100/2026-09-11_00-58-43_18906049/search/
r2-emoa,cifar100,FGSM,720,hv_acc_2obj,81.0312,results/r2-emoa/cifar100/2026-09-11_00-58-43_18906049/search/
r2-emoa,cifar100,FGSM,720,r2,0.2033010745936314,results/r2-emoa/cifar100/2026-09-11_00-58-43_18906049/search/
r2-emoa,cifar100,FGSM,720,hv_2obj,24.689466025869446,results/r2-emoa/cifar100/2026-09-11_00-58-43_18906049/search/
r2-emoa,cifar100,FGSM,760,hv,73392.09429741919,results/r2-emoa/cifar100/2026-09-11_00-58-43_18906049/search/
r2-emoa,cifar100,FGSM,760,hv_acc_2obj,81.0312,results/r2-emoa/cifar100/2026-09-11_00-58-43_18906049/search/
r2-emoa,cifar100,FGSM,760,r2,0.2033010745936314,results/r2-emoa/cifar100/2026-09-11_00-58-43_18906049/search/
r2-emoa,cifar100,FGSM,760,hv_2obj,24.689466025869446,results/r2-emoa/cifar100/2026-09-11_00-58-43_18906049/search/
r2-emoa,cifar100,FGSM,800,hv,73687.74928956981,results/r2-emoa/cifar100/2026-09-11_00-58-43_18906049/search/
r2-emoa,cifar100,FGSM,800,hv_acc_2obj,81.2252,results/r2-emoa/cifar100/2026-09-11_00-58-43_18906049/search/
r2-emoa,cifar100,FGSM,800,r2,0.20278147408079725,results/r2-emoa/cifar100/2026-09-11_00-58-43_18906049/search/
r2-emoa,cifar100,FGSM,800,hv_2obj,24.790655470746334,results/r2-emoa/cifar100/2026-09-11_00-58-43_18906049/search/
r2-emoa,cifar100,FGSM,840,hv,73688.12041413091,results/r2-emoa/cifar100/2026-09-11_00-58-43_18906049/search/
r2-emoa,cifar100,FGSM,840,hv_acc_2obj,81.2252,results/r2-emoa/cifar100/2026-09-11_00-58-43_18906049/search/
r2-emoa,cifar100,FGSM,840,r2,0.20278147408079725,results/r2-emoa/cifar100/2026-09-11_00-58-43_18906049/search/
r2-emoa,cifar100,FGSM,840,hv_2obj,24.790655470746334,results/r2-emoa/cifar100/2026-09-11_00-58-43_18906049/search/
r2-emoa,cifar100,FGSM,880,hv,73688.21625651003,results/r2-emoa/cifar100/2026-09-11_00-58-43_18906049/search/
r2-emoa,cifar100,FGSM,880,hv_acc_2obj,81.38679999999997,results/r2-emoa/cifar100/2026-09-11_00-58-43_18906049/search/
r2-emoa,cifar100,FGSM,880,r2,0.20278147408079725,results/r2-emoa/cifar100/2026-09-11_00-58-43_18906049/search/
r2-emoa,cifar100,FGSM,880,hv_2obj,24.790655470746334,results/r2-emoa/cifar100/2026-09-11_00-58-43_18906049/search/
r2-emoa,cifar100,FGSM,920,hv,73688.30954958826,results/r2-emoa/cifar100/2026-09-11_00-58-43_18906049/search/
r2-emoa,cifar100,FGSM,920,hv_acc_2obj,81.38679999999997,results/r2-emoa/cifar100/2026-09-11_00-58-43_18906049/search/
r2-emoa,cifar100,FGSM,920,r2,0.20278147408079725,results/r2-emoa/cifar100/2026-09-11_00-58-43_18906049/search/
r2-emoa,cifar100,FGSM,920,hv_2obj,24.790655470746334,results/r2-emoa/cifar100/2026-09-11_00-58-43_18906049/search/
r2-emoa,cifar100,FGSM,960,hv,73689.53116456808,results/r2-emoa/cifar100/2026-09-11_00-58-43_18906049/search/
r2-emoa,cifar100,FGSM,960,hv_acc_2obj,81.38679999999997,results/r2-emoa/cifar100/2026-09-11_00-58-43_18906049/search/
r2-emoa,cifar100,FGSM,960,r2,0.20278147408079725,results/r2-emoa/cifar100/2026-09-11_00-58-43_18906049/search/
r2-emoa,cifar100,FGSM,960,hv_2obj,24.790655470746334,results/r2-emoa/cifar100/2026-09-11_00-58-43_18906049/search/
r2-emoa,cifar100,FGSM,1000,hv,73694.99932404808,results/r2-emoa/cifar100/2026-09-11_00-58-43_18906049/search/
r2-emoa,cifar100,FGSM,1000,hv_acc_2obj,81.39999999999998,results/r2-emoa/cifar100/2026-09-11_00-58-43_18906049/search/
r2-emoa,cifar100,FGSM,1000,r2,0.20277977055816082,results/r2-emoa/cifar100/2026-09-11_00-58-43_18906049/search/
r2-emoa,cifar100,FGSM,1000,hv_2obj,24.79083413815243,results/r2-emoa/cifar100/2026-09-11_00-58-43_18906049/search/
r2-emoa,cifar100,FGSM,1040,hv,73695.8218967432,results/r2-emoa/cifar100/2026-09-11_00-58-43_18906049/search/
r2-emoa,cifar100,FGSM,1040,hv_acc_2obj,81.39999999999998,results/r2-emoa/cifar100/2026-09-11_00-58-43_18906049/search/
r2-emoa,cifar100,FGSM,1040,r2,0.20277977055816082,results/r2-emoa/cifar100/2026-09-11_00-58-43_18906049/search/
r2-emoa,cifar100,FGSM,1040,hv_2obj,24.79083413815243,results/r2-emoa/cifar100/2026-09-11_00-58-43_18906049/search/
r2-emoa,cifar100,FGSM,1080,hv,73695.9663440959,results/r2-emoa/cifar100/2026-09-11_00-58-43_18906049/search/
r2-emoa,cifar100,FGSM,1080,hv_acc_2obj,81.39999999999998,results/r2-emoa/cifar100/2026-09-11_00-58-43_18906049/search/
r2-emoa,cifar100,FGSM,1080,r2,0.20277977055816082,results/r2-emoa/cifar100/2026-09-11_00-58-43_18906049/search/
r2-emoa,cifar100,FGSM,1080,hv_2obj,24.79083413815243,results/r2-emoa/cifar100/2026-09-11_00-58-43_18906049/search/
r2-emoa,cifar100,FGSM,1120,hv,73699.6313331361,results/r2-emoa/cifar100/2026-09-11_00-58-43_18906049/search/
r2-emoa,cifar100,FGSM,1120,hv_acc_2obj,81.39999999999998,results/r2-emoa/cifar100/2026-09-11_00-58-43_18906049/search/
r2-emoa,cifar100,FGSM,1120,r2,0.20277977055816082,results/r2-emoa/cifar100/2026-09-11_00-58-43_18906049/search/
r2-emoa,cifar100,FGSM,1120,hv_2obj,24.79083413815243,results/r2-emoa/cifar100/2026-09-11_00-58-43_18906049/search/
r2-emoa,cifar100,FGSM,1160,hv,73699.63384856866,results/r2-emoa/cifar100/2026-09-11_00-58-43_18906049/search/
r2-emoa,cifar100,FGSM,1160,hv_acc_2obj,81.39999999999998,results/r2-emoa/cifar100/2026-09-11_00-58-43_18906049/search/
r2-emoa,cifar100,FGSM,1160,r2,0.20277977055816082,results/r2-emoa/cifar100/2026-09-11_00-58-43_18906049/search/
r2-emoa,cifar100,FGSM,1160,hv_2obj,24.79083413815243,results/r2-emoa/cifar100/2026-09-11_00-58-43_18906049/search/
r2-emoa,cifar100,FGSM,1200,hv,73700.08701862032,results/r2-emoa/cifar100/2026-09-11_00-58-43_18906049/search/
r2-emoa,cifar100,FGSM,1200,hv_acc_2obj,81.39999999999998,results/r2-emoa/cifar100/2026-09-11_00-58-43_18906049/search/
r2-emoa,cifar100,FGSM,1200,r2,0.20277977055816082,results/r2-emoa/cifar100/2026-09-11_00-58-43_18906049/search/
r2-emoa,cifar100,FGSM,1200,hv_2obj,24.79083413815243,results/r2-emoa/cifar100/2026-09-11_00-58-43_18906049/search/
r2-emoa,cifar100,FGSM,1240,hv,73700.75517733932,results/r2-emoa/cifar100/2026-09-11_00-58-43_18906049/search/
r2-emoa,cifar100,FGSM,1240,hv_acc_2obj,81.39999999999998,results/r2-emoa/cifar100/2026-09-11_00-58-43_18906049/search/
r2-emoa,cifar100,FGSM,1240,r2,0.20277977055816082,results/r2-emoa/cifar100/2026-09-11_00-58-43_18906049/search/
r2-emoa,cifar100,FGSM,1240,hv_2obj,24.79087538364156,results/r2-emoa/cifar100/2026-09-11_00-58-43_18906049/search/
r2-emoa,cifar100,FGSM,40,hv,67186.71964296073,results/r2-emoa/cifar100/2026-09-11_06-22-44_15798821/search/
r2-emoa,cifar100,FGSM,40,hv_acc_2obj,48.14759999999997,results/r2-emoa/cifar100/2026-09-11_06-22-44_15798821/search/
r2-emoa,cifar100,FGSM,40,r2,0.21219524514189314,results/r2-emoa/cifar100/2026-09-11_06-22-44_15798821/search/
r2-emoa,cifar100,FGSM,40,hv_2obj,22.964475919026263,results/r2-emoa/cifar100/2026-09-11_06-22-44_15798821/search/
r2-emoa,cifar100,FGSM,80,hv,67938.58446668467,results/r2-emoa/cifar100/2026-09-11_06-22-44_15798821/search/
r2-emoa,cifar100,FGSM,80,hv_acc_2obj,49.68879999999998,results/r2-emoa/cifar100/2026-09-11_06-22-44_15798821/search/
r2-emoa,cifar100,FGSM,80,r2,0.21114743348187762,results/r2-emoa/cifar100/2026-09-11_06-22-44_15798821/search/
r2-emoa,cifar100,FGSM,80,hv_2obj,23.16586623537318,results/r2-emoa/cifar100/2026-09-11_06-22-44_15798821/search/
r2-emoa,cifar100,FGSM,120,hv,68700.99311641384,results/r2-emoa/cifar100/2026-09-11_06-22-44_15798821/search/
r2-emoa,cifar100,FGSM,120,hv_acc_2obj,49.836399999999976,results/r2-emoa/cifar100/2026-09-11_06-22-44_15798821/search/
r2-emoa,cifar100,FGSM,120,r2,0.21031946691374692,results/r2-emoa/cifar100/2026-09-11_06-22-44_15798821/search/
r2-emoa,cifar100,FGSM,120,hv_2obj,23.323149138962645,results/r2-emoa/cifar100/2026-09-11_06-22-44_15798821/search/
r2-emoa,cifar100,FGSM,160,hv,69247.42659972358,results/r2-emoa/cifar100/2026-09-11_06-22-44_15798821/search/
r2-emoa,cifar100,FGSM,160,hv_acc_2obj,57.2676,results/r2-emoa/cifar100/2026-09-11_06-22-44_15798821/search/
r2-emoa,cifar100,FGSM,160,r2,0.20964904499523648,results/r2-emoa/cifar100/2026-09-11_06-22-44_15798821/search/
r2-emoa,cifar100,FGSM,160,hv_2obj,23.45278917168379,results/r2-emoa/cifar100/2026-09-11_06-22-44_15798821/search/
r2-emoa,cifar100,FGSM,200,hv,70099.82380879497,results/r2-emoa/cifar100/2026-09-11_06-22-44_15798821/search/
r2-emoa,cifar100,FGSM,200,hv_acc_2obj,57.971599999999995,results/r2-emoa/cifar100/2026-09-11_06-22-44_15798821/search/
r2-emoa,cifar100,FGSM,200,r2,0.20812541462777437,results/r2-emoa/cifar100/2026-09-11_06-22-44_15798821/search/
r2-emoa,cifar100,FGSM,200,hv_2obj,23.747764407383873,results/r2-emoa/cifar100/2026-09-11_06-22-44_15798821/search/
r2-emoa,cifar100,FGSM,240,hv,70131.70240715411,results/r2-emoa/cifar100/2026-09-11_06-22-44_15798821/search/
r2-emoa,cifar100,FGSM,240,hv_acc_2obj,57.971599999999995,results/r2-emoa/cifar100/2026-09-11_06-22-44_15798821/search/
r2-emoa,cifar100,FGSM,240,r2,0.20812541462777437,results/r2-emoa/cifar100/2026-09-11_06-22-44_15798821/search/
r2-emoa,cifar100,FGSM,240,hv_2obj,23.747764407383873,results/r2-emoa/cifar100/2026-09-11_06-22-44_15798821/search/
r2-emoa,cifar100,FGSM,280,hv,70259.13071805546,results/r2-emoa/cifar100/2026-09-11_06-22-44_15798821/search/
r2-emoa,cifar100,FGSM,280,hv_acc_2obj,57.971599999999995,results/r2-emoa/cifar100/2026-09-11_06-22-44_15798821/search/
r2-emoa,cifar100,FGSM,280,r2,0.20812541462777437,results/r2-emoa/cifar100/2026-09-11_06-22-44_15798821/search/
r2-emoa,cifar100,FGSM,280,hv_2obj,23.747764407383873,results/r2-emoa/cifar100/2026-09-11_06-22-44_15798821/search/
r2-emoa,cifar100,FGSM,320,hv,70797.26339503519,results/r2-emoa/cifar100/2026-09-11_06-22-44_15798821/search/
r2-emoa,cifar100,FGSM,320,hv_acc_2obj,58.69639999999998,results/r2-emoa/cifar100/2026-09-11_06-22-44_15798821/search/
r2-emoa,cifar100,FGSM,320,r2,0.20724059506233292,results/r2-emoa/cifar100/2026-09-11_06-22-44_15798821/search/
r2-emoa,cifar100,FGSM,320,hv_2obj,23.91362431054439,results/r2-emoa/cifar100/2026-09-11_06-22-44_15798821/search/
r2-emoa,cifar100,FGSM,360,hv,71038.62439354522,results/r2-emoa/cifar100/2026-09-11_06-22-44_15798821/search/
r2-emoa,cifar100,FGSM,360,hv_acc_2obj,59.50559999999997,results/r2-emoa/cifar100/2026-09-11_06-22-44_15798821/search/
r2-emoa,cifar100,FGSM,360,r2,0.20724059506233292,results/r2-emoa/cifar100/2026-09-11_06-22-44_15798821/search/
r2-emoa,cifar100,FGSM,360,hv_2obj,23.91362431054439,results/r2-emoa/cifar100/2026-09-11_06-22-44_15798821/search/
r2-emoa,cifar100,FGSM,400,hv,71138.78080156744,results/r2-emoa/cifar100/2026-09-11_06-22-44_15798821/search/
r2-emoa,cifar100,FGSM,400,hv_acc_2obj,59.50559999999997,results/r2-emoa/cifar100/2026-09-11_06-22-44_15798821/search/
r2-emoa,cifar100,FGSM,400,r2,0.20723537963124006,results/r2-emoa/cifar100/2026-09-11_06-22-44_15798821/search/
r2-emoa,cifar100,FGSM,400,hv_2obj,23.915198893718824,results/r2-emoa/cifar100/2026-09-11_06-22-44_15798821/search/
r2-emoa,cifar100,FGSM,440,hv,71156.06469359454,results/r2-emoa/cifar100/2026-09-11_06-22-44_15798821/search/
r2-emoa,cifar100,FGSM,440,hv_acc_2obj,59.50559999999997,results/r2-emoa/cifar100/2026-09-11_06-22-44_15798821/search/
r2-emoa,cifar100,FGSM,440,r2,0.20723537963124006,results/r2-emoa/cifar100/2026-09-11_06-22-44_15798821/search/
r2-emoa,cifar100,FGSM,440,hv_2obj,23.916988329785013,results/r2-emoa/cifar100/2026-09-11_06-22-44_15798821/search/
r2-emoa,cifar100,FGSM,480,hv,71159.29786842405,results/r2-emoa/cifar100/2026-09-11_06-22-44_15798821/search/
r2-emoa,cifar100,FGSM,480,hv_acc_2obj,60.471599999999945,results/r2-emoa/cifar100/2026-09-11_06-22-44_15798821/search/
r2-emoa,cifar100,FGSM,480,r2,0.20723537963124006,results/r2-emoa/cifar100/2026-09-11_06-22-44_15798821/search/
r2-emoa,cifar100,FGSM,480,hv_2obj,23.917017012182036,results/r2-emoa/cifar100/2026-09-11_06-22-44_15798821/search/
r2-emoa,cifar100,FGSM,520,hv,71169.99188778148,results/r2-emoa/cifar100/2026-09-11_06-22-44_15798821/search/
r2-emoa,cifar100,FGSM,520,hv_acc_2obj,61.47960000000001,results/r2-emoa/cifar100/2026-09-11_06-22-44_15798821/search/
r2-emoa,cifar100,FGSM,520,r2,0.20723537963124006,results/r2-emoa/cifar100/2026-09-11_06-22-44_15798821/search/
r2-emoa,cifar100,FGSM,520,hv_2obj,23.918135773941717,results/r2-emoa/cifar100/2026-09-11_06-22-44_15798821/search/
r2-emoa,cifar100,FGSM,560,hv,71266.62531603778,results/r2-emoa/cifar100/2026-09-11_06-22-44_15798821/search/
r2-emoa,cifar100,FGSM,560,hv_acc_2obj,65.56080000000001,results/r2-emoa/cifar100/2026-09-11_06-22-44_15798821/search/
r2-emoa,cifar100,FGSM,560,r2,0.20708239677872267,results/r2-emoa/cifar100/2026-09-11_06-22-44_15798821/search/
r2-emoa,cifar100,FGSM,560,hv_2obj,23.946695024145136,results/r2-emoa/cifar100/2026-09-11_06-22-44_15798821/search/
r2-emoa,cifar100,FGSM,600,hv,71283.56989537654,results/r2-emoa/cifar100/2026-09-11_06-22-44_15798821/search/
r2-emoa,cifar100,FGSM,600,hv_acc_2obj,65.56080000000001,results/r2-emoa/cifar100/2026-09-11_06-22-44_15798821/search/
r2-emoa,cifar100,FGSM,600,r2,0.20708239677872267,results/r2-emoa/cifar100/2026-09-11_06-22-44_15798821/search/
r2-emoa,cifar100,FGSM,600,hv_2obj,23.946695024145136,results/r2-emoa/cifar100/2026-09-11_06-22-44_15798821/search/
r2-emoa,cifar100,FGSM,640,hv,71286.1220892096,results/r2-emoa/cifar100/2026-09-11_06-22-44_15798821/search/
r2-emoa,cifar100,FGSM,640,hv_acc_2obj,65.56080000000001,results/r2-emoa/cifar100/2026-09-11_06-22-44_15798821/search/
r2-emoa,cifar100,FGSM,640,r2,0.20708239677872267,results/r2-emoa/cifar100/2026-09-11_06-22-44_15798821/search/
r2-emoa,cifar100,FGSM,640,hv_2obj,23.946695024145136,results/r2-emoa/cifar100/2026-09-11_06-22-44_15798821/search/
r2-emoa,cifar100,FGSM,680,hv,71337.6502334819,results/r2-emoa/cifar100/2026-09-11_06-22-44_15798821/search/
r2-emoa,cifar100,FGSM,680,hv_acc_2obj,65.56080000000001,results/r2-emoa/cifar100/2026-09-11_06-22-44_15798821/search/
r2-emoa,cifar100,FGSM,680,r2,0.20708239677872267,results/r2-emoa/cifar100/2026-09-11_06-22-44_15798821/search/
r2-emoa,cifar100,FGSM,680,hv_2obj,23.946695024145136,results/r2-emoa/cifar100/2026-09-11_06-22-44_15798821/search/
r2-emoa,cifar100,FGSM,720,hv,71432.92032924313,results/r2-emoa/cifar100/2026-09-11_06-22-44_15798821/search/
r2-emoa,cifar100,FGSM,720,hv_acc_2obj,65.56080000000001,results/r2-emoa/cifar100/2026-09-11_06-22-44_15798821/search/
r2-emoa,cifar100,FGSM,720,r2,0.20691745093976302,results/r2-emoa/cifar100/2026-09-11_06-22-44_15798821/search/
r2-emoa,cifar100,FGSM,720,hv_2obj,23.978691010316968,results/r2-emoa/cifar100/2026-09-11_06-22-44_15798821/search/
r2-emoa,cifar100,FGSM,760,hv,71438.33288951298,results/r2-emoa/cifar100/2026-09-11_06-22-44_15798821/search/
r2-emoa,cifar100,FGSM,760,hv_acc_2obj,65.56080000000001,results/r2-emoa/cifar100/2026-09-11_06-22-44_15798821/search/
r2-emoa,cifar100,FGSM,760,r2,0.20691460794300168,results/r2-emoa/cifar100/2026-09-11_06-22-44_15798821/search/
r2-emoa,cifar100,FGSM,760,hv_2obj,23.979854455925945,results/r2-emoa/cifar100/2026-09-11_06-22-44_15798821/search/
r2-emoa,cifar100,FGSM,800,hv,71440.43469617973,results/r2-emoa/cifar100/2026-09-11_06-22-44_15798821/search/
r2-emoa,cifar100,FGSM,800,hv_acc_2obj,65.56080000000001,results/r2-emoa/cifar100/2026-09-11_06-22-44_15798821/search/
r2-emoa,cifar100,FGSM,800,r2,0.20691460794300168,results/r2-emoa/cifar100/2026-09-11_06-22-44_15798821/search/
r2-emoa,cifar100,FGSM,800,hv_2obj,23.979854455925945,results/r2-emoa/cifar100/2026-09-11_06-22-44_15798821/search/
r2-emoa,cifar100,FGSM,840,hv,71445.00692861521,results/r2-emoa/cifar100/2026-09-11_06-22-44_15798821/search/
r2-emoa,cifar100,FGSM,840,hv_acc_2obj,65.56080000000001,results/r2-emoa/cifar100/2026-09-11_06-22-44_15798821/search/
r2-emoa,cifar100,FGSM,840,r2,0.20691460794300168,results/r2-emoa/cifar100/2026-09-11_06-22-44_15798821/search/
r2-emoa,cifar100,FGSM,840,hv_2obj,23.979854455925945,results/r2-emoa/cifar100/2026-09-11_06-22-44_15798821/search/
r2-emoa,cifar100,FGSM,880,hv,71473.56117434465,results/r2-emoa/cifar100/2026-09-11_06-22-44_15798821/search/
r2-emoa,cifar100,FGSM,880,hv_acc_2obj,65.56080000000001,results/r2-emoa/cifar100/2026-09-11_06-22-44_15798821/search/
r2-emoa,cifar100,FGSM,880,r2,0.20691460794300168,results/r2-emoa/cifar100/2026-09-11_06-22-44_15798821/search/
r2-emoa,cifar100,FGSM,880,hv_2obj,23.979854455925945,results/r2-emoa/cifar100/2026-09-11_06-22-44_15798821/search/
r2-emoa,cifar100,FGSM,920,hv,71729.214639726,results/r2-emoa/cifar100/2026-09-11_06-22-44_15798821/search/
r2-emoa,cifar100,FGSM,920,hv_acc_2obj,65.56080000000001,results/r2-emoa/cifar100/2026-09-11_06-22-44_15798821/search/
r2-emoa,cifar100,FGSM,920,r2,0.2064672222400913,results/r2-emoa/cifar100/2026-09-11_06-22-44_15798821/search/
r2-emoa,cifar100,FGSM,920,hv_2obj,24.0661639651324,results/r2-emoa/cifar100/2026-09-11_06-22-44_15798821/search/
r2-emoa,cifar100,FGSM,960,hv,71786.71162536889,results/r2-emoa/cifar100/2026-09-11_06-22-44_15798821/search/
r2-emoa,cifar100,FGSM,960,hv_acc_2obj,66.18800000000003,results/r2-emoa/cifar100/2026-09-11_06-22-44_15798821/search/
r2-emoa,cifar100,FGSM,960,r2,0.20638310883421723,results/r2-emoa/cifar100/2026-09-11_06-22-44_15798821/search/
r2-emoa,cifar100,FGSM,960,hv_2obj,24.082250100724686,results/r2-emoa/cifar100/2026-09-11_06-22-44_15798821/search/
r2-emoa,cifar100,FGSM,1000,hv,71805.74926128975,results/r2-emoa/cifar100/2026-09-11_06-22-44_15798821/search/
r2-emoa,cifar100,FGSM,1000,hv_acc_2obj,66.18800000000003,results/r2-emoa/cifar100/2026-09-11_06-22-44_15798821/search/
r2-emoa,cifar100,FGSM,1000,r2,0.20638310883421723,results/r2-emoa/cifar100/2026-09-11_06-22-44_15798821/search/
r2-emoa,cifar100,FGSM,1000,hv_2obj,24.08232538735238,results/r2-emoa/cifar100/2026-09-11_06-22-44_15798821/search/
r2-emoa,cifar100,FGSM,1040,hv,71806.75664727384,results/r2-emoa/cifar100/2026-09-11_06-22-44_15798821/search/
r2-emoa,cifar100,FGSM,1040,hv_acc_2obj,66.18800000000003,results/r2-emoa/cifar100/2026-09-11_06-22-44_15798821/search/
r2-emoa,cifar100,FGSM,1040,r2,0.20638310883421723,results/r2-emoa/cifar100/2026-09-11_06-22-44_15798821/search/
r2-emoa,cifar100,FGSM,1040,hv_2obj,24.08232538735238,results/r2-emoa/cifar100/2026-09-11_06-22-44_15798821/search/
r2-emoa,cifar100,FGSM,1080,hv,72081.5441201529,results/r2-emoa/cifar100/2026-09-11_06-22-44_15798821/search/
r2-emoa,cifar100,FGSM,1080,hv_acc_2obj,66.52199999999998,results/r2-emoa/cifar100/2026-09-11_06-22-44_15798821/search/
r2-emoa,cifar100,FGSM,1080,r2,0.20588666558450525,results/r2-emoa/cifar100/2026-09-11_06-22-44_15798821/search/
r2-emoa,cifar100,FGSM,1080,hv_2obj,24.175131642975682,results/r2-emoa/cifar100/2026-09-11_06-22-44_15798821/search/
r2-emoa,cifar100,FGSM,1120,hv,72082.86813862999,results/r2-emoa/cifar100/2026-09-11_06-22-44_15798821/search/
r2-emoa,cifar100,FGSM,1120,hv_acc_2obj,66.52199999999998,results/r2-emoa/cifar100/2026-09-11_06-22-44_15798821/search/
r2-emoa,cifar100,FGSM,1120,r2,0.20588666558450525,results/r2-emoa/cifar100/2026-09-11_06-22-44_15798821/search/
r2-emoa,cifar100,FGSM,1120,hv_2obj,24.175131642975682,results/r2-emoa/cifar100/2026-09-11_06-22-44_15798821/search/
r2-emoa,cifar100,FGSM,1160,hv,72082.90251764172,results/r2-emoa/cifar100/2026-09-11_06-22-44_15798821/search/
r2-emoa,cifar100,FGSM,1160,hv_acc_2obj,66.52199999999998,results/r2-emoa/cifar100/2026-09-11_06-22-44_15798821/search/
r2-emoa,cifar100,FGSM,1160,r2,0.20588666558450525,results/r2-emoa/cifar100/2026-09-11_06-22-44_15798821/search/
r2-emoa,cifar100,FGSM,1160,hv_2obj,24.175131642975682,results/r2-emoa/cifar100/2026-09-11_06-22-44_15798821/search/
r2-emoa,cifar100,FGSM,1200,hv,72133.44359351826,results/r2-emoa/cifar100/2026-09-11_06-22-44_15798821/search/
r2-emoa,cifar100,FGSM,1200,hv_acc_2obj,66.67559999999995,results/r2-emoa/cifar100/2026-09-11_06-22-44_15798821/search/
r2-emoa,cifar100,FGSM,1200,r2,0.205867134876774,results/r2-emoa/cifar100/2026-09-11_06-22-44_15798821/search/
r2-emoa,cifar100,FGSM,1200,hv_2obj,24.17731320272733,results/r2-emoa/cifar100/2026-09-11_06-22-44_15798821/search/
r2-emoa,cifar100,FGSM,1240,hv,72135.08047494825,results/r2-emoa/cifar100/2026-09-11_06-22-44_15798821/search/
r2-emoa,cifar100,FGSM,1240,hv_acc_2obj,66.67559999999995,results/r2-emoa/cifar100/2026-09-11_06-22-44_15798821/search/
r2-emoa,cifar100,FGSM,1240,r2,0.205867134876774,results/r2-emoa/cifar100/2026-09-11_06-22-44_15798821/search/
r2-emoa,cifar100,FGSM,1240,hv_2obj,24.17731320272733,results/r2-emoa/cifar100/2026-09-11_06-22-44_15798821/search/
r2-emoa,cifar100,FGSM,40,hv,67395.57751048672,results/r2-emoa/cifar100/2026-09-11_11-57-11_65381509/search/
r2-emoa,cifar100,FGSM,40,hv_acc_2obj,44.687999999999974,results/r2-emoa/cifar100/2026-09-11_11-57-11_65381509/search/
r2-emoa,cifar100,FGSM,40,r2,0.21182320147079498,results/r2-emoa/cifar100/2026-09-11_11-57-11_65381509/search/
r2-emoa,cifar100,FGSM,40,hv_2obj,23.031218053239897,results/r2-emoa/cifar100/2026-09-11_11-57-11_65381509/search/
r2-emoa,cifar100,FGSM,80,hv,67999.54350156059,results/r2-emoa/cifar100/2026-09-11_11-57-11_65381509/search/
r2-emoa,cifar100,FGSM,80,hv_acc_2obj,45.27680000000002,results/r2-emoa/cifar100/2026-09-11_11-57-11_65381509/search/
r2-emoa,cifar100,FGSM,80,r2,0.21116158511748892,results/r2-emoa/cifar100/2026-09-11_11-57-11_65381509/search/
r2-emoa,cifar100,FGSM,80,hv_2obj,23.15746412563731,results/r2-emoa/cifar100/2026-09-11_11-57-11_65381509/search/
r2-emoa,cifar100,FGSM,120,hv,69408.80287763893,results/r2-emoa/cifar100/2026-09-11_11-57-11_65381509/search/
r2-emoa,cifar100,FGSM,120,hv_acc_2obj,56.23200000000004,results/r2-emoa/cifar100/2026-09-11_11-57-11_65381509/search/
r2-emoa,cifar100,FGSM,120,r2,0.2088981169895281,results/r2-emoa/cifar100/2026-09-11_11-57-11_65381509/search/
r2-emoa,cifar100,FGSM,120,hv_2obj,23.593227807116335,results/r2-emoa/cifar100/2026-09-11_11-57-11_65381509/search/
r2-emoa,cifar100,FGSM,160,hv,69657.21487100334,results/r2-emoa/cifar100/2026-09-11_11-57-11_65381509/search/
r2-emoa,cifar100,FGSM,160,hv_acc_2obj,58.481600000000014,results/r2-emoa/cifar100/2026-09-11_11-57-11_65381509/search/
r2-emoa,cifar100,FGSM,160,r2,0.2087625371492295,results/r2-emoa/cifar100/2026-09-11_11-57-11_65381509/search/
r2-emoa,cifar100,FGSM,160,hv_2obj,23.621283126794342,results/r2-emoa/cifar100/2026-09-11_11-57-11_65381509/search/
r2-emoa,cifar100,FGSM,200,hv,70891.73171750046,results/r2-emoa/cifar100/2026-09-11_11-57-11_65381509/search/
r2-emoa,cifar100,FGSM,200,hv_acc_2obj,64.3168,results/r2-emoa/cifar100/2026-09-11_11-57-11_65381509/search/
r2-emoa,cifar100,FGSM,200,r2,0.2069988621001922,results/r2-emoa/cifar100/2026-09-11_11-57-11_65381509/search/
r2-emoa,cifar100,FGSM,200,hv_2obj,23.955406126708308,results/r2-emoa/cifar100/2026-09-11_11-57-11_65381509/search/
r2-emoa,cifar100,FGSM,240,hv,71093.10135054638,results/r2-emoa/cifar100/2026-09-11_11-57-11_65381509/search/
r2-emoa,cifar100,FGSM,240,hv_acc_2obj,64.5888,results/r2-emoa/cifar100/2026-09-11_11-57-11_65381509/search/
r2-emoa,cifar100,FGSM,240,r2,0.2069811565526965,results/r2-emoa/cifar100/2026-09-11_11-57-11_65381509/search/
r2-emoa,cifar100,FGSM,240,hv_2obj,23.957245497936608,results/r2-emoa/cifar100/2026-09-11_11-57-11_65381509/search/
r2-emoa,cifar100,FGSM,280,hv,71116.94665931597,results/r2-emoa/cifar100/2026-09-11_11-57-11_65381509/search/
r2-emoa,cifar100,FGSM,280,hv_acc_2obj,65.0228,results/r2-emoa/cifar100/2026-09-11_11-57-11_65381509/search/
r2-emoa,cifar100,FGSM,280,r2,0.20697635150851723,results/r2-emoa/cifar100/2026-09-11_11-57-11_65381509/search/
r2-emoa,cifar100,FGSM,280,hv_2obj,23.960321286400692,results/r2-emoa/cifar100/2026-09-11_11-57-11_65381509/search/
r2-emoa,cifar100,FGSM,320,hv,71327.9723320297,results/r2-emoa/cifar100/2026-09-11_11-57-11_65381509/search/
r2-emoa,cifar100,FGSM,320,hv_acc_2obj,70.466,results/r2-emoa/cifar100/2026-09-11_11-57-11_65381509/search/
r2-emoa,cifar100,FGSM,320,r2,0.2067222235816851,results/r2-emoa/cifar100/2026-09-11_11-57-11_65381509/search/
r2-emoa,cifar100,FGSM,320,hv_2obj,24.01655354099671,results/r2-emoa/cifar100/2026-09-11_11-57-11_65381509/search/
r2-emoa,cifar100,FGSM,360,hv,71505.0109535185,results/r2-emoa/cifar100/2026-09-11_11-57-11_65381509/search/
r2-emoa,cifar100,FGSM,360,hv_acc_2obj,70.7024,results/r2-emoa/cifar100/2026-09-11_11-57-11_65381509/search/
r2-emoa,cifar100,FGSM,360,r2,0.20640203496796214,results/r2-emoa/cifar100/2026-09-11_11-57-11_65381509/search/
r2-emoa,cifar100,FGSM,360,hv_2obj,24.077428886872543,results/r2-emoa/cifar100/2026-09-11_11-57-11_65381509/search/
r2-emoa,cifar100,FGSM,400,hv,72126.33095094151,results/r2-emoa/cifar100/2026-09-11_11-57-11_65381509/search/
r2-emoa,cifar100,FGSM,400,hv_acc_2obj,72.02680000000001,results/r2-emoa/cifar100/2026-09-11_11-57-11_65381509/search/
r2-emoa,cifar100,FGSM,400,r2,0.2054366969739045,results/r2-emoa/cifar100/2026-09-11_11-57-11_65381509/search/
r2-emoa,cifar100,FGSM,400,hv_2obj,24.26828241257539,results/r2-emoa/cifar100/2026-09-11_11-57-11_65381509/search/
r2-emoa,cifar100,FGSM,440,hv,72831.32603502278,results/r2-emoa/cifar100/2026-09-11_11-57-11_65381509/search/
r2-emoa,cifar100,FGSM,440,hv_acc_2obj,73.45439999999995,results/r2-emoa/cifar100/2026-09-11_11-57-11_65381509/search/
r2-emoa,cifar100,FGSM,440,r2,0.2041996605458666,results/r2-emoa/cifar100/2026-09-11_11-57-11_65381509/search/
r2-emoa,cifar100,FGSM,440,hv_2obj,24.51051760190439,results/r2-emoa/cifar100/2026-09-11_11-57-11_65381509/search/
r2-emoa,cifar100,FGSM,480,hv,73116.2138357769,results/r2-emoa/cifar100/2026-09-11_11-57-11_65381509/search/
r2-emoa,cifar100,FGSM,480,hv_acc_2obj,75.0252,results/r2-emoa/cifar100/2026-09-11_11-57-11_65381509/search/
r2-emoa,cifar100,FGSM,480,r2,0.2036957739268895,results/r2-emoa/cifar100/2026-09-11_11-57-11_65381509/search/
r2-emoa,cifar100,FGSM,480,hv_2obj,24.60899446899515,results/r2-emoa/cifar100/2026-09-11_11-57-11_65381509/search/
r2-emoa,cifar100,FGSM,520,hv,73132.48971872045,results/r2-emoa/cifar100/2026-09-11_11-57-11_65381509/search/
r2-emoa,cifar100,FGSM,520,hv_acc_2obj,75.0252,results/r2-emoa/cifar100/2026-09-11_11-57-11_65381509/search/
r2-emoa,cifar100,FGSM,520,r2,0.20368384663028985,results/r2-emoa/cifar100/2026-09-11_11-57-11_65381509/search/
r2-emoa,cifar100,FGSM,520,hv_2obj,24.60996006320487,results/r2-emoa/cifar100/2026-09-11_11-57-11_65381509/search/
r2-emoa,cifar100,FGSM,560,hv,73136.51270416827,results/r2-emoa/cifar100/2026-09-11_11-57-11_65381509/search/
r2-emoa,cifar100,FGSM,560,hv_acc_2obj,77.28240000000001,results/r2-emoa/cifar100/2026-09-11_11-57-11_65381509/search/
r2-emoa,cifar100,FGSM,560,r2,0.20368384663028985,results/r2-emoa/cifar100/2026-09-11_11-57-11_65381509/search/
r2-emoa,cifar100,FGSM,560,hv_2obj,24.60996006320487,results/r2-emoa/cifar100/2026-09-11_11-57-11_65381509/search/
r2-emoa,cifar100,FGSM,600,hv,73136.52927152201,results/r2-emoa/cifar100/2026-09-11_11-57-11_65381509/search/
r2-emoa,cifar100,FGSM,600,hv_acc_2obj,77.28240000000001,results/r2-emoa/cifar100/2026-09-11_11-57-11_65381509/search/
r2-emoa,cifar100,FGSM,600,r2,0.20368384663028985,results/r2-emoa/cifar100/2026-09-11_11-57-11_65381509/search/
r2-emoa,cifar100,FGSM,600,hv_2obj,24.60996006320487,results/r2-emoa/cifar100/2026-09-11_11-57-11_65381509/search/
r2-emoa,cifar100,FGSM,640,hv,73233.42591068092,results/r2-emoa/cifar100/2026-09-11_11-57-11_65381509/search/
r2-emoa,cifar100,FGSM,640,hv_acc_2obj,77.28240000000001,results/r2-emoa/cifar100/2026-09-11_11-57-11_65381509/search/
r2-emoa,cifar100,FGSM,640,r2,0.20368384663028985,results/r2-emoa/cifar100/2026-09-11_11-57-11_65381509/search/
r2-emoa,cifar100,FGSM,640,hv_2obj,24.60996006320487,results/r2-emoa/cifar100/2026-09-11_11-57-11_65381509/search/
r2-emoa,cifar100,FGSM,680,hv,73235.24431728697,results/r2-emoa/cifar100/2026-09-11_11-57-11_65381509/search/
r2-emoa,cifar100,FGSM,680,hv_acc_2obj,77.28240000000001,results/r2-emoa/cifar100/2026-09-11_11-57-11_65381509/search/
r2-emoa,cifar100,FGSM,680,r2,0.20368384663028985,results/r2-emoa/cifar100/2026-09-11_11-57-11_65381509/search/
r2-emoa,cifar100,FGSM,680,hv_2obj,24.60996006320487,results/r2-emoa/cifar100/2026-09-11_11-57-11_65381509/search/
r2-emoa,cifar100,FGSM,720,hv,73525.7592338946,results/r2-emoa/cifar100/2026-09-11_11-57-11_65381509/search/
r2-emoa,cifar100,FGSM,720,hv_acc_2obj,79.31320000000004,results/r2-emoa/cifar100/2026-09-11_11-57-11_65381509/search/
r2-emoa,cifar100,FGSM,720,r2,0.20318810870930318,results/r2-emoa/cifar100/2026-09-11_11-57-11_65381509/search/
r2-emoa,cifar100,FGSM,720,hv_2obj,24.706842660355232,results/r2-emoa/cifar100/2026-09-11_11-57-11_65381509/search/
r2-emoa,cifar100,FGSM,760,hv,74437.08314900029,results/r2-emoa/cifar100/2026-09-11_11-57-11_65381509/search/
r2-emoa,cifar100,FGSM,760,hv_acc_2obj,88.1908,results/r2-emoa/cifar100/2026-09-11_11-57-11_65381509/search/
r2-emoa,cifar100,FGSM,760,r2,0.20159366628261663,results/r2-emoa/cifar100/2026-09-11_11-57-11_65381509/search/
r2-emoa,cifar100,FGSM,760,hv_2obj,25.020178499606807,results/r2-emoa/cifar100/2026-09-11_11-57-11_65381509/search/
r2-emoa,cifar100,FGSM,800,hv,74439.70390610083,results/r2-emoa/cifar100/2026-09-11_11-57-11_65381509/search/
r2-emoa,cifar100,FGSM,800,hv_acc_2obj,88.1908,results/r2-emoa/cifar100/2026-09-11_11-57-11_65381509/search/
r2-emoa,cifar100,FGSM,800,r2,0.20159366628261663,results/r2-emoa/cifar100/2026-09-11_11-57-11_65381509/search/
r2-emoa,cifar100,FGSM,800,hv_2obj,25.020178499606807,results/r2-emoa/cifar100/2026-09-11_11-57-11_65381509/search/
r2-emoa,cifar100,FGSM,840,hv,74439.74822757815,results/r2-emoa/cifar100/2026-09-11_11-57-11_65381509/search/
r2-emoa,cifar100,FGSM,840,hv_acc_2obj,88.1908,results/r2-emoa/cifar100/2026-09-11_11-57-11_65381509/search/
r2-emoa,cifar100,FGSM,840,r2,0.20159366628261663,results/r2-emoa/cifar100/2026-09-11_11-57-11_65381509/search/
r2-emoa,cifar100,FGSM,840,hv_2obj,25.020178499606807,results/r2-emoa/cifar100/2026-09-11_11-57-11_65381509/search/
r2-emoa,cifar100,FGSM,880,hv,74440.34366436525,results/r2-emoa/cifar100/2026-09-11_11-57-11_65381509/search/
r2-emoa,cifar100,FGSM,880,hv_acc_2obj,88.1908,results/r2-emoa/cifar100/2026-09-11_11-57-11_65381509/search/
r2-emoa,cifar100,FGSM,880,r2,0.20159366628261663,results/r2-emoa/cifar100/2026-09-11_11-57-11_65381509/search/
r2-emoa,cifar100,FGSM,880,hv_2obj,25.020178499606807,results/r2-emoa/cifar100/2026-09-11_11-57-11_65381509/search/
r2-emoa,cifar100,FGSM,920,hv,74440.40553539932,results/r2-emoa/cifar100/2026-09-11_11-57-11_65381509/search/
r2-emoa,cifar100,FGSM,920,hv_acc_2obj,88.1908,results/r2-emoa/cifar100/2026-09-11_11-57-11_65381509/search/
r2-emoa,cifar100,FGSM,920,r2,0.20159366628261663,results/r2-emoa/cifar100/2026-09-11_11-57-11_65381509/search/
r2-emoa,cifar100,FGSM,920,hv_2obj,25.020178499606807,results/r2-emoa/cifar100/2026-09-11_11-57-11_65381509/search/
r2-emoa,cifar100,FGSM,960,hv,74440.40820419435,results/r2-emoa/cifar100/2026-09-11_11-57-11_65381509/search/
r2-emoa,cifar100,FGSM,960,hv_acc_2obj,88.1908,results/r2-emoa/cifar100/2026-09-11_11-57-11_65381509/search/
r2-emoa,cifar100,FGSM,960,r2,0.20159366628261663,results/r2-emoa/cifar100/2026-09-11_11-57-11_65381509/search/
r2-emoa,cifar100,FGSM,960,hv_2obj,25.020178499606807,results/r2-emoa/cifar100/2026-09-11_11-57-11_65381509/search/
r2-emoa,cifar100,FGSM,1000,hv,74441.25318057417,results/r2-emoa/cifar100/2026-09-11_11-57-11_65381509/search/
r2-emoa,cifar100,FGSM,1000,hv_acc_2obj,88.1908,results/r2-emoa/cifar100/2026-09-11_11-57-11_65381509/search/
r2-emoa,cifar100,FGSM,1000,r2,0.20159366628261663,results/r2-emoa/cifar100/2026-09-11_11-57-11_65381509/search/
r2-emoa,cifar100,FGSM,1000,hv_2obj,25.020178499606807,results/r2-emoa/cifar100/2026-09-11_11-57-11_65381509/search/
r2-emoa,cifar100,FGSM,1040,hv,74441.34204192628,results/r2-emoa/cifar100/2026-09-11_11-57-11_65381509/search/
r2-emoa,cifar100,FGSM,1040,hv_acc_2obj,88.1908,results/r2-emoa/cifar100/2026-09-11_11-57-11_65381509/search/
r2-emoa,cifar100,FGSM,1040,r2,0.20159366628261663,results/r2-emoa/cifar100/2026-09-11_11-57-11_65381509/search/
r2-emoa,cifar100,FGSM,1040,hv_2obj,25.020178499606807,results/r2-emoa/cifar100/2026-09-11_11-57-11_65381509/search/
r2-emoa,cifar100,FGSM,1080,hv,74441.34204192627,results/r2-emoa/cifar100/2026-09-11_11-57-11_65381509/search/
r2-emoa,cifar100,FGSM,1080,hv_acc_2obj,88.1908,results/r2-emoa/cifar100/2026-09-11_11-57-11_65381509/search/
r2-emoa,cifar100,FGSM,1080,r2,0.20159366628261663,results/r2-emoa/cifar100/2026-09-11_11-57-11_65381509/search/
r2-emoa,cifar100,FGSM,1080,hv_2obj,25.020178499606807,results/r2-emoa/cifar100/2026-09-11_11-57-11_65381509/search/
r2-emoa,cifar100,FGSM,1120,hv,74487.0907048271,results/r2-emoa/cifar100/2026-09-11_11-57-11_65381509/search/
r2-emoa,cifar100,FGSM,1120,hv_acc_2obj,88.1908,results/r2-emoa/cifar100/2026-09-11_11-57-11_65381509/search/
r2-emoa,cifar100,FGSM,1120,r2,0.20159366628261663,results/r2-emoa/cifar100/2026-09-11_11-57-11_65381509/search/
r2-emoa,cifar100,FGSM,1120,hv_2obj,25.020178499606807,results/r2-emoa/cifar100/2026-09-11_11-57-11_65381509/search/
r2-emoa,cifar100,FGSM,1160,hv,74487.22938509652,results/r2-emoa/cifar100/2026-09-11_11-57-11_65381509/search/
r2-emoa,cifar100,FGSM,1160,hv_acc_2obj,88.1908,results/r2-emoa/cifar100/2026-09-11_11-57-11_65381509/search/
r2-emoa,cifar100,FGSM,1160,r2,0.20159366628261663,results/r2-emoa/cifar100/2026-09-11_11-57-11_65381509/search/
r2-emoa,cifar100,FGSM,1160,hv_2obj,25.020178499606807,results/r2-emoa/cifar100/2026-09-11_11-57-11_65381509/search/
r2-emoa,cifar100,FGSM,1200,hv,74487.9512293509,results/r2-emoa/cifar100/2026-09-11_11-57-11_65381509/search/
r2-emoa,cifar100,FGSM,1200,hv_acc_2obj,88.1908,results/r2-emoa/cifar100/2026-09-11_11-57-11_65381509/search/
r2-emoa,cifar100,FGSM,1200,r2,0.20159366628261663,results/r2-emoa/cifar100/2026-09-11_11-57-11_65381509/search/
r2-emoa,cifar100,FGSM,1200,hv_2obj,25.020178499606807,results/r2-emoa/cifar100/2026-09-11_11-57-11_65381509/search/
r2-emoa,cifar100,FGSM,1240,hv,74490.39071728692,results/r2-emoa/cifar100/2026-09-11_11-57-11_65381509/search/
r2-emoa,cifar100,FGSM,1240,hv_acc_2obj,88.1908,results/r2-emoa/cifar100/2026-09-11_11-57-11_65381509/search/
r2-emoa,cifar100,FGSM,1240,r2,0.20159366628261663,results/r2-emoa/cifar100/2026-09-11_11-57-11_65381509/search/
r2-emoa,cifar100,FGSM,1240,hv_2obj,25.020178499606807,results/r2-emoa/cifar100/2026-09-11_11-57-11_65381509/search/
r2-emoa,cifar100,FGSM,40,hv,68693.94237451027,results/r2-emoa/cifar100/2026-09-11_17-36-00_27293207/search/
r2-emoa,cifar100,FGSM,40,hv_acc_2obj,47.67839999999998,results/r2-emoa/cifar100/2026-09-11_17-36-00_27293207/search/
r2-emoa,cifar100,FGSM,40,r2,0.20942485608315514,results/r2-emoa/cifar100/2026-09-11_17-36-00_27293207/search/
r2-emoa,cifar100,FGSM,40,hv_2obj,23.494944370674776,results/r2-emoa/cifar100/2026-09-11_17-36-00_27293207/search/
r2-emoa,cifar100,FGSM,80,hv,69033.76677451047,results/r2-emoa/cifar100/2026-09-11_17-36-00_27293207/search/
r2-emoa,cifar100,FGSM,80,hv_acc_2obj,47.67839999999998,results/r2-emoa/cifar100/2026-09-11_17-36-00_27293207/search/
r2-emoa,cifar100,FGSM,80,r2,0.20920351820125144,results/r2-emoa/cifar100/2026-09-11_17-36-00_27293207/search/
r2-emoa,cifar100,FGSM,80,hv_2obj,23.535529241567758,results/r2-emoa/cifar100/2026-09-11_17-36-00_27293207/search/
r2-emoa,cifar100,FGSM,120,hv,69371.2605753811,results/r2-emoa/cifar100/2026-09-11_17-36-00_27293207/search/
r2-emoa,cifar100,FGSM,120,hv_acc_2obj,50.41999999999995,results/r2-emoa/cifar100/2026-09-11_17-36-00_27293207/search/
r2-emoa,cifar100,FGSM,120,r2,0.20920351820125144,results/r2-emoa/cifar100/2026-09-11_17-36-00_27293207/search/
r2-emoa,cifar100,FGSM,120,hv_2obj,23.535529241567758,results/r2-emoa/cifar100/2026-09-11_17-36-00_27293207/search/
r2-emoa,cifar100,FGSM,160,hv,69891.39258567024,results/r2-emoa/cifar100/2026-09-11_17-36-00_27293207/search/
r2-emoa,cifar100,FGSM,160,hv_acc_2obj,50.936799999999934,results/r2-emoa/cifar100/2026-09-11_17-36-00_27293207/search/
r2-emoa,cifar100,FGSM,160,r2,0.20832024938033528,results/r2-emoa/cifar100/2026-09-11_17-36-00_27293207/search/
r2-emoa,cifar100,FGSM,160,hv_2obj,23.703449701997766,results/r2-emoa/cifar100/2026-09-11_17-36-00_27293207/search/
r2-emoa,cifar100,FGSM,200,hv,70042.22777514449,results/r2-emoa/cifar100/2026-09-11_17-36-00_27293207/search/
r2-emoa,cifar100,FGSM,200,hv_acc_2obj,59.07999999999996,results/r2-emoa/cifar100/2026-09-11_17-36-00_27293207/search/
r2-emoa,cifar100,FGSM,200,r2,0.20807357071666693,results/r2-emoa/cifar100/2026-09-11_17-36-00_27293207/search/
r2-emoa,cifar100,FGSM,200,hv_2obj,23.752460762999668,results/r2-emoa/cifar100/2026-09-11_17-36-00_27293207/search/
r2-emoa,cifar100,FGSM,240,hv,70365.34327844046,results/r2-emoa/cifar100/2026-09-11_17-36-00_27293207/search/
r2-emoa,cifar100,FGSM,240,hv_acc_2obj,62.39759999999994,results/r2-emoa/cifar100/2026-09-11_17-36-00_27293207/search/
r2-emoa,cifar100,FGSM,240,r2,0.2075755769834781,results/r2-emoa/cifar100/2026-09-11_17-36-00_27293207/search/
r2-emoa,cifar100,FGSM,240,hv_2obj,23.849711862051066,results/r2-emoa/cifar100/2026-09-11_17-36-00_27293207/search/
r2-emoa,cifar100,FGSM,280,hv,71482.5867538005,results/r2-emoa/cifar100/2026-09-11_17-36-00_27293207/search/
r2-emoa,cifar100,FGSM,280,hv_acc_2obj,66.62879999999994,results/r2-emoa/cifar100/2026-09-11_17-36-00_27293207/search/
r2-emoa,cifar100,FGSM,280,r2,0.20565493933038761,results/r2-emoa/cifar100/2026-09-11_17-36-00_27293207/search/
r2-emoa,cifar100,FGSM,280,hv_2obj,24.222517760958617,results/r2-emoa/cifar100/2026-09-11_17-36-00_27293207/search/
r2-emoa,cifar100,FGSM,320,hv,71788.46763841512,results/r2-emoa/cifar100/2026-09-11_17-36-00_27293207/search/
r2-emoa,cifar100,FGSM,320,hv_acc_2obj,66.62879999999994,results/r2-emoa/cifar100/2026-09-11_17-36-00_27293207/search/
r2-emoa,cifar100,FGSM,320,r2,0.20565493933038761,results/r2-emoa/cifar100/2026-09-11_17-36-00_27293207/search/
r2-emoa,cifar100,FGSM,320,hv_2obj,24.223071487754318,results/r2-emoa/cifar100/2026-09-11_17-36-00_27293207/search/
r2-emoa,cifar100,FGSM,360,hv,71999.83627418593,results/r2-emoa/cifar100/2026-09-11_17-36-00_27293207/search/
r2-emoa,cifar100,FGSM,360,hv_acc_2obj,67.18679999999993,results/r2-emoa/cifar100/2026-09-11_17-36-00_27293207/search/
r2-emoa,cifar100,FGSM,360,r2,0.20533021467539814,results/r2-emoa/cifar100/2026-09-11_17-36-00_27293207/search/
r2-emoa,cifar100,FGSM,360,hv_2obj,24.28543303831727,results/r2-emoa/cifar100/2026-09-11_17-36-00_27293207/search/
r2-emoa,cifar100,FGSM,400,hv,72017.27584163105,results/r2-emoa/cifar100/2026-09-11_17-36-00_27293207/search/
r2-emoa,cifar100,FGSM,400,hv_acc_2obj,67.18679999999993,results/r2-emoa/cifar100/2026-09-11_17-36-00_27293207/search/
r2-emoa,cifar100,FGSM,400,r2,0.20533021467539814,results/r2-emoa/cifar100/2026-09-11_17-36-00_27293207/search/
r2-emoa,cifar100,FGSM,400,hv_2obj,24.28543303831727,results/r2-emoa/cifar100/2026-09-11_17-36-00_27293207/search/
r2-emoa,cifar100,FGSM,440,hv,72065.53012159247,results/r2-emoa/cifar100/2026-09-11_17-36-00_27293207/search/
r2-emoa,cifar100,FGSM,440,hv_acc_2obj,68.57879999999994,results/r2-emoa/cifar100/2026-09-11_17-36-00_27293207/search/
r2-emoa,cifar100,FGSM,440,r2,0.20525304842486328,results/r2-emoa/cifar100/2026-09-11_17-36-00_27293207/search/
r2-emoa,cifar100,FGSM,440,hv_2obj,24.300796161954757,results/r2-emoa/cifar100/2026-09-11_17-36-00_27293207/search/
r2-emoa,cifar100,FGSM,480,hv,72129.72819950907,results/r2-emoa/cifar100/2026-09-11_17-36-00_27293207/search/
r2-emoa,cifar100,FGSM,480,hv_acc_2obj,69.09640000000003,results/r2-emoa/cifar100/2026-09-11_17-36-00_27293207/search/
r2-emoa,cifar100,FGSM,480,r2,0.20525304842486328,results/r2-emoa/cifar100/2026-09-11_17-36-00_27293207/search/
r2-emoa,cifar100,FGSM,480,hv_2obj,24.300796161954757,results/r2-emoa/cifar100/2026-09-11_17-36-00_27293207/search/
r2-emoa,cifar100,FGSM,520,hv,72146.54921249811,results/r2-emoa/cifar100/2026-09-11_17-36-00_27293207/search/
r2-emoa,cifar100,FGSM,520,hv_acc_2obj,69.09640000000003,results/r2-emoa/cifar100/2026-09-11_17-36-00_27293207/search/
r2-emoa,cifar100,FGSM,520,r2,0.20525304842486328,results/r2-emoa/cifar100/2026-09-11_17-36-00_27293207/search/
r2-emoa,cifar100,FGSM,520,hv_2obj,24.300796161954757,results/r2-emoa/cifar100/2026-09-11_17-36-00_27293207/search/
r2-emoa,cifar100,FGSM,560,hv,72266.53037673539,results/r2-emoa/cifar100/2026-09-11_17-36-00_27293207/search/
r2-emoa,cifar100,FGSM,560,hv_acc_2obj,69.09640000000003,results/r2-emoa/cifar100/2026-09-11_17-36-00_27293207/search/
r2-emoa,cifar100,FGSM,560,r2,0.20525304842486328,results/r2-emoa/cifar100/2026-09-11_17-36-00_27293207/search/
r2-emoa,cifar100,FGSM,560,hv_2obj,24.300796161954757,results/r2-emoa/cifar100/2026-09-11_17-36-00_27293207/search/
r2-emoa,cifar100,FGSM,600,hv,72289.40653835314,results/r2-emoa/cifar100/2026-09-11_17-36-00_27293207/search/
r2-emoa,cifar100,FGSM,600,hv_acc_2obj,69.09640000000003,results/r2-emoa/cifar100/2026-09-11_17-36-00_27293207/search/
r2-emoa,cifar100,FGSM,600,r2,0.20524066185678094,results/r2-emoa/cifar100/2026-09-11_17-36-00_27293207/search/
r2-emoa,cifar100,FGSM,600,hv_2obj,24.303209961001645,results/r2-emoa/cifar100/2026-09-11_17-36-00_27293207/search/
r2-emoa,cifar100,FGSM,640,hv,72342.88438314605,results/r2-emoa/cifar100/2026-09-11_17-36-00_27293207/search/
r2-emoa,cifar100,FGSM,640,hv_acc_2obj,69.40119999999997,results/r2-emoa/cifar100/2026-09-11_17-36-00_27293207/search/
r2-emoa,cifar100,FGSM,640,r2,0.20524066185678094,results/r2-emoa/cifar100/2026-09-11_17-36-00_27293207/search/
r2-emoa,cifar100,FGSM,640,hv_2obj,24.303653853873982,results/r2-emoa/cifar100/2026-09-11_17-36-00_27293207/search/
r2-emoa,cifar100,FGSM,680,hv,72346.1646749827,results/r2-emoa/cifar100/2026-09-11_17-36-00_27293207/search/
r2-emoa,cifar100,FGSM,680,hv_acc_2obj,69.40119999999997,results/r2-emoa/cifar100/2026-09-11_17-36-00_27293207/search/
r2-emoa,cifar100,FGSM,680,r2,0.20524066185678094,results/r2-emoa/cifar100/2026-09-11_17-36-00_27293207/search/
r2-emoa,cifar100,FGSM,680,hv_2obj,24.303653853873982,results/r2-emoa/cifar100/2026-09-11_17-36-00_27293207/search/
r2-emoa,cifar100,FGSM,720,hv,72347.43218969843,results/r2-emoa/cifar100/2026-09-11_17-36-00_27293207/search/
r2-emoa,cifar100,FGSM,720,hv_acc_2obj,69.40119999999997,results/r2-emoa/cifar100/2026-09-11_17-36-00_27293207/search/
r2-emoa,cifar100,FGSM,720,r2,0.20524066185678094,results/r2-emoa/cifar100/2026-09-11_17-36-00_27293207/search/
r2-emoa,cifar100,FGSM,720,hv_2obj,24.303653853873982,results/r2-emoa/cifar100/2026-09-11_17-36-00_27293207/search/
r2-emoa,cifar100,FGSM,760,hv,72349.3606383593,results/r2-emoa/cifar100/2026-09-11_17-36-00_27293207/search/
r2-emoa,cifar100,FGSM,760,hv_acc_2obj,69.40119999999997,results/r2-emoa/cifar100/2026-09-11_17-36-00_27293207/search/
r2-emoa,cifar100,FGSM,760,r2,0.20524066185678094,results/r2-emoa/cifar100/2026-09-11_17-36-00_27293207/search/
r2-emoa,cifar100,FGSM,760,hv_2obj,24.303653853873982,results/r2-emoa/cifar100/2026-09-11_17-36-00_27293207/search/
r2-emoa,cifar100,FGSM,800,hv,72365.57616929013,results/r2-emoa/cifar100/2026-09-11_17-36-00_27293207/search/
r2-emoa,cifar100,FGSM,800,hv_acc_2obj,69.40119999999997,results/r2-emoa/cifar100/2026-09-11_17-36-00_27293207/search/
r2-emoa,cifar100,FGSM,800,r2,0.20521829313801496,results/r2-emoa/cifar100/2026-09-11_17-36-00_27293207/search/
r2-emoa,cifar100,FGSM,800,hv_2obj,24.30840406480362,results/r2-emoa/cifar100/2026-09-11_17-36-00_27293207/search/
r2-emoa,cifar100,FGSM,840,hv,72389.8918912213,results/r2-emoa/cifar100/2026-09-11_17-36-00_27293207/search/
r2-emoa,cifar100,FGSM,840,hv_acc_2obj,69.40119999999997,results/r2-emoa/cifar100/2026-09-11_17-36-00_27293207/search/
r2-emoa,cifar100,FGSM,840,r2,0.20521829313801496,results/r2-emoa/cifar100/2026-09-11_17-36-00_27293207/search/
r2-emoa,cifar100,FGSM,840,hv_2obj,24.30840406480362,results/r2-emoa/cifar100/2026-09-11_17-36-00_27293207/search/
r2-emoa,cifar100,FGSM,880,hv,72436.30404002004,results/r2-emoa/cifar100/2026-09-11_17-36-00_27293207/search/
r2-emoa,cifar100,FGSM,880,hv_acc_2obj,69.40119999999997,results/r2-emoa/cifar100/2026-09-11_17-36-00_27293207/search/
r2-emoa,cifar100,FGSM,880,r2,0.20521829313801496,results/r2-emoa/cifar100/2026-09-11_17-36-00_27293207/search/
r2-emoa,cifar100,FGSM,880,hv_2obj,24.30840406480362,results/r2-emoa/cifar100/2026-09-11_17-36-00_27293207/search/
r2-emoa,cifar100,FGSM,920,hv,72444.8388993428,results/r2-emoa/cifar100/2026-09-11_17-36-00_27293207/search/
r2-emoa,cifar100,FGSM,920,hv_acc_2obj,69.40119999999997,results/r2-emoa/cifar100/2026-09-11_17-36-00_27293207/search/
r2-emoa,cifar100,FGSM,920,r2,0.20521829313801496,results/r2-emoa/cifar100/2026-09-11_17-36-00_27293207/search/
r2-emoa,cifar100,FGSM,920,hv_2obj,24.30840406480362,results/r2-emoa/cifar100/2026-09-11_17-36-00_27293207/search/
r2-emoa,cifar100,FGSM,960,hv,72450.07553225452,results/r2-emoa/cifar100/2026-09-11_17-36-00_27293207/search/
r2-emoa,cifar100,FGSM,960,hv_acc_2obj,70.02399999999997,results/r2-emoa/cifar100/2026-09-11_17-36-00_27293207/search/
r2-emoa,cifar100,FGSM,960,r2,0.20521829313801496,results/r2-emoa/cifar100/2026-09-11_17-36-00_27293207/search/
r2-emoa,cifar100,FGSM,960,hv_2obj,24.30840406480362,results/r2-emoa/cifar100/2026-09-11_17-36-00_27293207/search/
r2-emoa,cifar100,FGSM,1000,hv,73551.05608945056,results/r2-emoa/cifar100/2026-09-11_17-36-00_27293207/search/
r2-emoa,cifar100,FGSM,1000,hv_acc_2obj,77.22639999999998,results/r2-emoa/cifar100/2026-09-11_17-36-00_27293207/search/
r2-emoa,cifar100,FGSM,1000,r2,0.20328974207140532,results/r2-emoa/cifar100/2026-09-11_17-36-00_27293207/search/
r2-emoa,cifar100,FGSM,1000,hv_2obj,24.687267785633104,results/r2-emoa/cifar100/2026-09-11_17-36-00_27293207/search/
r2-emoa,cifar100,FGSM,1040,hv,74165.01981670175,results/r2-emoa/cifar100/2026-09-11_17-36-00_27293207/search/
r2-emoa,cifar100,FGSM,1040,hv_acc_2obj,78.54599999999995,results/r2-emoa/cifar100/2026-09-11_17-36-00_27293207/search/
r2-emoa,cifar100,FGSM,1040,r2,0.20224325693645023,results/r2-emoa/cifar100/2026-09-11_17-36-00_27293207/search/
r2-emoa,cifar100,FGSM,1040,hv_2obj,24.894351555429445,results/r2-emoa/cifar100/2026-09-11_17-36-00_27293207/search/
r2-emoa,cifar100,FGSM,1080,hv,74170.04886428609,results/r2-emoa/cifar100/2026-09-11_17-36-00_27293207/search/
r2-emoa,cifar100,FGSM,1080,hv_acc_2obj,78.55719999999994,results/r2-emoa/cifar100/2026-09-11_17-36-00_27293207/search/
r2-emoa,cifar100,FGSM,1080,r2,0.20224325693645023,results/r2-emoa/cifar100/2026-09-11_17-36-00_27293207/search/
r2-emoa,cifar100,FGSM,1080,hv_2obj,24.8958902425615,results/r2-emoa/cifar100/2026-09-11_17-36-00_27293207/search/
r2-emoa,cifar100,FGSM,1120,hv,74170.45778495468,results/r2-emoa/cifar100/2026-09-11_17-36-00_27293207/search/
r2-emoa,cifar100,FGSM,1120,hv_acc_2obj,78.55719999999994,results/r2-emoa/cifar100/2026-09-11_17-36-00_27293207/search/
r2-emoa,cifar100,FGSM,1120,r2,0.20224325693645023,results/r2-emoa/cifar100/2026-09-11_17-36-00_27293207/search/
r2-emoa,cifar100,FGSM,1120,hv_2obj,24.8958902425615,results/r2-emoa/cifar100/2026-09-11_17-36-00_27293207/search/
r2-emoa,cifar100,FGSM,1160,hv,74171.01586356948,results/r2-emoa/cifar100/2026-09-11_17-36-00_27293207/search/
r2-emoa,cifar100,FGSM,1160,hv_acc_2obj,78.55719999999994,results/r2-emoa/cifar100/2026-09-11_17-36-00_27293207/search/
r2-emoa,cifar100,FGSM,1160,r2,0.20224325693645023,results/r2-emoa/cifar100/2026-09-11_17-36-00_27293207/search/
r2-emoa,cifar100,FGSM,1160,hv_2obj,24.8958902425615,results/r2-emoa/cifar100/2026-09-11_17-36-00_27293207/search/
r2-emoa,cifar100,FGSM,1200,hv,74179.54627034198,results/r2-emoa/cifar100/2026-09-11_17-36-00_27293207/search/
r2-emoa,cifar100,FGSM,1200,hv_acc_2obj,78.55719999999994,results/r2-emoa/cifar100/2026-09-11_17-36-00_27293207/search/
r2-emoa,cifar100,FGSM,1200,r2,0.20223119968324776,results/r2-emoa/cifar100/2026-09-11_17-36-00_27293207/search/
r2-emoa,cifar100,FGSM,1200,hv_2obj,24.897500123912305,results/r2-emoa/cifar100/2026-09-11_17-36-00_27293207/search/
r2-emoa,cifar100,FGSM,1240,hv,74182.21290605648,results/r2-emoa/cifar100/2026-09-11_17-36-00_27293207/search/
r2-emoa,cifar100,FGSM,1240,hv_acc_2obj,78.55719999999994,results/r2-emoa/cifar100/2026-09-11_17-36-00_27293207/search/
r2-emoa,cifar100,FGSM,1240,r2,0.20223119968324776,results/r2-emoa/cifar100/2026-09-11_17-36-00_27293207/search/
r2-emoa,cifar100,FGSM,1240,hv_2obj,24.897500123912305,results/r2-emoa/cifar100/2026-09-11_17-36-00_27293207/search/
r2-emoa,cifar100,FGSM,40,hv,67656.62111882567,results/r2-emoa/cifar100/2026-09-11_23-18-18_27522793/search/
r2-emoa,cifar100,FGSM,40,hv_acc_2obj,43.21119999999995,results/r2-emoa/cifar100/2026-09-11_23-18-18_27522793/search/
r2-emoa,cifar100,FGSM,40,r2,0.21134104828480854,results/r2-emoa/cifar100/2026-09-11_23-18-18_27522793/search/
r2-emoa,cifar100,FGSM,40,hv_2obj,23.130479339319265,results/r2-emoa/cifar100/2026-09-11_23-18-18_27522793/search/
r2-emoa,cifar100,FGSM,80,hv,68372.8515478517,results/r2-emoa/cifar100/2026-09-11_23-18-18_27522793/search/
r2-emoa,cifar100,FGSM,80,hv_acc_2obj,44.01599999999995,results/r2-emoa/cifar100/2026-09-11_23-18-18_27522793/search/
r2-emoa,cifar100,FGSM,80,r2,0.2105859000477607,results/r2-emoa/cifar100/2026-09-11_23-18-18_27522793/search/
r2-emoa,cifar100,FGSM,80,hv_2obj,23.271547149217373,results/r2-emoa/cifar100/2026-09-11_23-18-18_27522793/search/
r2-emoa,cifar100,FGSM,120,hv,68495.95556425063,results/r2-emoa/cifar100/2026-09-11_23-18-18_27522793/search/
r2-emoa,cifar100,FGSM,120,hv_acc_2obj,49.66159999999995,results/r2-emoa/cifar100/2026-09-11_23-18-18_27522793/search/
r2-emoa,cifar100,FGSM,120,r2,0.21056526774965909,results/r2-emoa/cifar100/2026-09-11_23-18-18_27522793/search/
r2-emoa,cifar100,FGSM,120,hv_2obj,23.274573911978383,results/r2-emoa/cifar100/2026-09-11_23-18-18_27522793/search/
r2-emoa,cifar100,FGSM,160,hv,69606.40672702511,results/r2-emoa/cifar100/2026-09-11_23-18-18_27522793/search/
r2-emoa,cifar100,FGSM,160,hv_acc_2obj,54.45679999999996,results/r2-emoa/cifar100/2026-09-11_23-18-18_27522793/search/
r2-emoa,cifar100,FGSM,160,r2,0.2087837682467529,results/r2-emoa/cifar100/2026-09-11_23-18-18_27522793/search/
r2-emoa,cifar100,FGSM,160,hv_2obj,23.614044838816827,results/r2-emoa/cifar100/2026-09-11_23-18-18_27522793/search/
r2-emoa,cifar100,FGSM,200,hv,69802.33832980737,results/r2-emoa/cifar100/2026-09-11_23-18-18_27522793/search/
r2-emoa,cifar100,FGSM,200,hv_acc_2obj,55.02439999999995,results/r2-emoa/cifar100/2026-09-11_23-18-18_27522793/search/
r2-emoa,cifar100,FGSM,200,r2,0.2084660159933552,results/r2-emoa/cifar100/2026-09-11_23-18-18_27522793/search/
r2-emoa,cifar100,FGSM,200,hv_2obj,23.674943300908893,results/r2-emoa/cifar100/2026-09-11_23-18-18_27522793/search/
r2-emoa,cifar100,FGSM,240,hv,69850.70647100787,results/r2-emoa/cifar100/2026-09-11_23-18-18_27522793/search/
r2-emoa,cifar100,FGSM,240,hv_acc_2obj,55.65399999999994,results/r2-emoa/cifar100/2026-09-11_23-18-18_27522793/search/
r2-emoa,cifar100,FGSM,240,r2,0.2084660159933552,results/r2-emoa/cifar100/2026-09-11_23-18-18_27522793/search/
r2-emoa,cifar100,FGSM,240,hv_2obj,23.674943300908893,results/r2-emoa/cifar100/2026-09-11_23-18-18_27522793/search/
r2-emoa,cifar100,FGSM,280,hv,69873.99786616139,results/r2-emoa/cifar100/2026-09-11_23-18-18_27522793/search/
r2-emoa,cifar100,FGSM,280,hv_acc_2obj,55.65399999999994,results/r2-emoa/cifar100/2026-09-11_23-18-18_27522793/search/
r2-emoa,cifar100,FGSM,280,r2,0.20845560078481057,results/r2-emoa/cifar100/2026-09-11_23-18-18_27522793/search/
r2-emoa,cifar100,FGSM,280,hv_2obj,23.681606252974113,results/r2-emoa/cifar100/2026-09-11_23-18-18_27522793/search/
r2-emoa,cifar100,FGSM,320,hv,70088.2542764392,results/r2-emoa/cifar100/2026-09-11_23-18-18_27522793/search/
r2-emoa,cifar100,FGSM,320,hv_acc_2obj,56.39999999999991,results/r2-emoa/cifar100/2026-09-11_23-18-18_27522793/search/
r2-emoa,cifar100,FGSM,320,r2,0.20810219563828897,results/r2-emoa/cifar100/2026-09-11_23-18-18_27522793/search/
r2-emoa,cifar100,FGSM,320,hv_2obj,23.747206482185817,results/r2-emoa/cifar100/2026-09-11_23-18-18_27522793/search/
r2-emoa,cifar100,FGSM,360,hv,70162.33312006053,results/r2-emoa/cifar100/2026-09-11_23-18-18_27522793/search/
r2-emoa,cifar100,FGSM,360,hv_acc_2obj,64.12480000000002,results/r2-emoa/cifar100/2026-09-11_23-18-18_27522793/search/
r2-emoa,cifar100,FGSM,360,r2,0.20810219563828897,results/r2-emoa/cifar100/2026-09-11_23-18-18_27522793/search/
r2-emoa,cifar100,FGSM,360,hv_2obj,23.747206482185817,results/r2-emoa/cifar100/2026-09-11_23-18-18_27522793/search/
r2-emoa,cifar100,FGSM,400,hv,72209.44797208295,results/r2-emoa/cifar100/2026-09-11_23-18-18_27522793/search/
r2-emoa,cifar100,FGSM,400,hv_acc_2obj,68.46480000000007,results/r2-emoa/cifar100/2026-09-11_23-18-18_27522793/search/
r2-emoa,cifar100,FGSM,400,r2,0.20459688614839983,results/r2-emoa/cifar100/2026-09-11_23-18-18_27522793/search/
r2-emoa,cifar100,FGSM,400,hv_2obj,24.41449436502477,results/r2-emoa/cifar100/2026-09-11_23-18-18_27522793/search/
r2-emoa,cifar100,FGSM,440,hv,72229.19460501528,results/r2-emoa/cifar100/2026-09-11_23-18-18_27522793/search/
r2-emoa,cifar100,FGSM,440,hv_acc_2obj,68.46480000000007,results/r2-emoa/cifar100/2026-09-11_23-18-18_27522793/search/
r2-emoa,cifar100,FGSM,440,r2,0.20459688614839983,results/r2-emoa/cifar100/2026-09-11_23-18-18_27522793/search/
r2-emoa,cifar100,FGSM,440,hv_2obj,24.419152541258885,results/r2-emoa/cifar100/2026-09-11_23-18-18_27522793/search/
r2-emoa,cifar100,FGSM,480,hv,72624.33033773892,results/r2-emoa/cifar100/2026-09-11_23-18-18_27522793/search/
r2-emoa,cifar100,FGSM,480,hv_acc_2obj,70.83359999999998,results/r2-emoa/cifar100/2026-09-11_23-18-18_27522793/search/
r2-emoa,cifar100,FGSM,480,r2,0.2042655276400497,results/r2-emoa/cifar100/2026-09-11_23-18-18_27522793/search/
r2-emoa,cifar100,FGSM,480,hv_2obj,24.485342206511266,results/r2-emoa/cifar100/2026-09-11_23-18-18_27522793/search/
r2-emoa,cifar100,FGSM,520,hv,72823.64011994281,results/r2-emoa/cifar100/2026-09-11_23-18-18_27522793/search/
r2-emoa,cifar100,FGSM,520,hv_acc_2obj,70.83359999999998,results/r2-emoa/cifar100/2026-09-11_23-18-18_27522793/search/
r2-emoa,cifar100,FGSM,520,r2,0.20425523559901332,results/r2-emoa/cifar100/2026-09-11_23-18-18_27522793/search/
r2-emoa,cifar100,FGSM,520,hv_2obj,24.48833547458886,results/r2-emoa/cifar100/2026-09-11_23-18-18_27522793/search/
r2-emoa,cifar100,FGSM,560,hv,72838.41504794982,results/r2-emoa/cifar100/2026-09-11_23-18-18_27522793/search/
r2-emoa,cifar100,FGSM,560,hv_acc_2obj,70.83359999999998,results/r2-emoa/cifar100/2026-09-11_23-18-18_27522793/search/
r2-emoa,cifar100,FGSM,560,r2,0.20425523559901332,results/r2-emoa/cifar100/2026-09-11_23-18-18_27522793/search/
r2-emoa,cifar100,FGSM,560,hv_2obj,24.48833547458886,results/r2-emoa/cifar100/2026-09-11_23-18-18_27522793/search/
r2-emoa,cifar100,FGSM,600,hv,72854.21608697684,results/r2-emoa/cifar100/2026-09-11_23-18-18_27522793/search/
r2-emoa,cifar100,FGSM,600,hv_acc_2obj,72.60000000000004,results/r2-emoa/cifar100/2026-09-11_23-18-18_27522793/search/
r2-emoa,cifar100,FGSM,600,r2,0.20425523559901332,results/r2-emoa/cifar100/2026-09-11_23-18-18_27522793/search/
r2-emoa,cifar100,FGSM,600,hv_2obj,24.493232541034523,results/r2-emoa/cifar100/2026-09-11_23-18-18_27522793/search/
r2-emoa,cifar100,FGSM,640,hv,72859.94509741018,results/r2-emoa/cifar100/2026-09-11_23-18-18_27522793/search/
r2-emoa,cifar100,FGSM,640,hv_acc_2obj,72.98000000000002,results/r2-emoa/cifar100/2026-09-11_23-18-18_27522793/search/
r2-emoa,cifar100,FGSM,640,r2,0.20425523559901332,results/r2-emoa/cifar100/2026-09-11_23-18-18_27522793/search/
r2-emoa,cifar100,FGSM,640,hv_2obj,24.493718948319398,results/r2-emoa/cifar100/2026-09-11_23-18-18_27522793/search/
r2-emoa,cifar100,FGSM,680,hv,72863.00299504632,results/r2-emoa/cifar100/2026-09-11_23-18-18_27522793/search/
r2-emoa,cifar100,FGSM,680,hv_acc_2obj,73.04800000000002,results/r2-emoa/cifar100/2026-09-11_23-18-18_27522793/search/
r2-emoa,cifar100,FGSM,680,r2,0.20425523559901332,results/r2-emoa/cifar100/2026-09-11_23-18-18_27522793/search/
r2-emoa,cifar100,FGSM,680,hv_2obj,24.493718948319398,results/r2-emoa/cifar100/2026-09-11_23-18-18_27522793/search/
r2-emoa,cifar100,FGSM,720,hv,72870.28210538023,results/r2-emoa/cifar100/2026-09-11_23-18-18_27522793/search/
r2-emoa,cifar100,FGSM,720,hv_acc_2obj,73.04800000000002,results/r2-emoa/cifar100/2026-09-11_23-18-18_27522793/search/
r2-emoa,cifar100,FGSM,720,r2,0.20425523559901332,results/r2-emoa/cifar100/2026-09-11_23-18-18_27522793/search/
r2-emoa,cifar100,FGSM,720,hv_2obj,24.493783503656434,results/r2-emoa/cifar100/2026-09-11_23-18-18_27522793/search/
r2-emoa,cifar100,FGSM,760,hv,72907.38708589121,results/r2-emoa/cifar100/2026-09-11_23-18-18_27522793/search/
r2-emoa,cifar100,FGSM,760,hv_acc_2obj,73.67319999999997,results/r2-emoa/cifar100/2026-09-11_23-18-18_27522793/search/
r2-emoa,cifar100,FGSM,760,r2,0.20419378644883693,results/r2-emoa/cifar100/2026-09-11_23-18-18_27522793/search/
r2-emoa,cifar100,FGSM,760,hv_2obj,24.505457793224576,results/r2-emoa/cifar100/2026-09-11_23-18-18_27522793/search/
r2-emoa,cifar100,FGSM,800,hv,72907.839251473,results/r2-emoa/cifar100/2026-09-11_23-18-18_27522793/search/
r2-emoa,cifar100,FGSM,800,hv_acc_2obj,73.67319999999997,results/r2-emoa/cifar100/2026-09-11_23-18-18_27522793/search/
r2-emoa,cifar100,FGSM,800,r2,0.20419378644883693,results/r2-emoa/cifar100/2026-09-11_23-18-18_27522793/search/
r2-emoa,cifar100,FGSM,800,hv_2obj,24.505457793224576,results/r2-emoa/cifar100/2026-09-11_23-18-18_27522793/search/
r2-emoa,cifar100,FGSM,840,hv,72914.49445544292,results/r2-emoa/cifar100/2026-09-11_23-18-18_27522793/search/
r2-emoa,cifar100,FGSM,840,hv_acc_2obj,74.08600000000003,results/r2-emoa/cifar100/2026-09-11_23-18-18_27522793/search/
r2-emoa,cifar100,FGSM,840,r2,0.20419378644883693,results/r2-emoa/cifar100/2026-09-11_23-18-18_27522793/search/
r2-emoa,cifar100,FGSM,840,hv_2obj,24.50628742954821,results/r2-emoa/cifar100/2026-09-11_23-18-18_27522793/search/
r2-emoa,cifar100,FGSM,880,hv,72918.41739777972,results/r2-emoa/cifar100/2026-09-11_23-18-18_27522793/search/
r2-emoa,cifar100,FGSM,880,hv_acc_2obj,74.14960000000002,results/r2-emoa/cifar100/2026-09-11_23-18-18_27522793/search/
r2-emoa,cifar100,FGSM,880,r2,0.20419378644883693,results/r2-emoa/cifar100/2026-09-11_23-18-18_27522793/search/
r2-emoa,cifar100,FGSM,880,hv_2obj,24.506614354180122,results/r2-emoa/cifar100/2026-09-11_23-18-18_27522793/search/
r2-emoa,cifar100,FGSM,920,hv,72921.47332720958,results/r2-emoa/cifar100/2026-09-11_23-18-18_27522793/search/
r2-emoa,cifar100,FGSM,920,hv_acc_2obj,74.82759999999998,results/r2-emoa/cifar100/2026-09-11_23-18-18_27522793/search/
r2-emoa,cifar100,FGSM,920,r2,0.2041847747128172,results/r2-emoa/cifar100/2026-09-11_23-18-18_27522793/search/
r2-emoa,cifar100,FGSM,920,hv_2obj,24.50761659001773,results/r2-emoa/cifar100/2026-09-11_23-18-18_27522793/search/
r2-emoa,cifar100,FGSM,960,hv,72954.84166930796,results/r2-emoa/cifar100/2026-09-11_23-18-18_27522793/search/
r2-emoa,cifar100,FGSM,960,hv_acc_2obj,74.82759999999998,results/r2-emoa/cifar100/2026-09-11_23-18-18_27522793/search/
r2-emoa,cifar100,FGSM,960,r2,0.2041847747128172,results/r2-emoa/cifar100/2026-09-11_23-18-18_27522793/search/
r2-emoa,cifar100,FGSM,960,hv_2obj,24.50761659001773,results/r2-emoa/cifar100/2026-09-11_23-18-18_27522793/search/
r2-emoa,cifar100,FGSM,1000,hv,72990.67789185575,results/r2-emoa/cifar100/2026-09-11_23-18-18_27522793/search/
r2-emoa,cifar100,FGSM,1000,hv_acc_2obj,79.52880000000002,results/r2-emoa/cifar100/2026-09-11_23-18-18_27522793/search/
r2-emoa,cifar100,FGSM,1000,r2,0.20412768521824076,results/r2-emoa/cifar100/2026-09-11_23-18-18_27522793/search/
r2-emoa,cifar100,FGSM,1000,hv_2obj,24.519856982065104,results/r2-emoa/cifar100/2026-09-11_23-18-18_27522793/search/
r2-emoa,cifar100,FGSM,1040,hv,72995.46003932723,results/r2-emoa/cifar100/2026-09-11_23-18-18_27522793/search/
r2-emoa,cifar100,FGSM,1040,hv_acc_2obj,79.52880000000002,results/r2-emoa/cifar100/2026-09-11_23-18-18_27522793/search/
r2-emoa,cifar100,FGSM,1040,r2,0.20412768521824076,results/r2-emoa/cifar100/2026-09-11_23-18-18_27522793/search/
r2-emoa,cifar100,FGSM,1040,hv_2obj,24.519856982065104,results/r2-emoa/cifar100/2026-09-11_23-18-18_27522793/search/
r2-emoa,cifar100,FGSM,1080,hv,72997.21846800018,results/r2-emoa/cifar100/2026-09-11_23-18-18_27522793/search/
r2-emoa,cifar100,FGSM,1080,hv_acc_2obj,79.52880000000002,results/r2-emoa/cifar100/2026-09-11_23-18-18_27522793/search/
r2-emoa,cifar100,FGSM,1080,r2,0.20412768521824076,results/r2-emoa/cifar100/2026-09-11_23-18-18_27522793/search/
r2-emoa,cifar100,FGSM,1080,hv_2obj,24.52046635322119,results/r2-emoa/cifar100/2026-09-11_23-18-18_27522793/search/
r2-emoa,cifar100,FGSM,1120,hv,73003.69292897513,results/r2-emoa/cifar100/2026-09-11_23-18-18_27522793/search/
r2-emoa,cifar100,FGSM,1120,hv_acc_2obj,79.52880000000002,results/r2-emoa/cifar100/2026-09-11_23-18-18_27522793/search/
r2-emoa,cifar100,FGSM,1120,r2,0.20412768521824076,results/r2-emoa/cifar100/2026-09-11_23-18-18_27522793/search/
r2-emoa,cifar100,FGSM,1120,hv_2obj,24.52046635322119,results/r2-emoa/cifar100/2026-09-11_23-18-18_27522793/search/
r2-emoa,cifar100,FGSM,1160,hv,73004.80709510835,results/r2-emoa/cifar100/2026-09-11_23-18-18_27522793/search/
r2-emoa,cifar100,FGSM,1160,hv_acc_2obj,79.52880000000002,results/r2-emoa/cifar100/2026-09-11_23-18-18_27522793/search/
r2-emoa,cifar100,FGSM,1160,r2,0.20412768521824076,results/r2-emoa/cifar100/2026-09-11_23-18-18_27522793/search/
r2-emoa,cifar100,FGSM,1160,hv_2obj,24.52046635322119,results/r2-emoa/cifar100/2026-09-11_23-18-18_27522793/search/
r2-emoa,cifar100,FGSM,1200,hv,73007.26844054363,results/r2-emoa/cifar100/2026-09-11_23-18-18_27522793/search/
r2-emoa,cifar100,FGSM,1200,hv_acc_2obj,79.52880000000002,results/r2-emoa/cifar100/2026-09-11_23-18-18_27522793/search/
r2-emoa,cifar100,FGSM,1200,r2,0.20412612264751165,results/r2-emoa/cifar100/2026-09-11_23-18-18_27522793/search/
r2-emoa,cifar100,FGSM,1200,hv_2obj,24.521305445450384,results/r2-emoa/cifar100/2026-09-11_23-18-18_27522793/search/
r2-emoa,cifar100,FGSM,1240,hv,73007.73222269591,results/r2-emoa/cifar100/2026-09-11_23-18-18_27522793/search/
r2-emoa,cifar100,FGSM,1240,hv_acc_2obj,79.52880000000002,results/r2-emoa/cifar100/2026-09-11_23-18-18_27522793/search/
r2-emoa,cifar100,FGSM,1240,r2,0.20412612264751165,results/r2-emoa/cifar100/2026-09-11_23-18-18_27522793/search/
r2-emoa,cifar100,FGSM,1240,hv_2obj,24.521305445450384,results/r2-emoa/cifar100/2026-09-11_23-18-18_27522793/search/
r2-emoa,cifar100,FGSM,40,hv,68293.05200128719,results/r2-emoa/cifar100/2026-09-12_05-48-46_18906049/search/
r2-emoa,cifar100,FGSM,40,hv_acc_2obj,52.258800000000015,results/r2-emoa/cifar100/2026-09-12_05-48-46_18906049/search/
r2-emoa,cifar100,FGSM,40,r2,0.2627125498047834,results/r2-emoa/cifar100/2026-09-12_05-48-46_18906049/search/
r2-emoa,cifar100,FGSM,40,hv_2obj,23.34900723944299,results/r2-emoa/cifar100/2026-09-12_05-48-46_18906049/search/
r2-emoa,cifar100,FGSM,80,hv,68666.05349018017,results/r2-emoa/cifar100/2026-09-12_05-48-46_18906049/search/
r2-emoa,cifar100,FGSM,80,hv_acc_2obj,52.258800000000015,results/r2-emoa/cifar100/2026-09-12_05-48-46_18906049/search/
r2-emoa,cifar100,FGSM,80,r2,0.26227409635532545,results/r2-emoa/cifar100/2026-09-12_05-48-46_18906049/search/
r2-emoa,cifar100,FGSM,80,hv_2obj,23.415213134932195,results/r2-emoa/cifar100/2026-09-12_05-48-46_18906049/search/
r2-emoa,cifar100,FGSM,120,hv,69208.19009874236,results/r2-emoa/cifar100/2026-09-12_05-48-46_18906049/search/
r2-emoa,cifar100,FGSM,120,hv_acc_2obj,56.38679999999997,results/r2-emoa/cifar100/2026-09-12_05-48-46_18906049/search/
r2-emoa,cifar100,FGSM,120,r2,0.26195266069707845,results/r2-emoa/cifar100/2026-09-12_05-48-46_18906049/search/
r2-emoa,cifar100,FGSM,120,hv_2obj,23.46810666969595,results/r2-emoa/cifar100/2026-09-12_05-48-46_18906049/search/
r2-emoa,cifar100,FGSM,160,hv,69269.76645201279,results/r2-emoa/cifar100/2026-09-12_05-48-46_18906049/search/
r2-emoa,cifar100,FGSM,160,hv_acc_2obj,58.50759999999996,results/r2-emoa/cifar100/2026-09-12_05-48-46_18906049/search/
r2-emoa,cifar100,FGSM,160,r2,0.2618479893455785,results/r2-emoa/cifar100/2026-09-12_05-48-46_18906049/search/
r2-emoa,cifar100,FGSM,160,hv_2obj,23.483818477547754,results/r2-emoa/cifar100/2026-09-12_05-48-46_18906049/search/
r2-emoa,cifar100,FGSM,200,hv,70483.47937372218,results/r2-emoa/cifar100/2026-09-12_05-48-46_18906049/search/
r2-emoa,cifar100,FGSM,200,hv_acc_2obj,62.68519999999993,results/r2-emoa/cifar100/2026-09-12_05-48-46_18906049/search/
r2-emoa,cifar100,FGSM,200,r2,0.2594199930819875,results/r2-emoa/cifar100/2026-09-12_05-48-46_18906049/search/
r2-emoa,cifar100,FGSM,200,hv_2obj,23.854284600193857,results/r2-emoa/cifar100/2026-09-12_05-48-46_18906049/search/
r2-emoa,cifar100,FGSM,240,hv,71258.1776028932,results/r2-emoa/cifar100/2026-09-12_05-48-46_18906049/search/
r2-emoa,cifar100,FGSM,240,hv_acc_2obj,67.15199999999997,results/r2-emoa/cifar100/2026-09-12_05-48-46_18906049/search/
r2-emoa,cifar100,FGSM,240,r2,0.2579915948664587,results/r2-emoa/cifar100/2026-09-12_05-48-46_18906049/search/
r2-emoa,cifar100,FGSM,240,hv_2obj,24.0785404227676,results/r2-emoa/cifar100/2026-09-12_05-48-46_18906049/search/
r2-emoa,cifar100,FGSM,280,hv,71330.00414917871,results/r2-emoa/cifar100/2026-09-12_05-48-46_18906049/search/
r2-emoa,cifar100,FGSM,280,hv_acc_2obj,67.45999999999991,results/r2-emoa/cifar100/2026-09-12_05-48-46_18906049/search/
r2-emoa,cifar100,FGSM,280,r2,0.2579915948664587,results/r2-emoa/cifar100/2026-09-12_05-48-46_18906049/search/
r2-emoa,cifar100,FGSM,280,hv_2obj,24.0785404227676,results/r2-emoa/cifar100/2026-09-12_05-48-46_18906049/search/
r2-emoa,cifar100,FGSM,320,hv,71682.00040515704,results/r2-emoa/cifar100/2026-09-12_05-48-46_18906049/search/
r2-emoa,cifar100,FGSM,320,hv_acc_2obj,67.48199999999991,results/r2-emoa/cifar100/2026-09-12_05-48-46_18906049/search/
r2-emoa,cifar100,FGSM,320,r2,0.257464835264636,results/r2-emoa/cifar100/2026-09-12_05-48-46_18906049/search/
r2-emoa,cifar100,FGSM,320,hv_2obj,24.15959372852555,results/r2-emoa/cifar100/2026-09-12_05-48-46_18906049/search/
r2-emoa,cifar100,FGSM,360,hv,71790.15786686585,results/r2-emoa/cifar100/2026-09-12_05-48-46_18906049/search/
r2-emoa,cifar100,FGSM,360,hv_acc_2obj,67.48199999999991,results/r2-emoa/cifar100/2026-09-12_05-48-46_18906049/search/
r2-emoa,cifar100,FGSM,360,r2,0.2572854436475844,results/r2-emoa/cifar100/2026-09-12_05-48-46_18906049/search/
r2-emoa,cifar100,FGSM,360,hv_2obj,24.18937766605694,results/r2-emoa/cifar100/2026-09-12_05-48-46_18906049/search/
r2-emoa,cifar100,FGSM,400,hv,71790.80009813908,results/r2-emoa/cifar100/2026-09-12_05-48-46_18906049/search/
r2-emoa,cifar100,FGSM,400,hv_acc_2obj,67.48199999999991,results/r2-emoa/cifar100/2026-09-12_05-48-46_18906049/search/
r2-emoa,cifar100,FGSM,400,r2,0.2572854436475844,results/r2-emoa/cifar100/2026-09-12_05-48-46_18906049/search/
r2-emoa,cifar100,FGSM,400,hv_2obj,24.18937766605694,results/r2-emoa/cifar100/2026-09-12_05-48-46_18906049/search/
r2-emoa,cifar100,FGSM,440,hv,71885.81978758733,results/r2-emoa/cifar100/2026-09-12_05-48-46_18906049/search/
r2-emoa,cifar100,FGSM,440,hv_acc_2obj,67.48199999999991,results/r2-emoa/cifar100/2026-09-12_05-48-46_18906049/search/
r2-emoa,cifar100,FGSM,440,r2,0.2572854436475844,results/r2-emoa/cifar100/2026-09-12_05-48-46_18906049/search/
r2-emoa,cifar100,FGSM,440,hv_2obj,24.18937766605694,results/r2-emoa/cifar100/2026-09-12_05-48-46_18906049/search/
r2-emoa,cifar100,FGSM,480,hv,71893.67470618285,results/r2-emoa/cifar100/2026-09-12_05-48-46_18906049/search/
r2-emoa,cifar100,FGSM,480,hv_acc_2obj,67.95919999999998,results/r2-emoa/cifar100/2026-09-12_05-48-46_18906049/search/
r2-emoa,cifar100,FGSM,480,r2,0.2572854436475844,results/r2-emoa/cifar100/2026-09-12_05-48-46_18906049/search/
r2-emoa,cifar100,FGSM,480,hv_2obj,24.189470044603823,results/r2-emoa/cifar100/2026-09-12_05-48-46_18906049/search/
r2-emoa,cifar100,FGSM,520,hv,71898.80770207675,results/r2-emoa/cifar100/2026-09-12_05-48-46_18906049/search/
r2-emoa,cifar100,FGSM,520,hv_acc_2obj,68.66999999999999,results/r2-emoa/cifar100/2026-09-12_05-48-46_18906049/search/
r2-emoa,cifar100,FGSM,520,r2,0.2572854436475844,results/r2-emoa/cifar100/2026-09-12_05-48-46_18906049/search/
r2-emoa,cifar100,FGSM,520,hv_2obj,24.189470044603823,results/r2-emoa/cifar100/2026-09-12_05-48-46_18906049/search/
r2-emoa,cifar100,FGSM,560,hv,72596.84511704666,results/r2-emoa/cifar100/2026-09-12_05-48-46_18906049/search/
r2-emoa,cifar100,FGSM,560,hv_acc_2obj,74.44119999999998,results/r2-emoa/cifar100/2026-09-12_05-48-46_18906049/search/
r2-emoa,cifar100,FGSM,560,r2,0.2557757129353848,results/r2-emoa/cifar100/2026-09-12_05-48-46_18906049/search/
r2-emoa,cifar100,FGSM,560,hv_2obj,24.425431401780678,results/r2-emoa/cifar100/2026-09-12_05-48-46_18906049/search/
r2-emoa,cifar100,FGSM,600,hv,72599.42557928996,results/r2-emoa/cifar100/2026-09-12_05-48-46_18906049/search/
r2-emoa,cifar100,FGSM,600,hv_acc_2obj,74.44119999999998,results/r2-emoa/cifar100/2026-09-12_05-48-46_18906049/search/
r2-emoa,cifar100,FGSM,600,r2,0.2557757129353848,results/r2-emoa/cifar100/2026-09-12_05-48-46_18906049/search/
r2-emoa,cifar100,FGSM,600,hv_2obj,24.425431401780678,results/r2-emoa/cifar100/2026-09-12_05-48-46_18906049/search/
r2-emoa,cifar100,FGSM,640,hv,72652.44955511451,results/r2-emoa/cifar100/2026-09-12_05-48-46_18906049/search/
r2-emoa,cifar100,FGSM,640,hv_acc_2obj,74.44119999999998,results/r2-emoa/cifar100/2026-09-12_05-48-46_18906049/search/
r2-emoa,cifar100,FGSM,640,r2,0.2557757129353848,results/r2-emoa/cifar100/2026-09-12_05-48-46_18906049/search/
r2-emoa,cifar100,FGSM,640,hv_2obj,24.425431401780678,results/r2-emoa/cifar100/2026-09-12_05-48-46_18906049/search/
r2-emoa,cifar100,FGSM,680,hv,72653.06172823663,results/r2-emoa/cifar100/2026-09-12_05-48-46_18906049/search/
r2-emoa,cifar100,FGSM,680,hv_acc_2obj,74.44119999999998,results/r2-emoa/cifar100/2026-09-12_05-48-46_18906049/search/
r2-emoa,cifar100,FGSM,680,r2,0.2557757129353848,results/r2-emoa/cifar100/2026-09-12_05-48-46_18906049/search/
r2-emoa,cifar100,FGSM,680,hv_2obj,24.425431401780678,results/r2-emoa/cifar100/2026-09-12_05-48-46_18906049/search/
r2-emoa,cifar100,FGSM,720,hv,72657.11440935759,results/r2-emoa/cifar100/2026-09-12_05-48-46_18906049/search/
r2-emoa,cifar100,FGSM,720,hv_acc_2obj,74.44119999999998,results/r2-emoa/cifar100/2026-09-12_05-48-46_18906049/search/
r2-emoa,cifar100,FGSM,720,r2,0.2557757129353848,results/r2-emoa/cifar100/2026-09-12_05-48-46_18906049/search/
r2-emoa,cifar100,FGSM,720,hv_2obj,24.425431401780678,results/r2-emoa/cifar100/2026-09-12_05-48-46_18906049/search/
r2-emoa,cifar100,FGSM,760,hv,72700.5843207725,results/r2-emoa/cifar100/2026-09-12_05-48-46_18906049/search/
r2-emoa,cifar100,FGSM,760,hv_acc_2obj,75.38519999999997,results/r2-emoa/cifar100/2026-09-12_05-48-46_18906049/search/
r2-emoa,cifar100,FGSM,760,r2,0.2556870534026523,results/r2-emoa/cifar100/2026-09-12_05-48-46_18906049/search/
r2-emoa,cifar100,FGSM,760,hv_2obj,24.43939522088499,results/r2-emoa/cifar100/2026-09-12_05-48-46_18906049/search/
r2-emoa,cifar100,FGSM,800,hv,73206.29846487679,results/r2-emoa/cifar100/2026-09-12_05-48-46_18906049/search/
r2-emoa,cifar100,FGSM,800,hv_acc_2obj,75.50279999999998,results/r2-emoa/cifar100/2026-09-12_05-48-46_18906049/search/
r2-emoa,cifar100,FGSM,800,r2,0.254614003445392,results/r2-emoa/cifar100/2026-09-12_05-48-46_18906049/search/
r2-emoa,cifar100,FGSM,800,hv_2obj,24.61048513006063,results/r2-emoa/cifar100/2026-09-12_05-48-46_18906049/search/
r2-emoa,cifar100,FGSM,840,hv,73218.28135087341,results/r2-emoa/cifar100/2026-09-12_05-48-46_18906049/search/
r2-emoa,cifar100,FGSM,840,hv_acc_2obj,77.18920000000004,results/r2-emoa/cifar100/2026-09-12_05-48-46_18906049/search/
r2-emoa,cifar100,FGSM,840,r2,0.254614003445392,results/r2-emoa/cifar100/2026-09-12_05-48-46_18906049/search/
r2-emoa,cifar100,FGSM,840,hv_2obj,24.61048513006063,results/r2-emoa/cifar100/2026-09-12_05-48-46_18906049/search/
r2-emoa,cifar100,FGSM,880,hv,73224.3470243216,results/r2-emoa/cifar100/2026-09-12_05-48-46_18906049/search/
r2-emoa,cifar100,FGSM,880,hv_acc_2obj,77.18920000000004,results/r2-emoa/cifar100/2026-09-12_05-48-46_18906049/search/
r2-emoa,cifar100,FGSM,880,r2,0.254614003445392,results/r2-emoa/cifar100/2026-09-12_05-48-46_18906049/search/
r2-emoa,cifar100,FGSM,880,hv_2obj,24.61048513006063,results/r2-emoa/cifar100/2026-09-12_05-48-46_18906049/search/
r2-emoa,cifar100,FGSM,920,hv,73224.37563439226,results/r2-emoa/cifar100/2026-09-12_05-48-46_18906049/search/
r2-emoa,cifar100,FGSM,920,hv_acc_2obj,77.18920000000004,results/r2-emoa/cifar100/2026-09-12_05-48-46_18906049/search/
r2-emoa,cifar100,FGSM,920,r2,0.254614003445392,results/r2-emoa/cifar100/2026-09-12_05-48-46_18906049/search/
r2-emoa,cifar100,FGSM,920,hv_2obj,24.61048513006063,results/r2-emoa/cifar100/2026-09-12_05-48-46_18906049/search/
r2-emoa,cifar100,FGSM,960,hv,73265.4788279256,results/r2-emoa/cifar100/2026-09-12_05-48-46_18906049/search/
r2-emoa,cifar100,FGSM,960,hv_acc_2obj,77.18920000000004,results/r2-emoa/cifar100/2026-09-12_05-48-46_18906049/search/
r2-emoa,cifar100,FGSM,960,r2,0.25452649666248284,results/r2-emoa/cifar100/2026-09-12_05-48-46_18906049/search/
r2-emoa,cifar100,FGSM,960,hv_2obj,24.624272090962286,results/r2-emoa/cifar100/2026-09-12_05-48-46_18906049/search/
r2-emoa,cifar100,FGSM,1000,hv,73265.94443464487,results/r2-emoa/cifar100/2026-09-12_05-48-46_18906049/search/
r2-emoa,cifar100,FGSM,1000,hv_acc_2obj,78.03600000000002,results/r2-emoa/cifar100/2026-09-12_05-48-46_18906049/search/
r2-emoa,cifar100,FGSM,1000,r2,0.25452649666248284,results/r2-emoa/cifar100/2026-09-12_05-48-46_18906049/search/
r2-emoa,cifar100,FGSM,1000,hv_2obj,24.624272090962286,results/r2-emoa/cifar100/2026-09-12_05-48-46_18906049/search/
r2-emoa,cifar100,FGSM,1040,hv,73464.93884527056,results/r2-emoa/cifar100/2026-09-12_05-48-46_18906049/search/
r2-emoa,cifar100,FGSM,1040,hv_acc_2obj,79.044,results/r2-emoa/cifar100/2026-09-12_05-48-46_18906049/search/
r2-emoa,cifar100,FGSM,1040,r2,0.25408937344531957,results/r2-emoa/cifar100/2026-09-12_05-48-46_18906049/search/
r2-emoa,cifar100,FGSM,1040,hv_2obj,24.692502239525396,results/r2-emoa/cifar100/2026-09-12_05-48-46_18906049/search/
r2-emoa,cifar100,FGSM,1080,hv,73464.94200312615,results/r2-emoa/cifar100/2026-09-12_05-48-46_18906049/search/
r2-emoa,cifar100,FGSM,1080,hv_acc_2obj,79.044,results/r2-emoa/cifar100/2026-09-12_05-48-46_18906049/search/
r2-emoa,cifar100,FGSM,1080,r2,0.25408937344531957,results/r2-emoa/cifar100/2026-09-12_05-48-46_18906049/search/
r2-emoa,cifar100,FGSM,1080,hv_2obj,24.692502239525396,results/r2-emoa/cifar100/2026-09-12_05-48-46_18906049/search/
r2-emoa,cifar100,FGSM,1120,hv,73464.94667928858,results/r2-emoa/cifar100/2026-09-12_05-48-46_18906049/search/
r2-emoa,cifar100,FGSM,1120,hv_acc_2obj,79.0452,results/r2-emoa/cifar100/2026-09-12_05-48-46_18906049/search/
r2-emoa,cifar100,FGSM,1120,r2,0.25408937344531957,results/r2-emoa/cifar100/2026-09-12_05-48-46_18906049/search/
r2-emoa,cifar100,FGSM,1120,hv_2obj,24.692502239525396,results/r2-emoa/cifar100/2026-09-12_05-48-46_18906049/search/
r2-emoa,cifar100,FGSM,1160,hv,73465.33650686308,results/r2-emoa/cifar100/2026-09-12_05-48-46_18906049/search/
r2-emoa,cifar100,FGSM,1160,hv_acc_2obj,79.0452,results/r2-emoa/cifar100/2026-09-12_05-48-46_18906049/search/
r2-emoa,cifar100,FGSM,1160,r2,0.25408937344531957,results/r2-emoa/cifar100/2026-09-12_05-48-46_18906049/search/
r2-emoa,cifar100,FGSM,1160,hv_2obj,24.692502239525396,results/r2-emoa/cifar100/2026-09-12_05-48-46_18906049/search/
r2-emoa,cifar100,FGSM,1200,hv,73465.3365068631,results/r2-emoa/cifar100/2026-09-12_05-48-46_18906049/search/
r2-emoa,cifar100,FGSM,1200,hv_acc_2obj,79.0452,results/r2-emoa/cifar100/2026-09-12_05-48-46_18906049/search/
r2-emoa,cifar100,FGSM,1200,r2,0.25408937344531957,results/r2-emoa/cifar100/2026-09-12_05-48-46_18906049/search/
r2-emoa,cifar100,FGSM,1200,hv_2obj,24.692502239525396,results/r2-emoa/cifar100/2026-09-12_05-48-46_18906049/search/
r2-emoa,cifar100,FGSM,1240,hv,73465.33710300356,results/r2-emoa/cifar100/2026-09-12_05-48-46_18906049/search/
r2-emoa,cifar100,FGSM,1240,hv_acc_2obj,79.0452,results/r2-emoa/cifar100/2026-09-12_05-48-46_18906049/search/
r2-emoa,cifar100,FGSM,1240,r2,0.25408937344531957,results/r2-emoa/cifar100/2026-09-12_05-48-46_18906049/search/
r2-emoa,cifar100,FGSM,1240,hv_2obj,24.692502239525396,results/r2-emoa/cifar100/2026-09-12_05-48-46_18906049/search/
r2-emoa,cifar100,FGSM,40,hv,67186.71964296073,results/r2-emoa/cifar100/2026-09-12_11-30-14_15798821/search/
r2-emoa,cifar100,FGSM,40,hv_acc_2obj,48.14759999999997,results/r2-emoa/cifar100/2026-09-12_11-30-14_15798821/search/
r2-emoa,cifar100,FGSM,40,r2,0.2652440564273663,results/r2-emoa/cifar100/2026-09-12_11-30-14_15798821/search/
r2-emoa,cifar100,FGSM,40,hv_2obj,22.964475919026263,results/r2-emoa/cifar100/2026-09-12_11-30-14_15798821/search/
r2-emoa,cifar100,FGSM,80,hv,67938.58446668467,results/r2-emoa/cifar100/2026-09-12_11-30-14_15798821/search/
r2-emoa,cifar100,FGSM,80,hv_acc_2obj,49.68879999999998,results/r2-emoa/cifar100/2026-09-12_11-30-14_15798821/search/
r2-emoa,cifar100,FGSM,80,r2,0.263934291852347,results/r2-emoa/cifar100/2026-09-12_11-30-14_15798821/search/
r2-emoa,cifar100,FGSM,80,hv_2obj,23.16586623537318,results/r2-emoa/cifar100/2026-09-12_11-30-14_15798821/search/
r2-emoa,cifar100,FGSM,120,hv,68713.87504420761,results/r2-emoa/cifar100/2026-09-12_11-30-14_15798821/search/
r2-emoa,cifar100,FGSM,120,hv_acc_2obj,49.86279999999998,results/r2-emoa/cifar100/2026-09-12_11-30-14_15798821/search/
r2-emoa,cifar100,FGSM,120,r2,0.26289933364218376,results/r2-emoa/cifar100/2026-09-12_11-30-14_15798821/search/
r2-emoa,cifar100,FGSM,120,hv_2obj,23.323062383171646,results/r2-emoa/cifar100/2026-09-12_11-30-14_15798821/search/
r2-emoa,cifar100,FGSM,160,hv,69147.95614250579,results/r2-emoa/cifar100/2026-09-12_11-30-14_15798821/search/
r2-emoa,cifar100,FGSM,160,hv_acc_2obj,50.639199999999974,results/r2-emoa/cifar100/2026-09-12_11-30-14_15798821/search/
r2-emoa,cifar100,FGSM,160,r2,0.26217482592048086,results/r2-emoa/cifar100/2026-09-12_11-30-14_15798821/search/
r2-emoa,cifar100,FGSM,160,hv_2obj,23.43180821423595,results/r2-emoa/cifar100/2026-09-12_11-30-14_15798821/search/
r2-emoa,cifar100,FGSM,200,hv,69165.45244745897,results/r2-emoa/cifar100/2026-09-12_11-30-14_15798821/search/
r2-emoa,cifar100,FGSM,200,hv_acc_2obj,50.700799999999965,results/r2-emoa/cifar100/2026-09-12_11-30-14_15798821/search/
r2-emoa,cifar100,FGSM,200,r2,0.26217482592048086,results/r2-emoa/cifar100/2026-09-12_11-30-14_15798821/search/
r2-emoa,cifar100,FGSM,200,hv_2obj,23.43180821423595,results/r2-emoa/cifar100/2026-09-12_11-30-14_15798821/search/
r2-emoa,cifar100,FGSM,240,hv,69954.34396154655,results/r2-emoa/cifar100/2026-09-12_11-30-14_15798821/search/
r2-emoa,cifar100,FGSM,240,hv_acc_2obj,55.72359999999999,results/r2-emoa/cifar100/2026-09-12_11-30-14_15798821/search/
r2-emoa,cifar100,FGSM,240,r2,0.2606587478072052,results/r2-emoa/cifar100/2026-09-12_11-30-14_15798821/search/
r2-emoa,cifar100,FGSM,240,hv_2obj,23.670451018760296,results/r2-emoa/cifar100/2026-09-12_11-30-14_15798821/search/
r2-emoa,cifar100,FGSM,280,hv,70369.59464587434,results/r2-emoa/cifar100/2026-09-12_11-30-14_15798821/search/
r2-emoa,cifar100,FGSM,280,hv_acc_2obj,57.01359999999996,results/r2-emoa/cifar100/2026-09-12_11-30-14_15798821/search/
r2-emoa,cifar100,FGSM,280,r2,0.259861288774001,results/r2-emoa/cifar100/2026-09-12_11-30-14_15798821/search/
r2-emoa,cifar100,FGSM,280,hv_2obj,23.790904489541685,results/r2-emoa/cifar100/2026-09-12_11-30-14_15798821/search/
r2-emoa,cifar100,FGSM,320,hv,70487.94980867473,results/r2-emoa/cifar100/2026-09-12_11-30-14_15798821/search/
r2-emoa,cifar100,FGSM,320,hv_acc_2obj,57.906799999999954,results/r2-emoa/cifar100/2026-09-12_11-30-14_15798821/search/
r2-emoa,cifar100,FGSM,320,r2,0.259861288774001,results/r2-emoa/cifar100/2026-09-12_11-30-14_15798821/search/
r2-emoa,cifar100,FGSM,320,hv_2obj,23.790904489541685,results/r2-emoa/cifar100/2026-09-12_11-30-14_15798821/search/
r2-emoa,cifar100,FGSM,360,hv,71400.01574210478,results/r2-emoa/cifar100/2026-09-12_11-30-14_15798821/search/
r2-emoa,cifar100,FGSM,360,hv_acc_2obj,58.098799999999954,results/r2-emoa/cifar100/2026-09-12_11-30-14_15798821/search/
r2-emoa,cifar100,FGSM,360,r2,0.25784472922903,results/r2-emoa/cifar100/2026-09-12_11-30-14_15798821/search/
r2-emoa,cifar100,FGSM,360,hv_2obj,24.101680731707297,results/r2-emoa/cifar100/2026-09-12_11-30-14_15798821/search/
r2-emoa,cifar100,FGSM,400,hv,71430.51828111819,results/r2-emoa/cifar100/2026-09-12_11-30-14_15798821/search/
r2-emoa,cifar100,FGSM,400,hv_acc_2obj,58.3668,results/r2-emoa/cifar100/2026-09-12_11-30-14_15798821/search/
r2-emoa,cifar100,FGSM,400,r2,0.25784472922903,results/r2-emoa/cifar100/2026-09-12_11-30-14_15798821/search/
r2-emoa,cifar100,FGSM,400,hv_2obj,24.101680731707297,results/r2-emoa/cifar100/2026-09-12_11-30-14_15798821/search/
r2-emoa,cifar100,FGSM,440,hv,71434.15773544922,results/r2-emoa/cifar100/2026-09-12_11-30-14_15798821/search/
r2-emoa,cifar100,FGSM,440,hv_acc_2obj,58.3668,results/r2-emoa/cifar100/2026-09-12_11-30-14_15798821/search/
r2-emoa,cifar100,FGSM,440,r2,0.25784472922903,results/r2-emoa/cifar100/2026-09-12_11-30-14_15798821/search/
r2-emoa,cifar100,FGSM,440,hv_2obj,24.101680731707297,results/r2-emoa/cifar100/2026-09-12_11-30-14_15798821/search/
r2-emoa,cifar100,FGSM,480,hv,71465.87050446255,results/r2-emoa/cifar100/2026-09-12_11-30-14_15798821/search/
r2-emoa,cifar100,FGSM,480,hv_acc_2obj,58.3668,results/r2-emoa/cifar100/2026-09-12_11-30-14_15798821/search/
r2-emoa,cifar100,FGSM,480,r2,0.25784472922903,results/r2-emoa/cifar100/2026-09-12_11-30-14_15798821/search/
r2-emoa,cifar100,FGSM,480,hv_2obj,24.101680731707297,results/r2-emoa/cifar100/2026-09-12_11-30-14_15798821/search/
r2-emoa,cifar100,FGSM,520,hv,71469.69846463217,results/r2-emoa/cifar100/2026-09-12_11-30-14_15798821/search/
r2-emoa,cifar100,FGSM,520,hv_acc_2obj,60.34879999999993,results/r2-emoa/cifar100/2026-09-12_11-30-14_15798821/search/
r2-emoa,cifar100,FGSM,520,r2,0.25784472922903,results/r2-emoa/cifar100/2026-09-12_11-30-14_15798821/search/
r2-emoa,cifar100,FGSM,520,hv_2obj,24.101680731707297,results/r2-emoa/cifar100/2026-09-12_11-30-14_15798821/search/
r2-emoa,cifar100,FGSM,560,hv,71625.49586267635,results/r2-emoa/cifar100/2026-09-12_11-30-14_15798821/search/
r2-emoa,cifar100,FGSM,560,hv_acc_2obj,60.416799999999945,results/r2-emoa/cifar100/2026-09-12_11-30-14_15798821/search/
r2-emoa,cifar100,FGSM,560,r2,0.25784472922903,results/r2-emoa/cifar100/2026-09-12_11-30-14_15798821/search/
r2-emoa,cifar100,FGSM,560,hv_2obj,24.101680731707297,results/r2-emoa/cifar100/2026-09-12_11-30-14_15798821/search/
r2-emoa,cifar100,FGSM,600,hv,71849.55712278966,results/r2-emoa/cifar100/2026-09-12_11-30-14_15798821/search/
r2-emoa,cifar100,FGSM,600,hv_acc_2obj,66.36360000000005,results/r2-emoa/cifar100/2026-09-12_11-30-14_15798821/search/
r2-emoa,cifar100,FGSM,600,r2,0.25737029548602586,results/r2-emoa/cifar100/2026-09-12_11-30-14_15798821/search/
r2-emoa,cifar100,FGSM,600,hv_2obj,24.17347485893801,results/r2-emoa/cifar100/2026-09-12_11-30-14_15798821/search/
r2-emoa,cifar100,FGSM,640,hv,71852.03217595181,results/r2-emoa/cifar100/2026-09-12_11-30-14_15798821/search/
r2-emoa,cifar100,FGSM,640,hv_acc_2obj,66.36360000000005,results/r2-emoa/cifar100/2026-09-12_11-30-14_15798821/search/
r2-emoa,cifar100,FGSM,640,r2,0.25737029548602586,results/r2-emoa/cifar100/2026-09-12_11-30-14_15798821/search/
r2-emoa,cifar100,FGSM,640,hv_2obj,24.17347485893801,results/r2-emoa/cifar100/2026-09-12_11-30-14_15798821/search/
r2-emoa,cifar100,FGSM,680,hv,72003.18744642558,results/r2-emoa/cifar100/2026-09-12_11-30-14_15798821/search/
r2-emoa,cifar100,FGSM,680,hv_acc_2obj,66.9396,results/r2-emoa/cifar100/2026-09-12_11-30-14_15798821/search/
r2-emoa,cifar100,FGSM,680,r2,0.25726451859865673,results/r2-emoa/cifar100/2026-09-12_11-30-14_15798821/search/
r2-emoa,cifar100,FGSM,680,hv_2obj,24.189831853030594,results/r2-emoa/cifar100/2026-09-12_11-30-14_15798821/search/
r2-emoa,cifar100,FGSM,720,hv,72013.28479513507,results/r2-emoa/cifar100/2026-09-12_11-30-14_15798821/search/
r2-emoa,cifar100,FGSM,720,hv_acc_2obj,66.95400000000001,results/r2-emoa/cifar100/2026-09-12_11-30-14_15798821/search/
r2-emoa,cifar100,FGSM,720,r2,0.25726451859865673,results/r2-emoa/cifar100/2026-09-12_11-30-14_15798821/search/
r2-emoa,cifar100,FGSM,720,hv_2obj,24.189831853030594,results/r2-emoa/cifar100/2026-09-12_11-30-14_15798821/search/
r2-emoa,cifar100,FGSM,760,hv,72020.17740595332,results/r2-emoa/cifar100/2026-09-12_11-30-14_15798821/search/
r2-emoa,cifar100,FGSM,760,hv_acc_2obj,66.95400000000001,results/r2-emoa/cifar100/2026-09-12_11-30-14_15798821/search/
r2-emoa,cifar100,FGSM,760,r2,0.25726451859865673,results/r2-emoa/cifar100/2026-09-12_11-30-14_15798821/search/
r2-emoa,cifar100,FGSM,760,hv_2obj,24.189831853030594,results/r2-emoa/cifar100/2026-09-12_11-30-14_15798821/search/
r2-emoa,cifar100,FGSM,800,hv,72122.90798291887,results/r2-emoa/cifar100/2026-09-12_11-30-14_15798821/search/
r2-emoa,cifar100,FGSM,800,hv_acc_2obj,67.038,results/r2-emoa/cifar100/2026-09-12_11-30-14_15798821/search/
r2-emoa,cifar100,FGSM,800,r2,0.2570400827441295,results/r2-emoa/cifar100/2026-09-12_11-30-14_15798821/search/
r2-emoa,cifar100,FGSM,800,hv_2obj,24.224687334432257,results/r2-emoa/cifar100/2026-09-12_11-30-14_15798821/search/
r2-emoa,cifar100,FGSM,840,hv,72132.47139658635,results/r2-emoa/cifar100/2026-09-12_11-30-14_15798821/search/
r2-emoa,cifar100,FGSM,840,hv_acc_2obj,67.73199999999999,results/r2-emoa/cifar100/2026-09-12_11-30-14_15798821/search/
r2-emoa,cifar100,FGSM,840,r2,0.257040047089741,results/r2-emoa/cifar100/2026-09-12_11-30-14_15798821/search/
r2-emoa,cifar100,FGSM,840,hv_2obj,24.227332724062528,results/r2-emoa/cifar100/2026-09-12_11-30-14_15798821/search/
r2-emoa,cifar100,FGSM,880,hv,72135.55711801046,results/r2-emoa/cifar100/2026-09-12_11-30-14_15798821/search/
r2-emoa,cifar100,FGSM,880,hv_acc_2obj,67.73199999999999,results/r2-emoa/cifar100/2026-09-12_11-30-14_15798821/search/
r2-emoa,cifar100,FGSM,880,r2,0.257040047089741,results/r2-emoa/cifar100/2026-09-12_11-30-14_15798821/search/
r2-emoa,cifar100,FGSM,880,hv_2obj,24.227332724062528,results/r2-emoa/cifar100/2026-09-12_11-30-14_15798821/search/
r2-emoa,cifar100,FGSM,920,hv,72144.47436640905,results/r2-emoa/cifar100/2026-09-12_11-30-14_15798821/search/
r2-emoa,cifar100,FGSM,920,hv_acc_2obj,67.82799999999999,results/r2-emoa/cifar100/2026-09-12_11-30-14_15798821/search/
r2-emoa,cifar100,FGSM,920,r2,0.257040047089741,results/r2-emoa/cifar100/2026-09-12_11-30-14_15798821/search/
r2-emoa,cifar100,FGSM,920,hv_2obj,24.227332724062528,results/r2-emoa/cifar100/2026-09-12_11-30-14_15798821/search/
r2-emoa,cifar100,FGSM,960,hv,72144.79513576125,results/r2-emoa/cifar100/2026-09-12_11-30-14_15798821/search/
r2-emoa,cifar100,FGSM,960,hv_acc_2obj,68.21039999999999,results/r2-emoa/cifar100/2026-09-12_11-30-14_15798821/search/
r2-emoa,cifar100,FGSM,960,r2,0.257040047089741,results/r2-emoa/cifar100/2026-09-12_11-30-14_15798821/search/
r2-emoa,cifar100,FGSM,960,hv_2obj,24.227332724062528,results/r2-emoa/cifar100/2026-09-12_11-30-14_15798821/search/
r2-emoa,cifar100,FGSM,1000,hv,72157.85625019389,results/r2-emoa/cifar100/2026-09-12_11-30-14_15798821/search/
r2-emoa,cifar100,FGSM,1000,hv_acc_2obj,69.35799999999996,results/r2-emoa/cifar100/2026-09-12_11-30-14_15798821/search/
r2-emoa,cifar100,FGSM,1000,r2,0.2570360248821183,results/r2-emoa/cifar100/2026-09-12_11-30-14_15798821/search/
r2-emoa,cifar100,FGSM,1000,hv_2obj,24.22796760472535,results/r2-emoa/cifar100/2026-09-12_11-30-14_15798821/search/
r2-emoa,cifar100,FGSM,1040,hv,72160.6224767383,results/r2-emoa/cifar100/2026-09-12_11-30-14_15798821/search/
r2-emoa,cifar100,FGSM,1040,hv_acc_2obj,69.35799999999996,results/r2-emoa/cifar100/2026-09-12_11-30-14_15798821/search/
r2-emoa,cifar100,FGSM,1040,r2,0.2570360248821183,results/r2-emoa/cifar100/2026-09-12_11-30-14_15798821/search/
r2-emoa,cifar100,FGSM,1040,hv_2obj,24.228345161217433,results/r2-emoa/cifar100/2026-09-12_11-30-14_15798821/search/
r2-emoa,cifar100,FGSM,1080,hv,72244.35985850092,results/r2-emoa/cifar100/2026-09-12_11-30-14_15798821/search/
r2-emoa,cifar100,FGSM,1080,hv_acc_2obj,69.35999999999996,results/r2-emoa/cifar100/2026-09-12_11-30-14_15798821/search/
r2-emoa,cifar100,FGSM,1080,r2,0.2570360248821183,results/r2-emoa/cifar100/2026-09-12_11-30-14_15798821/search/
r2-emoa,cifar100,FGSM,1080,hv_2obj,24.228345161217433,results/r2-emoa/cifar100/2026-09-12_11-30-14_15798821/search/
r2-emoa,cifar100,FGSM,1120,hv,72497.57682993401,results/r2-emoa/cifar100/2026-09-12_11-30-14_15798821/search/
r2-emoa,cifar100,FGSM,1120,hv_acc_2obj,69.35999999999996,results/r2-emoa/cifar100/2026-09-12_11-30-14_15798821/search/
r2-emoa,cifar100,FGSM,1120,r2,0.2564781215089801,results/r2-emoa/cifar100/2026-09-12_11-30-14_15798821/search/
r2-emoa,cifar100,FGSM,1120,hv_2obj,24.314359447450627,results/r2-emoa/cifar100/2026-09-12_11-30-14_15798821/search/
r2-emoa,cifar100,FGSM,1160,hv,72546.23139849471,results/r2-emoa/cifar100/2026-09-12_11-30-14_15798821/search/
r2-emoa,cifar100,FGSM,1160,hv_acc_2obj,69.35999999999996,results/r2-emoa/cifar100/2026-09-12_11-30-14_15798821/search/
r2-emoa,cifar100,FGSM,1160,r2,0.2564781215089801,results/r2-emoa/cifar100/2026-09-12_11-30-14_15798821/search/
r2-emoa,cifar100,FGSM,1160,hv_2obj,24.314359447450627,results/r2-emoa/cifar100/2026-09-12_11-30-14_15798821/search/
r2-emoa,cifar100,FGSM,1200,hv,72546.23139849471,results/r2-emoa/cifar100/2026-09-12_11-30-14_15798821/search/
r2-emoa,cifar100,FGSM,1200,hv_acc_2obj,69.35999999999996,results/r2-emoa/cifar100/2026-09-12_11-30-14_15798821/search/
r2-emoa,cifar100,FGSM,1200,r2,0.2564781215089801,results/r2-emoa/cifar100/2026-09-12_11-30-14_15798821/search/
r2-emoa,cifar100,FGSM,1200,hv_2obj,24.314359447450627,results/r2-emoa/cifar100/2026-09-12_11-30-14_15798821/search/
r2-emoa,cifar100,FGSM,1240,hv,72546.42872436183,results/r2-emoa/cifar100/2026-09-12_11-30-14_15798821/search/
r2-emoa,cifar100,FGSM,1240,hv_acc_2obj,69.35999999999996,results/r2-emoa/cifar100/2026-09-12_11-30-14_15798821/search/
r2-emoa,cifar100,FGSM,1240,r2,0.2564781215089801,results/r2-emoa/cifar100/2026-09-12_11-30-14_15798821/search/
r2-emoa,cifar100,FGSM,1240,hv_2obj,24.314359447450627,results/r2-emoa/cifar100/2026-09-12_11-30-14_15798821/search/
r2-emoa,cifar100,FGSM,40,hv,67395.57751048672,results/r2-emoa/cifar100/2026-09-12_17-13-07_65381509/search/
r2-emoa,cifar100,FGSM,40,hv_acc_2obj,44.687999999999974,results/r2-emoa/cifar100/2026-09-12_17-13-07_65381509/search/
r2-emoa,cifar100,FGSM,40,r2,0.2647790018384936,results/r2-emoa/cifar100/2026-09-12_17-13-07_65381509/search/
r2-emoa,cifar100,FGSM,40,hv_2obj,23.031218053239897,results/r2-emoa/cifar100/2026-09-12_17-13-07_65381509/search/
r2-emoa,cifar100,FGSM,80,hv,67999.54350156059,results/r2-emoa/cifar100/2026-09-12_17-13-07_65381509/search/
r2-emoa,cifar100,FGSM,80,hv_acc_2obj,45.27680000000002,results/r2-emoa/cifar100/2026-09-12_17-13-07_65381509/search/
r2-emoa,cifar100,FGSM,80,r2,0.26395198139686116,results/r2-emoa/cifar100/2026-09-12_17-13-07_65381509/search/
r2-emoa,cifar100,FGSM,80,hv_2obj,23.15746412563731,results/r2-emoa/cifar100/2026-09-12_17-13-07_65381509/search/
r2-emoa,cifar100,FGSM,120,hv,69408.80287763893,results/r2-emoa/cifar100/2026-09-12_17-13-07_65381509/search/
r2-emoa,cifar100,FGSM,120,hv_acc_2obj,56.23200000000004,results/r2-emoa/cifar100/2026-09-12_17-13-07_65381509/search/
r2-emoa,cifar100,FGSM,120,r2,0.26112264623691006,results/r2-emoa/cifar100/2026-09-12_17-13-07_65381509/search/
r2-emoa,cifar100,FGSM,120,hv_2obj,23.593227807116335,results/r2-emoa/cifar100/2026-09-12_17-13-07_65381509/search/
r2-emoa,cifar100,FGSM,160,hv,69657.21487100334,results/r2-emoa/cifar100/2026-09-12_17-13-07_65381509/search/
r2-emoa,cifar100,FGSM,160,hv_acc_2obj,58.481600000000014,results/r2-emoa/cifar100/2026-09-12_17-13-07_65381509/search/
r2-emoa,cifar100,FGSM,160,r2,0.2609531714365368,results/r2-emoa/cifar100/2026-09-12_17-13-07_65381509/search/
r2-emoa,cifar100,FGSM,160,hv_2obj,23.621283126794342,results/r2-emoa/cifar100/2026-09-12_17-13-07_65381509/search/
r2-emoa,cifar100,FGSM,200,hv,70891.73171750046,results/r2-emoa/cifar100/2026-09-12_17-13-07_65381509/search/
r2-emoa,cifar100,FGSM,200,hv_acc_2obj,64.3168,results/r2-emoa/cifar100/2026-09-12_17-13-07_65381509/search/
r2-emoa,cifar100,FGSM,200,r2,0.25874857762524023,results/r2-emoa/cifar100/2026-09-12_17-13-07_65381509/search/
r2-emoa,cifar100,FGSM,200,hv_2obj,23.955406126708308,results/r2-emoa/cifar100/2026-09-12_17-13-07_65381509/search/
r2-emoa,cifar100,FGSM,240,hv,71720.77191996528,results/r2-emoa/cifar100/2026-09-12_17-13-07_65381509/search/
r2-emoa,cifar100,FGSM,240,hv_acc_2obj,65.87160000000004,results/r2-emoa/cifar100/2026-09-12_17-13-07_65381509/search/
r2-emoa,cifar100,FGSM,240,r2,0.2570078439420052,results/r2-emoa/cifar100/2026-09-12_17-13-07_65381509/search/
r2-emoa,cifar100,FGSM,240,hv_2obj,24.234972875439407,results/r2-emoa/cifar100/2026-09-12_17-13-07_65381509/search/
r2-emoa,cifar100,FGSM,280,hv,71896.8741650065,results/r2-emoa/cifar100/2026-09-12_17-13-07_65381509/search/
r2-emoa,cifar100,FGSM,280,hv_acc_2obj,66.95520000000006,results/r2-emoa/cifar100/2026-09-12_17-13-07_65381509/search/
r2-emoa,cifar100,FGSM,280,r2,0.25684403024547575,results/r2-emoa/cifar100/2026-09-12_17-13-07_65381509/search/
r2-emoa,cifar100,FGSM,280,hv_2obj,24.255187575242136,results/r2-emoa/cifar100/2026-09-12_17-13-07_65381509/search/
r2-emoa,cifar100,FGSM,320,hv,71898.12038725261,results/r2-emoa/cifar100/2026-09-12_17-13-07_65381509/search/
r2-emoa,cifar100,FGSM,320,hv_acc_2obj,69.08640000000001,results/r2-emoa/cifar100/2026-09-12_17-13-07_65381509/search/
r2-emoa,cifar100,FGSM,320,r2,0.25684403024547575,results/r2-emoa/cifar100/2026-09-12_17-13-07_65381509/search/
r2-emoa,cifar100,FGSM,320,hv_2obj,24.255187575242136,results/r2-emoa/cifar100/2026-09-12_17-13-07_65381509/search/
r2-emoa,cifar100,FGSM,360,hv,71903.43829520303,results/r2-emoa/cifar100/2026-09-12_17-13-07_65381509/search/
r2-emoa,cifar100,FGSM,360,hv_acc_2obj,69.08640000000001,results/r2-emoa/cifar100/2026-09-12_17-13-07_65381509/search/
r2-emoa,cifar100,FGSM,360,r2,0.25684403024547575,results/r2-emoa/cifar100/2026-09-12_17-13-07_65381509/search/
r2-emoa,cifar100,FGSM,360,hv_2obj,24.25676244688215,results/r2-emoa/cifar100/2026-09-12_17-13-07_65381509/search/
r2-emoa,cifar100,FGSM,400,hv,71907.02784459681,results/r2-emoa/cifar100/2026-09-12_17-13-07_65381509/search/
r2-emoa,cifar100,FGSM,400,hv_acc_2obj,69.1584,results/r2-emoa/cifar100/2026-09-12_17-13-07_65381509/search/
r2-emoa,cifar100,FGSM,400,r2,0.25684403024547575,results/r2-emoa/cifar100/2026-09-12_17-13-07_65381509/search/
r2-emoa,cifar100,FGSM,400,hv_2obj,24.25676244688215,results/r2-emoa/cifar100/2026-09-12_17-13-07_65381509/search/
r2-emoa,cifar100,FGSM,440,hv,71907.8761556335,results/r2-emoa/cifar100/2026-09-12_17-13-07_65381509/search/
r2-emoa,cifar100,FGSM,440,hv_acc_2obj,69.8248,results/r2-emoa/cifar100/2026-09-12_17-13-07_65381509/search/
r2-emoa,cifar100,FGSM,440,r2,0.25684403024547575,results/r2-emoa/cifar100/2026-09-12_17-13-07_65381509/search/
r2-emoa,cifar100,FGSM,440,hv_2obj,24.25676244688215,results/r2-emoa/cifar100/2026-09-12_17-13-07_65381509/search/
r2-emoa,cifar100,FGSM,480,hv,71911.89863198237,results/r2-emoa/cifar100/2026-09-12_17-13-07_65381509/search/
r2-emoa,cifar100,FGSM,480,hv_acc_2obj,69.8248,results/r2-emoa/cifar100/2026-09-12_17-13-07_65381509/search/
r2-emoa,cifar100,FGSM,480,r2,0.25684403024547575,results/r2-emoa/cifar100/2026-09-12_17-13-07_65381509/search/
r2-emoa,cifar100,FGSM,480,hv_2obj,24.25764001724803,results/r2-emoa/cifar100/2026-09-12_17-13-07_65381509/search/
r2-emoa,cifar100,FGSM,520,hv,72345.01623179093,results/r2-emoa/cifar100/2026-09-12_17-13-07_65381509/search/
r2-emoa,cifar100,FGSM,520,hv_acc_2obj,74.6644,results/r2-emoa/cifar100/2026-09-12_17-13-07_65381509/search/
r2-emoa,cifar100,FGSM,520,r2,0.2558976073098979,results/r2-emoa/cifar100/2026-09-12_17-13-07_65381509/search/
r2-emoa,cifar100,FGSM,520,hv_2obj,24.401583298640173,results/r2-emoa/cifar100/2026-09-12_17-13-07_65381509/search/
r2-emoa,cifar100,FGSM,560,hv,72380.15664022807,results/r2-emoa/cifar100/2026-09-12_17-13-07_65381509/search/
r2-emoa,cifar100,FGSM,560,hv_acc_2obj,74.6644,results/r2-emoa/cifar100/2026-09-12_17-13-07_65381509/search/
r2-emoa,cifar100,FGSM,560,r2,0.2558976073098979,results/r2-emoa/cifar100/2026-09-12_17-13-07_65381509/search/
r2-emoa,cifar100,FGSM,560,hv_2obj,24.401583298640173,results/r2-emoa/cifar100/2026-09-12_17-13-07_65381509/search/
r2-emoa,cifar100,FGSM,600,hv,72429.50029304398,results/r2-emoa/cifar100/2026-09-12_17-13-07_65381509/search/
r2-emoa,cifar100,FGSM,600,hv_acc_2obj,74.6644,results/r2-emoa/cifar100/2026-09-12_17-13-07_65381509/search/
r2-emoa,cifar100,FGSM,600,r2,0.2558976073098979,results/r2-emoa/cifar100/2026-09-12_17-13-07_65381509/search/
r2-emoa,cifar100,FGSM,600,hv_2obj,24.401583298640173,results/r2-emoa/cifar100/2026-09-12_17-13-07_65381509/search/
r2-emoa,cifar100,FGSM,640,hv,72476.53032485387,results/r2-emoa/cifar100/2026-09-12_17-13-07_65381509/search/
r2-emoa,cifar100,FGSM,640,hv_acc_2obj,74.6644,results/r2-emoa/cifar100/2026-09-12_17-13-07_65381509/search/
r2-emoa,cifar100,FGSM,640,r2,0.2558976073098979,results/r2-emoa/cifar100/2026-09-12_17-13-07_65381509/search/
r2-emoa,cifar100,FGSM,640,hv_2obj,24.401583298640173,results/r2-emoa/cifar100/2026-09-12_17-13-07_65381509/search/
r2-emoa,cifar100,FGSM,680,hv,72478.12698889429,results/r2-emoa/cifar100/2026-09-12_17-13-07_65381509/search/
r2-emoa,cifar100,FGSM,680,hv_acc_2obj,74.6644,results/r2-emoa/cifar100/2026-09-12_17-13-07_65381509/search/
r2-emoa,cifar100,FGSM,680,r2,0.2558976073098979,results/r2-emoa/cifar100/2026-09-12_17-13-07_65381509/search/
r2-emoa,cifar100,FGSM,680,hv_2obj,24.401583298640173,results/r2-emoa/cifar100/2026-09-12_17-13-07_65381509/search/
r2-emoa,cifar100,FGSM,720,hv,72541.71953368056,results/r2-emoa/cifar100/2026-09-12_17-13-07_65381509/search/
r2-emoa,cifar100,FGSM,720,hv_acc_2obj,74.6644,results/r2-emoa/cifar100/2026-09-12_17-13-07_65381509/search/
r2-emoa,cifar100,FGSM,720,r2,0.2558976073098979,results/r2-emoa/cifar100/2026-09-12_17-13-07_65381509/search/
r2-emoa,cifar100,FGSM,720,hv_2obj,24.401583298640173,results/r2-emoa/cifar100/2026-09-12_17-13-07_65381509/search/
r2-emoa,cifar100,FGSM,760,hv,72544.11836795682,results/r2-emoa/cifar100/2026-09-12_17-13-07_65381509/search/
r2-emoa,cifar100,FGSM,760,hv_acc_2obj,74.6644,results/r2-emoa/cifar100/2026-09-12_17-13-07_65381509/search/
r2-emoa,cifar100,FGSM,760,r2,0.2558976073098979,results/r2-emoa/cifar100/2026-09-12_17-13-07_65381509/search/
r2-emoa,cifar100,FGSM,760,hv_2obj,24.401583298640173,results/r2-emoa/cifar100/2026-09-12_17-13-07_65381509/search/
r2-emoa,cifar100,FGSM,800,hv,72593.72215942164,results/r2-emoa/cifar100/2026-09-12_17-13-07_65381509/search/
r2-emoa,cifar100,FGSM,800,hv_acc_2obj,77.24199999999999,results/r2-emoa/cifar100/2026-09-12_17-13-07_65381509/search/
r2-emoa,cifar100,FGSM,800,r2,0.2558110214358539,results/r2-emoa/cifar100/2026-09-12_17-13-07_65381509/search/
r2-emoa,cifar100,FGSM,800,hv_2obj,24.41850746017116,results/r2-emoa/cifar100/2026-09-12_17-13-07_65381509/search/
r2-emoa,cifar100,FGSM,840,hv,72593.72571521872,results/r2-emoa/cifar100/2026-09-12_17-13-07_65381509/search/
r2-emoa,cifar100,FGSM,840,hv_acc_2obj,77.24199999999999,results/r2-emoa/cifar100/2026-09-12_17-13-07_65381509/search/
r2-emoa,cifar100,FGSM,840,r2,0.2558110214358539,results/r2-emoa/cifar100/2026-09-12_17-13-07_65381509/search/
r2-emoa,cifar100,FGSM,840,hv_2obj,24.41850746017116,results/r2-emoa/cifar100/2026-09-12_17-13-07_65381509/search/
r2-emoa,cifar100,FGSM,880,hv,72689.41177932148,results/r2-emoa/cifar100/2026-09-12_17-13-07_65381509/search/
r2-emoa,cifar100,FGSM,880,hv_acc_2obj,77.24199999999999,results/r2-emoa/cifar100/2026-09-12_17-13-07_65381509/search/
r2-emoa,cifar100,FGSM,880,r2,0.2558110214358539,results/r2-emoa/cifar100/2026-09-12_17-13-07_65381509/search/
r2-emoa,cifar100,FGSM,880,hv_2obj,24.41850746017116,results/r2-emoa/cifar100/2026-09-12_17-13-07_65381509/search/
r2-emoa,cifar100,FGSM,920,hv,72689.60547145816,results/r2-emoa/cifar100/2026-09-12_17-13-07_65381509/search/
r2-emoa,cifar100,FGSM,920,hv_acc_2obj,77.24199999999999,results/r2-emoa/cifar100/2026-09-12_17-13-07_65381509/search/
r2-emoa,cifar100,FGSM,920,r2,0.2558110214358539,results/r2-emoa/cifar100/2026-09-12_17-13-07_65381509/search/
r2-emoa,cifar100,FGSM,920,hv_2obj,24.41851630264841,results/r2-emoa/cifar100/2026-09-12_17-13-07_65381509/search/
r2-emoa,cifar100,FGSM,960,hv,72689.7685451376,results/r2-emoa/cifar100/2026-09-12_17-13-07_65381509/search/
r2-emoa,cifar100,FGSM,960,hv_acc_2obj,77.24199999999999,results/r2-emoa/cifar100/2026-09-12_17-13-07_65381509/search/
r2-emoa,cifar100,FGSM,960,r2,0.2558110214358539,results/r2-emoa/cifar100/2026-09-12_17-13-07_65381509/search/
r2-emoa,cifar100,FGSM,960,hv_2obj,24.41851630264841,results/r2-emoa/cifar100/2026-09-12_17-13-07_65381509/search/
r2-emoa,cifar100,FGSM,1000,hv,72695.39833712141,results/r2-emoa/cifar100/2026-09-12_17-13-07_65381509/search/
r2-emoa,cifar100,FGSM,1000,hv_acc_2obj,77.24199999999999,results/r2-emoa/cifar100/2026-09-12_17-13-07_65381509/search/
r2-emoa,cifar100,FGSM,1000,r2,0.2557972977793677,results/r2-emoa/cifar100/2026-09-12_17-13-07_65381509/search/
r2-emoa,cifar100,FGSM,1000,hv_2obj,24.4203573311363,results/r2-emoa/cifar100/2026-09-12_17-13-07_65381509/search/
r2-emoa,cifar100,FGSM,1040,hv,72787.9873592185,results/r2-emoa/cifar100/2026-09-12_17-13-07_65381509/search/
r2-emoa,cifar100,FGSM,1040,hv_acc_2obj,77.24199999999999,results/r2-emoa/cifar100/2026-09-12_17-13-07_65381509/search/
r2-emoa,cifar100,FGSM,1040,r2,0.2557972977793677,results/r2-emoa/cifar100/2026-09-12_17-13-07_65381509/search/
r2-emoa,cifar100,FGSM,1040,hv_2obj,24.4203573311363,results/r2-emoa/cifar100/2026-09-12_17-13-07_65381509/search/
r2-emoa,cifar100,FGSM,1080,hv,72788.08602150787,results/r2-emoa/cifar100/2026-09-12_17-13-07_65381509/search/
r2-emoa,cifar100,FGSM,1080,hv_acc_2obj,77.30439999999999,results/r2-emoa/cifar100/2026-09-12_17-13-07_65381509/search/
r2-emoa,cifar100,FGSM,1080,r2,0.2557972977793677,results/r2-emoa/cifar100/2026-09-12_17-13-07_65381509/search/
r2-emoa,cifar100,FGSM,1080,hv_2obj,24.4203573311363,results/r2-emoa/cifar100/2026-09-12_17-13-07_65381509/search/
r2-emoa,cifar100,FGSM,1120,hv,72790.914207583,results/r2-emoa/cifar100/2026-09-12_17-13-07_65381509/search/
r2-emoa,cifar100,FGSM,1120,hv_acc_2obj,77.30439999999999,results/r2-emoa/cifar100/2026-09-12_17-13-07_65381509/search/
r2-emoa,cifar100,FGSM,1120,r2,0.2557972977793677,results/r2-emoa/cifar100/2026-09-12_17-13-07_65381509/search/
r2-emoa,cifar100,FGSM,1120,hv_2obj,24.4203573311363,results/r2-emoa/cifar100/2026-09-12_17-13-07_65381509/search/
r2-emoa,cifar100,FGSM,1160,hv,72797.02107084788,results/r2-emoa/cifar100/2026-09-12_17-13-07_65381509/search/
r2-emoa,cifar100,FGSM,1160,hv_acc_2obj,77.30439999999999,results/r2-emoa/cifar100/2026-09-12_17-13-07_65381509/search/
r2-emoa,cifar100,FGSM,1160,r2,0.2557972977793677,results/r2-emoa/cifar100/2026-09-12_17-13-07_65381509/search/
r2-emoa,cifar100,FGSM,1160,hv_2obj,24.4203573311363,results/r2-emoa/cifar100/2026-09-12_17-13-07_65381509/search/
r2-emoa,cifar100,FGSM,1200,hv,72797.68030146633,results/r2-emoa/cifar100/2026-09-12_17-13-07_65381509/search/
r2-emoa,cifar100,FGSM,1200,hv_acc_2obj,77.30439999999999,results/r2-emoa/cifar100/2026-09-12_17-13-07_65381509/search/
r2-emoa,cifar100,FGSM,1200,r2,0.2557972977793677,results/r2-emoa/cifar100/2026-09-12_17-13-07_65381509/search/
r2-emoa,cifar100,FGSM,1200,hv_2obj,24.4203573311363,results/r2-emoa/cifar100/2026-09-12_17-13-07_65381509/search/
r2-emoa,cifar100,FGSM,1240,hv,72799.28570057779,results/r2-emoa/cifar100/2026-09-12_17-13-07_65381509/search/
r2-emoa,cifar100,FGSM,1240,hv_acc_2obj,77.30439999999999,results/r2-emoa/cifar100/2026-09-12_17-13-07_65381509/search/
r2-emoa,cifar100,FGSM,1240,r2,0.2557972977793677,results/r2-emoa/cifar100/2026-09-12_17-13-07_65381509/search/
r2-emoa,cifar100,FGSM,1240,hv_2obj,24.4203573311363,results/r2-emoa/cifar100/2026-09-12_17-13-07_65381509/search/
r2-emoa,cifar100,FGSM,40,hv,68693.94237451027,results/r2-emoa/cifar100/2026-09-12_22-44-03_27293207/search/
r2-emoa,cifar100,FGSM,40,hv_acc_2obj,47.67839999999998,results/r2-emoa/cifar100/2026-09-12_22-44-03_27293207/search/
r2-emoa,cifar100,FGSM,40,r2,0.2617810701039439,results/r2-emoa/cifar100/2026-09-12_22-44-03_27293207/search/
r2-emoa,cifar100,FGSM,40,hv_2obj,23.494944370674776,results/r2-emoa/cifar100/2026-09-12_22-44-03_27293207/search/
r2-emoa,cifar100,FGSM,80,hv,69033.76677451047,results/r2-emoa/cifar100/2026-09-12_22-44-03_27293207/search/
r2-emoa,cifar100,FGSM,80,hv_acc_2obj,47.67839999999998,results/r2-emoa/cifar100/2026-09-12_22-44-03_27293207/search/
r2-emoa,cifar100,FGSM,80,r2,0.26150439775156437,results/r2-emoa/cifar100/2026-09-12_22-44-03_27293207/search/
r2-emoa,cifar100,FGSM,80,hv_2obj,23.535529241567758,results/r2-emoa/cifar100/2026-09-12_22-44-03_27293207/search/
r2-emoa,cifar100,FGSM,120,hv,69362.37912414165,results/r2-emoa/cifar100/2026-09-12_22-44-03_27293207/search/
r2-emoa,cifar100,FGSM,120,hv_acc_2obj,48.90799999999995,results/r2-emoa/cifar100/2026-09-12_22-44-03_27293207/search/
r2-emoa,cifar100,FGSM,120,r2,0.26150439775156437,results/r2-emoa/cifar100/2026-09-12_22-44-03_27293207/search/
r2-emoa,cifar100,FGSM,120,hv_2obj,23.535529241567758,results/r2-emoa/cifar100/2026-09-12_22-44-03_27293207/search/
r2-emoa,cifar100,FGSM,160,hv,69712.03689326906,results/r2-emoa/cifar100/2026-09-12_22-44-03_27293207/search/
r2-emoa,cifar100,FGSM,160,hv_acc_2obj,56.26319999999993,results/r2-emoa/cifar100/2026-09-12_22-44-03_27293207/search/
r2-emoa,cifar100,FGSM,160,r2,0.26081076290842625,results/r2-emoa/cifar100/2026-09-12_22-44-03_27293207/search/
r2-emoa,cifar100,FGSM,160,hv_2obj,23.642344255024092,results/r2-emoa/cifar100/2026-09-12_22-44-03_27293207/search/
r2-emoa,cifar100,FGSM,200,hv,70464.4381775585,results/r2-emoa/cifar100/2026-09-12_22-44-03_27293207/search/
r2-emoa,cifar100,FGSM,200,hv_acc_2obj,56.77519999999992,results/r2-emoa/cifar100/2026-09-12_22-44-03_27293207/search/
r2-emoa,cifar100,FGSM,200,r2,0.2592243266720714,results/r2-emoa/cifar100/2026-09-12_22-44-03_27293207/search/
r2-emoa,cifar100,FGSM,200,hv_2obj,23.888420812972182,results/r2-emoa/cifar100/2026-09-12_22-44-03_27293207/search/
r2-emoa,cifar100,FGSM,240,hv,70466.46979090637,results/r2-emoa/cifar100/2026-09-12_22-44-03_27293207/search/
r2-emoa,cifar100,FGSM,240,hv_acc_2obj,60.71159999999997,results/r2-emoa/cifar100/2026-09-12_22-44-03_27293207/search/
r2-emoa,cifar100,FGSM,240,r2,0.2592243266720714,results/r2-emoa/cifar100/2026-09-12_22-44-03_27293207/search/
r2-emoa,cifar100,FGSM,240,hv_2obj,23.888420812972182,results/r2-emoa/cifar100/2026-09-12_22-44-03_27293207/search/
r2-emoa,cifar100,FGSM,280,hv,70854.41992636108,results/r2-emoa/cifar100/2026-09-12_22-44-03_27293207/search/
r2-emoa,cifar100,FGSM,280,hv_acc_2obj,61.38759999999992,results/r2-emoa/cifar100/2026-09-12_22-44-03_27293207/search/
r2-emoa,cifar100,FGSM,280,r2,0.25848404100963,results/r2-emoa/cifar100/2026-09-12_22-44-03_27293207/search/
r2-emoa,cifar100,FGSM,280,hv_2obj,24.000255971187723,results/r2-emoa/cifar100/2026-09-12_22-44-03_27293207/search/
r2-emoa,cifar100,FGSM,320,hv,72065.13024297862,results/r2-emoa/cifar100/2026-09-12_22-44-03_27293207/search/
r2-emoa,cifar100,FGSM,320,hv_acc_2obj,72.17720000000003,results/r2-emoa/cifar100/2026-09-12_22-44-03_27293207/search/
r2-emoa,cifar100,FGSM,320,r2,0.25612798256682356,results/r2-emoa/cifar100/2026-09-12_22-44-03_27293207/search/
r2-emoa,cifar100,FGSM,320,hv_2obj,24.37052853844828,results/r2-emoa/cifar100/2026-09-12_22-44-03_27293207/search/
r2-emoa,cifar100,FGSM,360,hv,72166.26263976083,results/r2-emoa/cifar100/2026-09-12_22-44-03_27293207/search/
r2-emoa,cifar100,FGSM,360,hv_acc_2obj,72.36160000000002,results/r2-emoa/cifar100/2026-09-12_22-44-03_27293207/search/
r2-emoa,cifar100,FGSM,360,r2,0.25612798256682356,results/r2-emoa/cifar100/2026-09-12_22-44-03_27293207/search/
r2-emoa,cifar100,FGSM,360,hv_2obj,24.37052853844828,results/r2-emoa/cifar100/2026-09-12_22-44-03_27293207/search/
r2-emoa,cifar100,FGSM,400,hv,72170.16002258776,results/r2-emoa/cifar100/2026-09-12_22-44-03_27293207/search/
r2-emoa,cifar100,FGSM,400,hv_acc_2obj,72.36160000000002,results/r2-emoa/cifar100/2026-09-12_22-44-03_27293207/search/
r2-emoa,cifar100,FGSM,400,r2,0.25612798256682356,results/r2-emoa/cifar100/2026-09-12_22-44-03_27293207/search/
r2-emoa,cifar100,FGSM,400,hv_2obj,24.370543296901666,results/r2-emoa/cifar100/2026-09-12_22-44-03_27293207/search/
r2-emoa,cifar100,FGSM,440,hv,72308.55817584753,results/r2-emoa/cifar100/2026-09-12_22-44-03_27293207/search/
r2-emoa,cifar100,FGSM,440,hv_acc_2obj,74.43680000000002,results/r2-emoa/cifar100/2026-09-12_22-44-03_27293207/search/
r2-emoa,cifar100,FGSM,440,r2,0.25585722562197355,results/r2-emoa/cifar100/2026-09-12_22-44-03_27293207/search/
r2-emoa,cifar100,FGSM,440,hv_2obj,24.412231251857754,results/r2-emoa/cifar100/2026-09-12_22-44-03_27293207/search/
r2-emoa,cifar100,FGSM,480,hv,72428.99985957266,results/r2-emoa/cifar100/2026-09-12_22-44-03_27293207/search/
r2-emoa,cifar100,FGSM,480,hv_acc_2obj,74.45600000000002,results/r2-emoa/cifar100/2026-09-12_22-44-03_27293207/search/
r2-emoa,cifar100,FGSM,480,r2,0.2558556219719769,results/r2-emoa/cifar100/2026-09-12_22-44-03_27293207/search/
r2-emoa,cifar100,FGSM,480,hv_2obj,24.416293411461925,results/r2-emoa/cifar100/2026-09-12_22-44-03_27293207/search/
r2-emoa,cifar100,FGSM,520,hv,72785.99943038696,results/r2-emoa/cifar100/2026-09-12_22-44-03_27293207/search/
r2-emoa,cifar100,FGSM,520,hv_acc_2obj,77.42960000000001,results/r2-emoa/cifar100/2026-09-12_22-44-03_27293207/search/
r2-emoa,cifar100,FGSM,520,r2,0.25509113318516585,results/r2-emoa/cifar100/2026-09-12_22-44-03_27293207/search/
r2-emoa,cifar100,FGSM,520,hv_2obj,24.536516731003502,results/r2-emoa/cifar100/2026-09-12_22-44-03_27293207/search/
r2-emoa,cifar100,FGSM,560,hv,73369.87876156792,results/r2-emoa/cifar100/2026-09-12_22-44-03_27293207/search/
r2-emoa,cifar100,FGSM,560,hv_acc_2obj,78.474,results/r2-emoa/cifar100/2026-09-12_22-44-03_27293207/search/
r2-emoa,cifar100,FGSM,560,r2,0.25381694059706594,results/r2-emoa/cifar100/2026-09-12_22-44-03_27293207/search/
r2-emoa,cifar100,FGSM,560,hv_2obj,24.736083131746057,results/r2-emoa/cifar100/2026-09-12_22-44-03_27293207/search/
r2-emoa,cifar100,FGSM,600,hv,73432.90902187268,results/r2-emoa/cifar100/2026-09-12_22-44-03_27293207/search/
r2-emoa,cifar100,FGSM,600,hv_acc_2obj,78.474,results/r2-emoa/cifar100/2026-09-12_22-44-03_27293207/search/
r2-emoa,cifar100,FGSM,600,r2,0.25381694059706594,results/r2-emoa/cifar100/2026-09-12_22-44-03_27293207/search/
r2-emoa,cifar100,FGSM,600,hv_2obj,24.736083131746057,results/r2-emoa/cifar100/2026-09-12_22-44-03_27293207/search/
r2-emoa,cifar100,FGSM,640,hv,73754.813435036,results/r2-emoa/cifar100/2026-09-12_22-44-03_27293207/search/
r2-emoa,cifar100,FGSM,640,hv_acc_2obj,80.04599999999998,results/r2-emoa/cifar100/2026-09-12_22-44-03_27293207/search/
r2-emoa,cifar100,FGSM,640,r2,0.25312680417442646,results/r2-emoa/cifar100/2026-09-12_22-44-03_27293207/search/
r2-emoa,cifar100,FGSM,640,hv_2obj,24.84038181516284,results/r2-emoa/cifar100/2026-09-12_22-44-03_27293207/search/
r2-emoa,cifar100,FGSM,680,hv,73775.14328198369,results/r2-emoa/cifar100/2026-09-12_22-44-03_27293207/search/
r2-emoa,cifar100,FGSM,680,hv_acc_2obj,80.10119999999998,results/r2-emoa/cifar100/2026-09-12_22-44-03_27293207/search/
r2-emoa,cifar100,FGSM,680,r2,0.25312680417442646,results/r2-emoa/cifar100/2026-09-12_22-44-03_27293207/search/
r2-emoa,cifar100,FGSM,680,hv_2obj,24.8405496200348,results/r2-emoa/cifar100/2026-09-12_22-44-03_27293207/search/
r2-emoa,cifar100,FGSM,720,hv,73782.91633601341,results/r2-emoa/cifar100/2026-09-12_22-44-03_27293207/search/
r2-emoa,cifar100,FGSM,720,hv_acc_2obj,83.83360000000003,results/r2-emoa/cifar100/2026-09-12_22-44-03_27293207/search/
r2-emoa,cifar100,FGSM,720,r2,0.25312680417442646,results/r2-emoa/cifar100/2026-09-12_22-44-03_27293207/search/
r2-emoa,cifar100,FGSM,720,hv_2obj,24.84275211929241,results/r2-emoa/cifar100/2026-09-12_22-44-03_27293207/search/
r2-emoa,cifar100,FGSM,760,hv,73784.15056809424,results/r2-emoa/cifar100/2026-09-12_22-44-03_27293207/search/
r2-emoa,cifar100,FGSM,760,hv_acc_2obj,83.83360000000003,results/r2-emoa/cifar100/2026-09-12_22-44-03_27293207/search/
r2-emoa,cifar100,FGSM,760,r2,0.25312680417442646,results/r2-emoa/cifar100/2026-09-12_22-44-03_27293207/search/
r2-emoa,cifar100,FGSM,760,hv_2obj,24.84275211929241,results/r2-emoa/cifar100/2026-09-12_22-44-03_27293207/search/
r2-emoa,cifar100,FGSM,800,hv,73786.23722087064,results/r2-emoa/cifar100/2026-09-12_22-44-03_27293207/search/
r2-emoa,cifar100,FGSM,800,hv_acc_2obj,83.83360000000003,results/r2-emoa/cifar100/2026-09-12_22-44-03_27293207/search/
r2-emoa,cifar100,FGSM,800,r2,0.25312680417442646,results/r2-emoa/cifar100/2026-09-12_22-44-03_27293207/search/
r2-emoa,cifar100,FGSM,800,hv_2obj,24.84275211929241,results/r2-emoa/cifar100/2026-09-12_22-44-03_27293207/search/
r2-emoa,cifar100,FGSM,840,hv,73788.92019592276,results/r2-emoa/cifar100/2026-09-12_22-44-03_27293207/search/
r2-emoa,cifar100,FGSM,840,hv_acc_2obj,83.83360000000003,results/r2-emoa/cifar100/2026-09-12_22-44-03_27293207/search/
r2-emoa,cifar100,FGSM,840,r2,0.25312680417442646,results/r2-emoa/cifar100/2026-09-12_22-44-03_27293207/search/
r2-emoa,cifar100,FGSM,840,hv_2obj,24.84275211929241,results/r2-emoa/cifar100/2026-09-12_22-44-03_27293207/search/
r2-emoa,cifar100,FGSM,880,hv,73788.93091086701,results/r2-emoa/cifar100/2026-09-12_22-44-03_27293207/search/
r2-emoa,cifar100,FGSM,880,hv_acc_2obj,83.83360000000003,results/r2-emoa/cifar100/2026-09-12_22-44-03_27293207/search/
r2-emoa,cifar100,FGSM,880,r2,0.25312680417442646,results/r2-emoa/cifar100/2026-09-12_22-44-03_27293207/search/
r2-emoa,cifar100,FGSM,880,hv_2obj,24.84275211929241,results/r2-emoa/cifar100/2026-09-12_22-44-03_27293207/search/
r2-emoa,cifar100,FGSM,920,hv,73793.23989933862,results/r2-emoa/cifar100/2026-09-12_22-44-03_27293207/search/
r2-emoa,cifar100,FGSM,920,hv_acc_2obj,83.83360000000003,results/r2-emoa/cifar100/2026-09-12_22-44-03_27293207/search/
r2-emoa,cifar100,FGSM,920,r2,0.25312680417442646,results/r2-emoa/cifar100/2026-09-12_22-44-03_27293207/search/
r2-emoa,cifar100,FGSM,920,hv_2obj,24.843022430075266,results/r2-emoa/cifar100/2026-09-12_22-44-03_27293207/search/
r2-emoa,cifar100,FGSM,960,hv,73793.24597493141,results/r2-emoa/cifar100/2026-09-12_22-44-03_27293207/search/
r2-emoa,cifar100,FGSM,960,hv_acc_2obj,83.83360000000003,results/r2-emoa/cifar100/2026-09-12_22-44-03_27293207/search/
r2-emoa,cifar100,FGSM,960,r2,0.25312680417442646,results/r2-emoa/cifar100/2026-09-12_22-44-03_27293207/search/
r2-emoa,cifar100,FGSM,960,hv_2obj,24.843022430075266,results/r2-emoa/cifar100/2026-09-12_22-44-03_27293207/search/
r2-emoa,cifar100,FGSM,1000,hv,73794.55278892683,results/r2-emoa/cifar100/2026-09-12_22-44-03_27293207/search/
r2-emoa,cifar100,FGSM,1000,hv_acc_2obj,83.83360000000003,results/r2-emoa/cifar100/2026-09-12_22-44-03_27293207/search/
r2-emoa,cifar100,FGSM,1000,r2,0.25312680417442646,results/r2-emoa/cifar100/2026-09-12_22-44-03_27293207/search/
r2-emoa,cifar100,FGSM,1000,hv_2obj,24.843022430075266,results/r2-emoa/cifar100/2026-09-12_22-44-03_27293207/search/
r2-emoa,cifar100,FGSM,1040,hv,73795.53145207312,results/r2-emoa/cifar100/2026-09-12_22-44-03_27293207/search/
r2-emoa,cifar100,FGSM,1040,hv_acc_2obj,83.84080000000004,results/r2-emoa/cifar100/2026-09-12_22-44-03_27293207/search/
r2-emoa,cifar100,FGSM,1040,r2,0.25312680417442646,results/r2-emoa/cifar100/2026-09-12_22-44-03_27293207/search/
r2-emoa,cifar100,FGSM,1040,hv_2obj,24.843022430075266,results/r2-emoa/cifar100/2026-09-12_22-44-03_27293207/search/
r2-emoa,cifar100,FGSM,1080,hv,73795.55767137303,results/r2-emoa/cifar100/2026-09-12_22-44-03_27293207/search/
r2-emoa,cifar100,FGSM,1080,hv_acc_2obj,83.84080000000004,results/r2-emoa/cifar100/2026-09-12_22-44-03_27293207/search/
r2-emoa,cifar100,FGSM,1080,r2,0.25312680417442646,results/r2-emoa/cifar100/2026-09-12_22-44-03_27293207/search/
r2-emoa,cifar100,FGSM,1080,hv_2obj,24.843022430075266,results/r2-emoa/cifar100/2026-09-12_22-44-03_27293207/search/
r2-emoa,cifar100,FGSM,1120,hv,73795.99537561524,results/r2-emoa/cifar100/2026-09-12_22-44-03_27293207/search/
r2-emoa,cifar100,FGSM,1120,hv_acc_2obj,85.64720000000003,results/r2-emoa/cifar100/2026-09-12_22-44-03_27293207/search/
r2-emoa,cifar100,FGSM,1120,r2,0.25312680417442646,results/r2-emoa/cifar100/2026-09-12_22-44-03_27293207/search/
r2-emoa,cifar100,FGSM,1120,hv_2obj,24.84311742667215,results/r2-emoa/cifar100/2026-09-12_22-44-03_27293207/search/
r2-emoa,cifar100,FGSM,1160,hv,73800.31111376871,results/r2-emoa/cifar100/2026-09-12_22-44-03_27293207/search/
r2-emoa,cifar100,FGSM,1160,hv_acc_2obj,85.64720000000003,results/r2-emoa/cifar100/2026-09-12_22-44-03_27293207/search/
r2-emoa,cifar100,FGSM,1160,r2,0.25312680417442646,results/r2-emoa/cifar100/2026-09-12_22-44-03_27293207/search/
r2-emoa,cifar100,FGSM,1160,hv_2obj,24.844471093927,results/r2-emoa/cifar100/2026-09-12_22-44-03_27293207/search/
r2-emoa,cifar100,FGSM,1200,hv,73800.35764250386,results/r2-emoa/cifar100/2026-09-12_22-44-03_27293207/search/
r2-emoa,cifar100,FGSM,1200,hv_acc_2obj,85.64720000000003,results/r2-emoa/cifar100/2026-09-12_22-44-03_27293207/search/
r2-emoa,cifar100,FGSM,1200,r2,0.25312680417442646,results/r2-emoa/cifar100/2026-09-12_22-44-03_27293207/search/
r2-emoa,cifar100,FGSM,1200,hv_2obj,24.844471093927,results/r2-emoa/cifar100/2026-09-12_22-44-03_27293207/search/
r2-emoa,cifar100,FGSM,1240,hv,73803.1418586598,results/r2-emoa/cifar100/2026-09-12_22-44-03_27293207/search/
r2-emoa,cifar100,FGSM,1240,hv_acc_2obj,85.66520000000003,results/r2-emoa/cifar100/2026-09-12_22-44-03_27293207/search/
r2-emoa,cifar100,FGSM,1240,r2,0.25312680417442646,results/r2-emoa/cifar100/2026-09-12_22-44-03_27293207/search/
r2-emoa,cifar100,FGSM,1240,hv_2obj,24.84451134605599,results/r2-emoa/cifar100/2026-09-12_22-44-03_27293207/search/
r2-emoa,cifar100,FGSM,40,hv,67656.62111882567,results/r2-emoa/cifar100/2026-09-13_04-29-18_27522793/search/
r2-emoa,cifar100,FGSM,40,hv_acc_2obj,43.21119999999995,results/r2-emoa/cifar100/2026-09-13_04-29-18_27522793/search/
r2-emoa,cifar100,FGSM,40,r2,0.2641763103560106,results/r2-emoa/cifar100/2026-09-13_04-29-18_27522793/search/
r2-emoa,cifar100,FGSM,40,hv_2obj,23.130479339319265,results/r2-emoa/cifar100/2026-09-13_04-29-18_27522793/search/
r2-emoa,cifar100,FGSM,80,hv,68372.8515478517,results/r2-emoa/cifar100/2026-09-13_04-29-18_27522793/search/
r2-emoa,cifar100,FGSM,80,hv_acc_2obj,44.01599999999995,results/r2-emoa/cifar100/2026-09-13_04-29-18_27522793/search/
r2-emoa,cifar100,FGSM,80,r2,0.2632323750597009,results/r2-emoa/cifar100/2026-09-13_04-29-18_27522793/search/
r2-emoa,cifar100,FGSM,80,hv_2obj,23.271547149217373,results/r2-emoa/cifar100/2026-09-13_04-29-18_27522793/search/
r2-emoa,cifar100,FGSM,120,hv,68904.88686161127,results/r2-emoa/cifar100/2026-09-13_04-29-18_27522793/search/
r2-emoa,cifar100,FGSM,120,hv_acc_2obj,45.02399999999995,results/r2-emoa/cifar100/2026-09-13_04-29-18_27522793/search/
r2-emoa,cifar100,FGSM,120,r2,0.2621236925976165,results/r2-emoa/cifar100/2026-09-13_04-29-18_27522793/search/
r2-emoa,cifar100,FGSM,120,hv_2obj,23.438791636317912,results/r2-emoa/cifar100/2026-09-13_04-29-18_27522793/search/
r2-emoa,cifar100,FGSM,160,hv,69209.01709469572,results/r2-emoa/cifar100/2026-09-13_04-29-18_27522793/search/
r2-emoa,cifar100,FGSM,160,hv_acc_2obj,48.91080000000001,results/r2-emoa/cifar100/2026-09-13_04-29-18_27522793/search/
r2-emoa,cifar100,FGSM,160,r2,0.26189528407733914,results/r2-emoa/cifar100/2026-09-13_04-29-18_27522793/search/
r2-emoa,cifar100,FGSM,160,hv_2obj,23.4737243163436,results/r2-emoa/cifar100/2026-09-13_04-29-18_27522793/search/
r2-emoa,cifar100,FGSM,200,hv,70419.20044944547,results/r2-emoa/cifar100/2026-09-13_04-29-18_27522793/search/
r2-emoa,cifar100,FGSM,200,hv_acc_2obj,53.06880000000006,results/r2-emoa/cifar100/2026-09-13_04-29-18_27522793/search/
r2-emoa,cifar100,FGSM,200,r2,0.2594629450493387,results/r2-emoa/cifar100/2026-09-13_04-29-18_27522793/search/
r2-emoa,cifar100,FGSM,200,hv_2obj,23.84862555541301,results/r2-emoa/cifar100/2026-09-13_04-29-18_27522793/search/
r2-emoa,cifar100,FGSM,240,hv,70758.21650800903,results/r2-emoa/cifar100/2026-09-13_04-29-18_27522793/search/
r2-emoa,cifar100,FGSM,240,hv_acc_2obj,53.06880000000006,results/r2-emoa/cifar100/2026-09-13_04-29-18_27522793/search/
r2-emoa,cifar100,FGSM,240,r2,0.25939607267749015,results/r2-emoa/cifar100/2026-09-13_04-29-18_27522793/search/
r2-emoa,cifar100,FGSM,240,hv_2obj,23.859064559815714,results/r2-emoa/cifar100/2026-09-13_04-29-18_27522793/search/
r2-emoa,cifar100,FGSM,280,hv,70791.87239881298,results/r2-emoa/cifar100/2026-09-13_04-29-18_27522793/search/
r2-emoa,cifar100,FGSM,280,hv_acc_2obj,56.95240000000004,results/r2-emoa/cifar100/2026-09-13_04-29-18_27522793/search/
r2-emoa,cifar100,FGSM,280,r2,0.25939607267749015,results/r2-emoa/cifar100/2026-09-13_04-29-18_27522793/search/
r2-emoa,cifar100,FGSM,280,hv_2obj,23.859064559815714,results/r2-emoa/cifar100/2026-09-13_04-29-18_27522793/search/
r2-emoa,cifar100,FGSM,320,hv,70805.2217264668,results/r2-emoa/cifar100/2026-09-13_04-29-18_27522793/search/
r2-emoa,cifar100,FGSM,320,hv_acc_2obj,58.246800000000036,results/r2-emoa/cifar100/2026-09-13_04-29-18_27522793/search/
r2-emoa,cifar100,FGSM,320,r2,0.25939607267749015,results/r2-emoa/cifar100/2026-09-13_04-29-18_27522793/search/
r2-emoa,cifar100,FGSM,320,hv_2obj,23.859064559815714,results/r2-emoa/cifar100/2026-09-13_04-29-18_27522793/search/
r2-emoa,cifar100,FGSM,360,hv,70813.1057483214,results/r2-emoa/cifar100/2026-09-13_04-29-18_27522793/search/
r2-emoa,cifar100,FGSM,360,hv_acc_2obj,60.350800000000035,results/r2-emoa/cifar100/2026-09-13_04-29-18_27522793/search/
r2-emoa,cifar100,FGSM,360,r2,0.25939607267749015,results/r2-emoa/cifar100/2026-09-13_04-29-18_27522793/search/
r2-emoa,cifar100,FGSM,360,hv_2obj,23.859064559815714,results/r2-emoa/cifar100/2026-09-13_04-29-18_27522793/search/
r2-emoa,cifar100,FGSM,400,hv,71273.34950641375,results/r2-emoa/cifar100/2026-09-13_04-29-18_27522793/search/
r2-emoa,cifar100,FGSM,400,hv_acc_2obj,64.53359999999999,results/r2-emoa/cifar100/2026-09-13_04-29-18_27522793/search/
r2-emoa,cifar100,FGSM,400,r2,0.258552683582865,results/r2-emoa/cifar100/2026-09-13_04-29-18_27522793/search/
r2-emoa,cifar100,FGSM,400,hv_2obj,23.987275227363668,results/r2-emoa/cifar100/2026-09-13_04-29-18_27522793/search/
r2-emoa,cifar100,FGSM,440,hv,71762.16082687123,results/r2-emoa/cifar100/2026-09-13_04-29-18_27522793/search/
r2-emoa,cifar100,FGSM,440,hv_acc_2obj,67.32760000000005,results/r2-emoa/cifar100/2026-09-13_04-29-18_27522793/search/
r2-emoa,cifar100,FGSM,440,r2,0.2575372917587117,results/r2-emoa/cifar100/2026-09-13_04-29-18_27522793/search/
r2-emoa,cifar100,FGSM,440,hv_2obj,24.145555363261277,results/r2-emoa/cifar100/2026-09-13_04-29-18_27522793/search/
r2-emoa,cifar100,FGSM,480,hv,71906.82569035141,results/r2-emoa/cifar100/2026-09-13_04-29-18_27522793/search/
r2-emoa,cifar100,FGSM,480,hv_acc_2obj,68.95999999999992,results/r2-emoa/cifar100/2026-09-13_04-29-18_27522793/search/
r2-emoa,cifar100,FGSM,480,r2,0.2572525311668067,results/r2-emoa/cifar100/2026-09-13_04-29-18_27522793/search/
r2-emoa,cifar100,FGSM,480,hv_2obj,24.190958108506187,results/r2-emoa/cifar100/2026-09-13_04-29-18_27522793/search/
r2-emoa,cifar100,FGSM,520,hv,71917.05832397223,results/r2-emoa/cifar100/2026-09-13_04-29-18_27522793/search/
r2-emoa,cifar100,FGSM,520,hv_acc_2obj,68.95999999999992,results/r2-emoa/cifar100/2026-09-13_04-29-18_27522793/search/
r2-emoa,cifar100,FGSM,520,r2,0.2572525311668067,results/r2-emoa/cifar100/2026-09-13_04-29-18_27522793/search/
r2-emoa,cifar100,FGSM,520,hv_2obj,24.19304493780311,results/r2-emoa/cifar100/2026-09-13_04-29-18_27522793/search/
r2-emoa,cifar100,FGSM,560,hv,71955.37418394057,results/r2-emoa/cifar100/2026-09-13_04-29-18_27522793/search/
r2-emoa,cifar100,FGSM,560,hv_acc_2obj,68.95999999999992,results/r2-emoa/cifar100/2026-09-13_04-29-18_27522793/search/
r2-emoa,cifar100,FGSM,560,r2,0.2572525311668067,results/r2-emoa/cifar100/2026-09-13_04-29-18_27522793/search/
r2-emoa,cifar100,FGSM,560,hv_2obj,24.193404328222147,results/r2-emoa/cifar100/2026-09-13_04-29-18_27522793/search/
r2-emoa,cifar100,FGSM,600,hv,71968.25400440913,results/r2-emoa/cifar100/2026-09-13_04-29-18_27522793/search/
r2-emoa,cifar100,FGSM,600,hv_acc_2obj,69.06399999999992,results/r2-emoa/cifar100/2026-09-13_04-29-18_27522793/search/
r2-emoa,cifar100,FGSM,600,r2,0.2572525311668067,results/r2-emoa/cifar100/2026-09-13_04-29-18_27522793/search/
r2-emoa,cifar100,FGSM,600,hv_2obj,24.193404328222147,results/r2-emoa/cifar100/2026-09-13_04-29-18_27522793/search/
r2-emoa,cifar100,FGSM,640,hv,72211.31162516301,results/r2-emoa/cifar100/2026-09-13_04-29-18_27522793/search/
r2-emoa,cifar100,FGSM,640,hv_acc_2obj,69.06399999999992,results/r2-emoa/cifar100/2026-09-13_04-29-18_27522793/search/
r2-emoa,cifar100,FGSM,640,r2,0.25672230608746993,results/r2-emoa/cifar100/2026-09-13_04-29-18_27522793/search/
r2-emoa,cifar100,FGSM,640,hv_2obj,24.276002698072926,results/r2-emoa/cifar100/2026-09-13_04-29-18_27522793/search/
r2-emoa,cifar100,FGSM,680,hv,72222.12103997925,results/r2-emoa/cifar100/2026-09-13_04-29-18_27522793/search/
r2-emoa,cifar100,FGSM,680,hv_acc_2obj,69.55959999999992,results/r2-emoa/cifar100/2026-09-13_04-29-18_27522793/search/
r2-emoa,cifar100,FGSM,680,r2,0.2566972878428083,results/r2-emoa/cifar100/2026-09-13_04-29-18_27522793/search/
r2-emoa,cifar100,FGSM,680,hv_2obj,24.278963227093797,results/r2-emoa/cifar100/2026-09-13_04-29-18_27522793/search/
r2-emoa,cifar100,FGSM,720,hv,72312.87309064725,results/r2-emoa/cifar100/2026-09-13_04-29-18_27522793/search/
r2-emoa,cifar100,FGSM,720,hv_acc_2obj,71.61119999999993,results/r2-emoa/cifar100/2026-09-13_04-29-18_27522793/search/
r2-emoa,cifar100,FGSM,720,r2,0.25652812220965704,results/r2-emoa/cifar100/2026-09-13_04-29-18_27522793/search/
r2-emoa,cifar100,FGSM,720,hv_2obj,24.305649504474477,results/r2-emoa/cifar100/2026-09-13_04-29-18_27522793/search/
r2-emoa,cifar100,FGSM,760,hv,72316.25320162019,results/r2-emoa/cifar100/2026-09-13_04-29-18_27522793/search/
r2-emoa,cifar100,FGSM,760,hv_acc_2obj,71.64719999999993,results/r2-emoa/cifar100/2026-09-13_04-29-18_27522793/search/
r2-emoa,cifar100,FGSM,760,r2,0.25652812220965704,results/r2-emoa/cifar100/2026-09-13_04-29-18_27522793/search/
r2-emoa,cifar100,FGSM,760,hv_2obj,24.305649504474477,results/r2-emoa/cifar100/2026-09-13_04-29-18_27522793/search/
r2-emoa,cifar100,FGSM,800,hv,72316.70306267517,results/r2-emoa/cifar100/2026-09-13_04-29-18_27522793/search/
r2-emoa,cifar100,FGSM,800,hv_acc_2obj,72.6728,results/r2-emoa/cifar100/2026-09-13_04-29-18_27522793/search/
r2-emoa,cifar100,FGSM,800,r2,0.25652812220965704,results/r2-emoa/cifar100/2026-09-13_04-29-18_27522793/search/
r2-emoa,cifar100,FGSM,800,hv_2obj,24.305649504474477,results/r2-emoa/cifar100/2026-09-13_04-29-18_27522793/search/
r2-emoa,cifar100,FGSM,840,hv,73108.91426778902,results/r2-emoa/cifar100/2026-09-13_04-29-18_27522793/search/
r2-emoa,cifar100,FGSM,840,hv_acc_2obj,79.15760000000007,results/r2-emoa/cifar100/2026-09-13_04-29-18_27522793/search/
r2-emoa,cifar100,FGSM,840,r2,0.25479274886411885,results/r2-emoa/cifar100/2026-09-13_04-29-18_27522793/search/
r2-emoa,cifar100,FGSM,840,hv_2obj,24.57675411152064,results/r2-emoa/cifar100/2026-09-13_04-29-18_27522793/search/
r2-emoa,cifar100,FGSM,880,hv,73111.87304792389,results/r2-emoa/cifar100/2026-09-13_04-29-18_27522793/search/
r2-emoa,cifar100,FGSM,880,hv_acc_2obj,79.15760000000007,results/r2-emoa/cifar100/2026-09-13_04-29-18_27522793/search/
r2-emoa,cifar100,FGSM,880,r2,0.25479274886411885,results/r2-emoa/cifar100/2026-09-13_04-29-18_27522793/search/
r2-emoa,cifar100,FGSM,880,hv_2obj,24.57675411152064,results/r2-emoa/cifar100/2026-09-13_04-29-18_27522793/search/
r2-emoa,cifar100,FGSM,920,hv,73114.18937859518,results/r2-emoa/cifar100/2026-09-13_04-29-18_27522793/search/
r2-emoa,cifar100,FGSM,920,hv_acc_2obj,79.15760000000007,results/r2-emoa/cifar100/2026-09-13_04-29-18_27522793/search/
r2-emoa,cifar100,FGSM,920,r2,0.25479274886411885,results/r2-emoa/cifar100/2026-09-13_04-29-18_27522793/search/
r2-emoa,cifar100,FGSM,920,hv_2obj,24.57675411152064,results/r2-emoa/cifar100/2026-09-13_04-29-18_27522793/search/
r2-emoa,cifar100,FGSM,960,hv,73114.19431792547,results/r2-emoa/cifar100/2026-09-13_04-29-18_27522793/search/
r2-emoa,cifar100,FGSM,960,hv_acc_2obj,79.15760000000007,results/r2-emoa/cifar100/2026-09-13_04-29-18_27522793/search/
r2-emoa,cifar100,FGSM,960,r2,0.25479274886411885,results/r2-emoa/cifar100/2026-09-13_04-29-18_27522793/search/
r2-emoa,cifar100,FGSM,960,hv_2obj,24.57675411152064,results/r2-emoa/cifar100/2026-09-13_04-29-18_27522793/search/
r2-emoa,cifar100,FGSM,1000,hv,73115.950800936,results/r2-emoa/cifar100/2026-09-13_04-29-18_27522793/search/
r2-emoa,cifar100,FGSM,1000,hv_acc_2obj,79.15760000000007,results/r2-emoa/cifar100/2026-09-13_04-29-18_27522793/search/
r2-emoa,cifar100,FGSM,1000,r2,0.25479274886411885,results/r2-emoa/cifar100/2026-09-13_04-29-18_27522793/search/
r2-emoa,cifar100,FGSM,1000,hv_2obj,24.577291837204168,results/r2-emoa/cifar100/2026-09-13_04-29-18_27522793/search/
r2-emoa,cifar100,FGSM,1040,hv,73116.3178184452,results/r2-emoa/cifar100/2026-09-13_04-29-18_27522793/search/
r2-emoa,cifar100,FGSM,1040,hv_acc_2obj,79.15760000000007,results/r2-emoa/cifar100/2026-09-13_04-29-18_27522793/search/
r2-emoa,cifar100,FGSM,1040,r2,0.25479274886411885,results/r2-emoa/cifar100/2026-09-13_04-29-18_27522793/search/
r2-emoa,cifar100,FGSM,1040,hv_2obj,24.577291837204168,results/r2-emoa/cifar100/2026-09-13_04-29-18_27522793/search/
r2-emoa,cifar100,FGSM,1080,hv,73117.16755994309,results/r2-emoa/cifar100/2026-09-13_04-29-18_27522793/search/
r2-emoa,cifar100,FGSM,1080,hv_acc_2obj,79.15760000000007,results/r2-emoa/cifar100/2026-09-13_04-29-18_27522793/search/
r2-emoa,cifar100,FGSM,1080,r2,0.25479274886411885,results/r2-emoa/cifar100/2026-09-13_04-29-18_27522793/search/
r2-emoa,cifar100,FGSM,1080,hv_2obj,24.577291837204168,results/r2-emoa/cifar100/2026-09-13_04-29-18_27522793/search/
r2-emoa,cifar100,FGSM,1120,hv,73120.72212601834,results/r2-emoa/cifar100/2026-09-13_04-29-18_27522793/search/
r2-emoa,cifar100,FGSM,1120,hv_acc_2obj,79.15760000000007,results/r2-emoa/cifar100/2026-09-13_04-29-18_27522793/search/
r2-emoa,cifar100,FGSM,1120,r2,0.25479274886411885,results/r2-emoa/cifar100/2026-09-13_04-29-18_27522793/search/
r2-emoa,cifar100,FGSM,1120,hv_2obj,24.577291837204168,results/r2-emoa/cifar100/2026-09-13_04-29-18_27522793/search/
r2-emoa,cifar100,FGSM,1160,hv,73132.75895755975,results/r2-emoa/cifar100/2026-09-13_04-29-18_27522793/search/
r2-emoa,cifar100,FGSM,1160,hv_acc_2obj,79.15760000000007,results/r2-emoa/cifar100/2026-09-13_04-29-18_27522793/search/
r2-emoa,cifar100,FGSM,1160,r2,0.25479274886411885,results/r2-emoa/cifar100/2026-09-13_04-29-18_27522793/search/
r2-emoa,cifar100,FGSM,1160,hv_2obj,24.577291837204168,results/r2-emoa/cifar100/2026-09-13_04-29-18_27522793/search/
r2-emoa,cifar100,FGSM,1200,hv,73133.12809046458,results/r2-emoa/cifar100/2026-09-13_04-29-18_27522793/search/
r2-emoa,cifar100,FGSM,1200,hv_acc_2obj,79.15760000000007,results/r2-emoa/cifar100/2026-09-13_04-29-18_27522793/search/
r2-emoa,cifar100,FGSM,1200,r2,0.25479274886411885,results/r2-emoa/cifar100/2026-09-13_04-29-18_27522793/search/
r2-emoa,cifar100,FGSM,1200,hv_2obj,24.577291837204168,results/r2-emoa/cifar100/2026-09-13_04-29-18_27522793/search/
r2-emoa,cifar100,FGSM,1240,hv,73170.65017372354,results/r2-emoa/cifar100/2026-09-13_04-29-18_27522793/search/
r2-emoa,cifar100,FGSM,1240,hv_acc_2obj,81.47599999999997,results/r2-emoa/cifar100/2026-09-13_04-29-18_27522793/search/
r2-emoa,cifar100,FGSM,1240,r2,0.25479274886411885,results/r2-emoa/cifar100/2026-09-13_04-29-18_27522793/search/
r2-emoa,cifar100,FGSM,1240,hv_2obj,24.577291837204168,results/r2-emoa/cifar100/2026-09-13_04-29-18_27522793/search/
r2-emoa,cifar100,FGSM,40,hv,68293.05200128719,results/r2-emoa/cifar100/2026-09-13_10-40-39_18906049/search/
r2-emoa,cifar100,FGSM,40,hv_acc_2obj,52.258800000000015,results/r2-emoa/cifar100/2026-09-13_10-40-39_18906049/search/
r2-emoa,cifar100,FGSM,40,r2,0.19519870181811766,results/r2-emoa/cifar100/2026-09-13_10-40-39_18906049/search/
r2-emoa,cifar100,FGSM,40,hv_2obj,23.34900723944299,results/r2-emoa/cifar100/2026-09-13_10-40-39_18906049/search/
r2-emoa,cifar100,FGSM,80,hv,68666.05349018017,results/r2-emoa/cifar100/2026-09-13_10-40-39_18906049/search/
r2-emoa,cifar100,FGSM,80,hv_acc_2obj,52.258800000000015,results/r2-emoa/cifar100/2026-09-13_10-40-39_18906049/search/
r2-emoa,cifar100,FGSM,80,r2,0.1947608783454076,results/r2-emoa/cifar100/2026-09-13_10-40-39_18906049/search/
r2-emoa,cifar100,FGSM,80,hv_2obj,23.415213134932195,results/r2-emoa/cifar100/2026-09-13_10-40-39_18906049/search/
r2-emoa,cifar100,FGSM,120,hv,68892.01759490288,results/r2-emoa/cifar100/2026-09-13_10-40-39_18906049/search/
r2-emoa,cifar100,FGSM,120,hv_acc_2obj,56.38679999999997,results/r2-emoa/cifar100/2026-09-13_10-40-39_18906049/search/
r2-emoa,cifar100,FGSM,120,r2,0.19448095663879308,results/r2-emoa/cifar100/2026-09-13_10-40-39_18906049/search/
r2-emoa,cifar100,FGSM,120,hv_2obj,23.46810666969595,results/r2-emoa/cifar100/2026-09-13_10-40-39_18906049/search/
r2-emoa,cifar100,FGSM,160,hv,69327.80505723986,results/r2-emoa/cifar100/2026-09-13_10-40-39_18906049/search/
r2-emoa,cifar100,FGSM,160,hv_acc_2obj,61.31199999999995,results/r2-emoa/cifar100/2026-09-13_10-40-39_18906049/search/
r2-emoa,cifar100,FGSM,160,r2,0.1938965223172779,results/r2-emoa/cifar100/2026-09-13_10-40-39_18906049/search/
r2-emoa,cifar100,FGSM,160,hv_2obj,23.572153158679754,results/r2-emoa/cifar100/2026-09-13_10-40-39_18906049/search/
r2-emoa,cifar100,FGSM,200,hv,70705.4783012684,results/r2-emoa/cifar100/2026-09-13_10-40-39_18906049/search/
r2-emoa,cifar100,FGSM,200,hv_acc_2obj,63.845999999999925,results/r2-emoa/cifar100/2026-09-13_10-40-39_18906049/search/
r2-emoa,cifar100,FGSM,200,r2,0.19196400611522652,results/r2-emoa/cifar100/2026-09-13_10-40-39_18906049/search/
r2-emoa,cifar100,FGSM,200,hv_2obj,23.91470241983534,results/r2-emoa/cifar100/2026-09-13_10-40-39_18906049/search/
r2-emoa,cifar100,FGSM,240,hv,70716.64391876759,results/r2-emoa/cifar100/2026-09-13_10-40-39_18906049/search/
r2-emoa,cifar100,FGSM,240,hv_acc_2obj,64.22759999999997,results/r2-emoa/cifar100/2026-09-13_10-40-39_18906049/search/
r2-emoa,cifar100,FGSM,240,r2,0.19196400611522652,results/r2-emoa/cifar100/2026-09-13_10-40-39_18906049/search/
r2-emoa,cifar100,FGSM,240,hv_2obj,23.91531110272062,results/r2-emoa/cifar100/2026-09-13_10-40-39_18906049/search/
r2-emoa,cifar100,FGSM,280,hv,71633.75564142135,results/r2-emoa/cifar100/2026-09-13_10-40-39_18906049/search/
r2-emoa,cifar100,FGSM,280,hv_acc_2obj,66.38879999999993,results/r2-emoa/cifar100/2026-09-13_10-40-39_18906049/search/
r2-emoa,cifar100,FGSM,280,r2,0.19051227662651865,results/r2-emoa/cifar100/2026-09-13_10-40-39_18906049/search/
r2-emoa,cifar100,FGSM,280,hv_2obj,24.208126258911268,results/r2-emoa/cifar100/2026-09-13_10-40-39_18906049/search/
r2-emoa,cifar100,FGSM,320,hv,72473.08520188258,results/r2-emoa/cifar100/2026-09-13_10-40-39_18906049/search/
r2-emoa,cifar100,FGSM,320,hv_acc_2obj,77.71320000000004,results/r2-emoa/cifar100/2026-09-13_10-40-39_18906049/search/
r2-emoa,cifar100,FGSM,320,r2,0.18920454956379995,results/r2-emoa/cifar100/2026-09-13_10-40-39_18906049/search/
r2-emoa,cifar100,FGSM,320,hv_2obj,24.481497731298393,results/r2-emoa/cifar100/2026-09-13_10-40-39_18906049/search/
r2-emoa,cifar100,FGSM,360,hv,72839.24350393131,results/r2-emoa/cifar100/2026-09-13_10-40-39_18906049/search/
r2-emoa,cifar100,FGSM,360,hv_acc_2obj,82.1108000000001,results/r2-emoa/cifar100/2026-09-13_10-40-39_18906049/search/
r2-emoa,cifar100,FGSM,360,r2,0.18859647705096633,results/r2-emoa/cifar100/2026-09-13_10-40-39_18906049/search/
r2-emoa,cifar100,FGSM,360,hv_2obj,24.606100253865705,results/r2-emoa/cifar100/2026-09-13_10-40-39_18906049/search/
r2-emoa,cifar100,FGSM,400,hv,72878.96202339279,results/r2-emoa/cifar100/2026-09-13_10-40-39_18906049/search/
r2-emoa,cifar100,FGSM,400,hv_acc_2obj,82.4424000000001,results/r2-emoa/cifar100/2026-09-13_10-40-39_18906049/search/
r2-emoa,cifar100,FGSM,400,r2,0.1885662002679524,results/r2-emoa/cifar100/2026-09-13_10-40-39_18906049/search/
r2-emoa,cifar100,FGSM,400,hv_2obj,24.606105767420917,results/r2-emoa/cifar100/2026-09-13_10-40-39_18906049/search/
r2-emoa,cifar100,FGSM,440,hv,73040.80011562948,results/r2-emoa/cifar100/2026-09-13_10-40-39_18906049/search/
r2-emoa,cifar100,FGSM,440,hv_acc_2obj,83.7196000000001,results/r2-emoa/cifar100/2026-09-13_10-40-39_18906049/search/
r2-emoa,cifar100,FGSM,440,r2,0.18843534363875208,results/r2-emoa/cifar100/2026-09-13_10-40-39_18906049/search/
r2-emoa,cifar100,FGSM,440,hv_2obj,24.609181677352368,results/r2-emoa/cifar100/2026-09-13_10-40-39_18906049/search/
r2-emoa,cifar100,FGSM,480,hv,73055.88249177657,results/r2-emoa/cifar100/2026-09-13_10-40-39_18906049/search/
r2-emoa,cifar100,FGSM,480,hv_acc_2obj,83.7196000000001,results/r2-emoa/cifar100/2026-09-13_10-40-39_18906049/search/
r2-emoa,cifar100,FGSM,480,r2,0.18843534363875208,results/r2-emoa/cifar100/2026-09-13_10-40-39_18906049/search/
r2-emoa,cifar100,FGSM,480,hv_2obj,24.610412548287503,results/r2-emoa/cifar100/2026-09-13_10-40-39_18906049/search/
r2-emoa,cifar100,FGSM,520,hv,73408.4375104839,results/r2-emoa/cifar100/2026-09-13_10-40-39_18906049/search/
r2-emoa,cifar100,FGSM,520,hv_acc_2obj,83.7196000000001,results/r2-emoa/cifar100/2026-09-13_10-40-39_18906049/search/
r2-emoa,cifar100,FGSM,520,r2,0.18799402238357293,results/r2-emoa/cifar100/2026-09-13_10-40-39_18906049/search/
r2-emoa,cifar100,FGSM,520,hv_2obj,24.678604097260152,results/r2-emoa/cifar100/2026-09-13_10-40-39_18906049/search/
r2-emoa,cifar100,FGSM,560,hv,73414.44798002289,results/r2-emoa/cifar100/2026-09-13_10-40-39_18906049/search/
r2-emoa,cifar100,FGSM,560,hv_acc_2obj,83.82480000000008,results/r2-emoa/cifar100/2026-09-13_10-40-39_18906049/search/
r2-emoa,cifar100,FGSM,560,r2,0.18799402238357293,results/r2-emoa/cifar100/2026-09-13_10-40-39_18906049/search/
r2-emoa,cifar100,FGSM,560,hv_2obj,24.678604097260152,results/r2-emoa/cifar100/2026-09-13_10-40-39_18906049/search/
r2-emoa,cifar100,FGSM,600,hv,73507.0647733013,results/r2-emoa/cifar100/2026-09-13_10-40-39_18906049/search/
r2-emoa,cifar100,FGSM,600,hv_acc_2obj,83.96640000000009,results/r2-emoa/cifar100/2026-09-13_10-40-39_18906049/search/
r2-emoa,cifar100,FGSM,600,r2,0.18787046041112582,results/r2-emoa/cifar100/2026-09-13_10-40-39_18906049/search/
r2-emoa,cifar100,FGSM,600,hv_2obj,24.70859516441334,results/r2-emoa/cifar100/2026-09-13_10-40-39_18906049/search/
r2-emoa,cifar100,FGSM,640,hv,73514.1692543667,results/r2-emoa/cifar100/2026-09-13_10-40-39_18906049/search/
r2-emoa,cifar100,FGSM,640,hv_acc_2obj,84.53000000000007,results/r2-emoa/cifar100/2026-09-13_10-40-39_18906049/search/
r2-emoa,cifar100,FGSM,640,r2,0.18787046041112582,results/r2-emoa/cifar100/2026-09-13_10-40-39_18906049/search/
r2-emoa,cifar100,FGSM,640,hv_2obj,24.708653915612363,results/r2-emoa/cifar100/2026-09-13_10-40-39_18906049/search/
r2-emoa,cifar100,FGSM,680,hv,73519.75742563544,results/r2-emoa/cifar100/2026-09-13_10-40-39_18906049/search/
r2-emoa,cifar100,FGSM,680,hv_acc_2obj,84.53000000000007,results/r2-emoa/cifar100/2026-09-13_10-40-39_18906049/search/
r2-emoa,cifar100,FGSM,680,r2,0.18787046041112582,results/r2-emoa/cifar100/2026-09-13_10-40-39_18906049/search/
r2-emoa,cifar100,FGSM,680,hv_2obj,24.70949030537168,results/r2-emoa/cifar100/2026-09-13_10-40-39_18906049/search/
r2-emoa,cifar100,FGSM,720,hv,73519.78402357307,results/r2-emoa/cifar100/2026-09-13_10-40-39_18906049/search/
r2-emoa,cifar100,FGSM,720,hv_acc_2obj,84.53000000000007,results/r2-emoa/cifar100/2026-09-13_10-40-39_18906049/search/
r2-emoa,cifar100,FGSM,720,r2,0.18787046041112582,results/r2-emoa/cifar100/2026-09-13_10-40-39_18906049/search/
r2-emoa,cifar100,FGSM,720,hv_2obj,24.70949030537168,results/r2-emoa/cifar100/2026-09-13_10-40-39_18906049/search/
r2-emoa,cifar100,FGSM,760,hv,73521.25970665758,results/r2-emoa/cifar100/2026-09-13_10-40-39_18906049/search/
r2-emoa,cifar100,FGSM,760,hv_acc_2obj,84.53000000000007,results/r2-emoa/cifar100/2026-09-13_10-40-39_18906049/search/
r2-emoa,cifar100,FGSM,760,r2,0.18787046041112582,results/r2-emoa/cifar100/2026-09-13_10-40-39_18906049/search/
r2-emoa,cifar100,FGSM,760,hv_2obj,24.70949030537168,results/r2-emoa/cifar100/2026-09-13_10-40-39_18906049/search/
r2-emoa,cifar100,FGSM,800,hv,73998.9819149883,results/r2-emoa/cifar100/2026-09-13_10-40-39_18906049/search/
r2-emoa,cifar100,FGSM,800,hv_acc_2obj,84.55880000000008,results/r2-emoa/cifar100/2026-09-13_10-40-39_18906049/search/
r2-emoa,cifar100,FGSM,800,r2,0.18712501853458577,results/r2-emoa/cifar100/2026-09-13_10-40-39_18906049/search/
r2-emoa,cifar100,FGSM,800,hv_2obj,24.872812385578165,results/r2-emoa/cifar100/2026-09-13_10-40-39_18906049/search/
r2-emoa,cifar100,FGSM,840,hv,73999.2524736777,results/r2-emoa/cifar100/2026-09-13_10-40-39_18906049/search/
r2-emoa,cifar100,FGSM,840,hv_acc_2obj,84.68960000000007,results/r2-emoa/cifar100/2026-09-13_10-40-39_18906049/search/
r2-emoa,cifar100,FGSM,840,r2,0.18712501853458577,results/r2-emoa/cifar100/2026-09-13_10-40-39_18906049/search/
r2-emoa,cifar100,FGSM,840,hv_2obj,24.872812385578165,results/r2-emoa/cifar100/2026-09-13_10-40-39_18906049/search/
r2-emoa,cifar100,FGSM,880,hv,74000.0756273003,results/r2-emoa/cifar100/2026-09-13_10-40-39_18906049/search/
r2-emoa,cifar100,FGSM,880,hv_acc_2obj,85.2272000000001,results/r2-emoa/cifar100/2026-09-13_10-40-39_18906049/search/
r2-emoa,cifar100,FGSM,880,r2,0.18712501853458577,results/r2-emoa/cifar100/2026-09-13_10-40-39_18906049/search/
r2-emoa,cifar100,FGSM,880,hv_2obj,24.872812385578165,results/r2-emoa/cifar100/2026-09-13_10-40-39_18906049/search/
r2-emoa,cifar100,FGSM,920,hv,74004.41615127152,results/r2-emoa/cifar100/2026-09-13_10-40-39_18906049/search/
r2-emoa,cifar100,FGSM,920,hv_acc_2obj,85.6732000000001,results/r2-emoa/cifar100/2026-09-13_10-40-39_18906049/search/
r2-emoa,cifar100,FGSM,920,r2,0.18712501853458577,results/r2-emoa/cifar100/2026-09-13_10-40-39_18906049/search/
r2-emoa,cifar100,FGSM,920,hv_2obj,24.872812385578165,results/r2-emoa/cifar100/2026-09-13_10-40-39_18906049/search/
r2-emoa,cifar100,FGSM,960,hv,74050.46245330707,results/r2-emoa/cifar100/2026-09-13_10-40-39_18906049/search/
r2-emoa,cifar100,FGSM,960,hv_acc_2obj,85.6732000000001,results/r2-emoa/cifar100/2026-09-13_10-40-39_18906049/search/
r2-emoa,cifar100,FGSM,960,r2,0.18704975527582818,results/r2-emoa/cifar100/2026-09-13_10-40-39_18906049/search/
r2-emoa,cifar100,FGSM,960,hv_2obj,24.888604973871175,results/r2-emoa/cifar100/2026-09-13_10-40-39_18906049/search/
r2-emoa,cifar100,FGSM,1000,hv,74058.95888412272,results/r2-emoa/cifar100/2026-09-13_10-40-39_18906049/search/
r2-emoa,cifar100,FGSM,1000,hv_acc_2obj,85.6972000000001,results/r2-emoa/cifar100/2026-09-13_10-40-39_18906049/search/
r2-emoa,cifar100,FGSM,1000,r2,0.18704975527582818,results/r2-emoa/cifar100/2026-09-13_10-40-39_18906049/search/
r2-emoa,cifar100,FGSM,1000,hv_2obj,24.888630386313316,results/r2-emoa/cifar100/2026-09-13_10-40-39_18906049/search/
r2-emoa,cifar100,FGSM,1040,hv,74059.91550178337,results/r2-emoa/cifar100/2026-09-13_10-40-39_18906049/search/
r2-emoa,cifar100,FGSM,1040,hv_acc_2obj,85.6972000000001,results/r2-emoa/cifar100/2026-09-13_10-40-39_18906049/search/
r2-emoa,cifar100,FGSM,1040,r2,0.18704975527582818,results/r2-emoa/cifar100/2026-09-13_10-40-39_18906049/search/
r2-emoa,cifar100,FGSM,1040,hv_2obj,24.888630386313316,results/r2-emoa/cifar100/2026-09-13_10-40-39_18906049/search/
r2-emoa,cifar100,FGSM,1080,hv,74065.22443838566,results/r2-emoa/cifar100/2026-09-13_10-40-39_18906049/search/
r2-emoa,cifar100,FGSM,1080,hv_acc_2obj,85.7100000000001,results/r2-emoa/cifar100/2026-09-13_10-40-39_18906049/search/
r2-emoa,cifar100,FGSM,1080,r2,0.18704975527582818,results/r2-emoa/cifar100/2026-09-13_10-40-39_18906049/search/
r2-emoa,cifar100,FGSM,1080,hv_2obj,24.888630386313316,results/r2-emoa/cifar100/2026-09-13_10-40-39_18906049/search/
r2-emoa,cifar100,FGSM,1120,hv,74070.79359234909,results/r2-emoa/cifar100/2026-09-13_10-40-39_18906049/search/
r2-emoa,cifar100,FGSM,1120,hv_acc_2obj,85.76920000000008,results/r2-emoa/cifar100/2026-09-13_10-40-39_18906049/search/
r2-emoa,cifar100,FGSM,1120,r2,0.18704975527582818,results/r2-emoa/cifar100/2026-09-13_10-40-39_18906049/search/
r2-emoa,cifar100,FGSM,1120,hv_2obj,24.889644353990057,results/r2-emoa/cifar100/2026-09-13_10-40-39_18906049/search/
r2-emoa,cifar100,FGSM,1160,hv,74071.7041181267,results/r2-emoa/cifar100/2026-09-13_10-40-39_18906049/search/
r2-emoa,cifar100,FGSM,1160,hv_acc_2obj,85.76920000000008,results/r2-emoa/cifar100/2026-09-13_10-40-39_18906049/search/
r2-emoa,cifar100,FGSM,1160,r2,0.18704975527582818,results/r2-emoa/cifar100/2026-09-13_10-40-39_18906049/search/
r2-emoa,cifar100,FGSM,1160,hv_2obj,24.889644353990057,results/r2-emoa/cifar100/2026-09-13_10-40-39_18906049/search/
r2-emoa,cifar100,FGSM,1200,hv,74120.69075045087,results/r2-emoa/cifar100/2026-09-13_10-40-39_18906049/search/
r2-emoa,cifar100,FGSM,1200,hv_acc_2obj,85.76920000000008,results/r2-emoa/cifar100/2026-09-13_10-40-39_18906049/search/
r2-emoa,cifar100,FGSM,1200,r2,0.18701439920364735,results/r2-emoa/cifar100/2026-09-13_10-40-39_18906049/search/
r2-emoa,cifar100,FGSM,1200,hv_2obj,24.889644353990057,results/r2-emoa/cifar100/2026-09-13_10-40-39_18906049/search/
r2-emoa,cifar100,FGSM,1240,hv,74462.22735611722,results/r2-emoa/cifar100/2026-09-13_10-40-39_18906049/search/
r2-emoa,cifar100,FGSM,1240,hv_acc_2obj,86.3624000000001,results/r2-emoa/cifar100/2026-09-13_10-40-39_18906049/search/
r2-emoa,cifar100,FGSM,1240,r2,0.18647383624209396,results/r2-emoa/cifar100/2026-09-13_10-40-39_18906049/search/
r2-emoa,cifar100,FGSM,1240,hv_2obj,25.005100599514765,results/r2-emoa/cifar100/2026-09-13_10-40-39_18906049/search/
r2-emoa,cifar100,FGSM,40,hv,67186.71964296073,results/r2-emoa/cifar100/2026-09-13_16-35-53_15798821/search/
r2-emoa,cifar100,FGSM,40,hv_acc_2obj,48.14759999999997,results/r2-emoa/cifar100/2026-09-13_16-35-53_15798821/search/
r2-emoa,cifar100,FGSM,40,r2,0.197050233781103,results/r2-emoa/cifar100/2026-09-13_16-35-53_15798821/search/
r2-emoa,cifar100,FGSM,40,hv_2obj,22.964475919026263,results/r2-emoa/cifar100/2026-09-13_16-35-53_15798821/search/
r2-emoa,cifar100,FGSM,80,hv,67938.58446668467,results/r2-emoa/cifar100/2026-09-13_16-35-53_15798821/search/
r2-emoa,cifar100,FGSM,80,hv_acc_2obj,49.68879999999998,results/r2-emoa/cifar100/2026-09-13_16-35-53_15798821/search/
r2-emoa,cifar100,FGSM,80,r2,0.1959436217115031,results/r2-emoa/cifar100/2026-09-13_16-35-53_15798821/search/
r2-emoa,cifar100,FGSM,80,hv_2obj,23.16586623537318,results/r2-emoa/cifar100/2026-09-13_16-35-53_15798821/search/
r2-emoa,cifar100,FGSM,120,hv,68167.070341222,results/r2-emoa/cifar100/2026-09-13_16-35-53_15798821/search/
r2-emoa,cifar100,FGSM,120,hv_acc_2obj,49.76279999999997,results/r2-emoa/cifar100/2026-09-13_16-35-53_15798821/search/
r2-emoa,cifar100,FGSM,120,r2,0.19559083556488013,results/r2-emoa/cifar100/2026-09-13_16-35-53_15798821/search/
r2-emoa,cifar100,FGSM,120,hv_2obj,23.23622491807703,results/r2-emoa/cifar100/2026-09-13_16-35-53_15798821/search/
r2-emoa,cifar100,FGSM,160,hv,69413.12819306723,results/r2-emoa/cifar100/2026-09-13_16-35-53_15798821/search/
r2-emoa,cifar100,FGSM,160,hv_acc_2obj,55.16439999999998,results/r2-emoa/cifar100/2026-09-13_16-35-53_15798821/search/
r2-emoa,cifar100,FGSM,160,r2,0.19380340122654668,results/r2-emoa/cifar100/2026-09-13_16-35-53_15798821/search/
r2-emoa,cifar100,FGSM,160,hv_2obj,23.556618177726765,results/r2-emoa/cifar100/2026-09-13_16-35-53_15798821/search/
r2-emoa,cifar100,FGSM,200,hv,69466.07307637994,results/r2-emoa/cifar100/2026-09-13_16-35-53_15798821/search/
r2-emoa,cifar100,FGSM,200,hv_acc_2obj,58.01080000000003,results/r2-emoa/cifar100/2026-09-13_16-35-53_15798821/search/
r2-emoa,cifar100,FGSM,200,r2,0.19375740428596935,results/r2-emoa/cifar100/2026-09-13_16-35-53_15798821/search/
r2-emoa,cifar100,FGSM,200,hv_2obj,23.57013227526884,results/r2-emoa/cifar100/2026-09-13_16-35-53_15798821/search/
r2-emoa,cifar100,FGSM,240,hv,69567.41597024056,results/r2-emoa/cifar100/2026-09-13_16-35-53_15798821/search/
r2-emoa,cifar100,FGSM,240,hv_acc_2obj,58.01080000000003,results/r2-emoa/cifar100/2026-09-13_16-35-53_15798821/search/
r2-emoa,cifar100,FGSM,240,r2,0.19370184709811422,results/r2-emoa/cifar100/2026-09-13_16-35-53_15798821/search/
r2-emoa,cifar100,FGSM,240,hv_2obj,23.57013227526884,results/r2-emoa/cifar100/2026-09-13_16-35-53_15798821/search/
r2-emoa,cifar100,FGSM,280,hv,69928.98412697992,results/r2-emoa/cifar100/2026-09-13_16-35-53_15798821/search/
r2-emoa,cifar100,FGSM,280,hv_acc_2obj,58.14760000000004,results/r2-emoa/cifar100/2026-09-13_16-35-53_15798821/search/
r2-emoa,cifar100,FGSM,280,r2,0.19309557691413012,results/r2-emoa/cifar100/2026-09-13_16-35-53_15798821/search/
r2-emoa,cifar100,FGSM,280,hv_2obj,23.693307544244966,results/r2-emoa/cifar100/2026-09-13_16-35-53_15798821/search/
r2-emoa,cifar100,FGSM,320,hv,70728.59933147258,results/r2-emoa/cifar100/2026-09-13_16-35-53_15798821/search/
r2-emoa,cifar100,FGSM,320,hv_acc_2obj,63.5572,results/r2-emoa/cifar100/2026-09-13_16-35-53_15798821/search/
r2-emoa,cifar100,FGSM,320,r2,0.1918187336220133,results/r2-emoa/cifar100/2026-09-13_16-35-53_15798821/search/
r2-emoa,cifar100,FGSM,320,hv_2obj,23.942339686109875,results/r2-emoa/cifar100/2026-09-13_16-35-53_15798821/search/
r2-emoa,cifar100,FGSM,360,hv,70804.63377615853,results/r2-emoa/cifar100/2026-09-13_16-35-53_15798821/search/
r2-emoa,cifar100,FGSM,360,hv_acc_2obj,63.8476,results/r2-emoa/cifar100/2026-09-13_16-35-53_15798821/search/
r2-emoa,cifar100,FGSM,360,r2,0.19177128969352567,results/r2-emoa/cifar100/2026-09-13_16-35-53_15798821/search/
r2-emoa,cifar100,FGSM,360,hv_2obj,23.944808253123668,results/r2-emoa/cifar100/2026-09-13_16-35-53_15798821/search/
r2-emoa,cifar100,FGSM,400,hv,71607.00761690244,results/r2-emoa/cifar100/2026-09-13_16-35-53_15798821/search/
r2-emoa,cifar100,FGSM,400,hv_acc_2obj,67.77799999999992,results/r2-emoa/cifar100/2026-09-13_16-35-53_15798821/search/
r2-emoa,cifar100,FGSM,400,r2,0.19052804172350754,results/r2-emoa/cifar100/2026-09-13_16-35-53_15798821/search/
r2-emoa,cifar100,FGSM,400,hv_2obj,24.19920134881467,results/r2-emoa/cifar100/2026-09-13_16-35-53_15798821/search/
r2-emoa,cifar100,FGSM,440,hv,71615.18036679232,results/r2-emoa/cifar100/2026-09-13_16-35-53_15798821/search/
r2-emoa,cifar100,FGSM,440,hv_acc_2obj,68.46520000000002,results/r2-emoa/cifar100/2026-09-13_16-35-53_15798821/search/
r2-emoa,cifar100,FGSM,440,r2,0.19052804172350754,results/r2-emoa/cifar100/2026-09-13_16-35-53_15798821/search/
r2-emoa,cifar100,FGSM,440,hv_2obj,24.200289585189648,results/r2-emoa/cifar100/2026-09-13_16-35-53_15798821/search/
r2-emoa,cifar100,FGSM,480,hv,71744.71092571109,results/r2-emoa/cifar100/2026-09-13_16-35-53_15798821/search/
r2-emoa,cifar100,FGSM,480,hv_acc_2obj,69.9864,results/r2-emoa/cifar100/2026-09-13_16-35-53_15798821/search/
r2-emoa,cifar100,FGSM,480,r2,0.19037059975291187,results/r2-emoa/cifar100/2026-09-13_16-35-53_15798821/search/
r2-emoa,cifar100,FGSM,480,hv_2obj,24.23718641333825,results/r2-emoa/cifar100/2026-09-13_16-35-53_15798821/search/
r2-emoa,cifar100,FGSM,520,hv,71839.2357727859,results/r2-emoa/cifar100/2026-09-13_16-35-53_15798821/search/
r2-emoa,cifar100,FGSM,520,hv_acc_2obj,69.9864,results/r2-emoa/cifar100/2026-09-13_16-35-53_15798821/search/
r2-emoa,cifar100,FGSM,520,r2,0.19029711323685178,results/r2-emoa/cifar100/2026-09-13_16-35-53_15798821/search/
r2-emoa,cifar100,FGSM,520,hv_2obj,24.23718641333825,results/r2-emoa/cifar100/2026-09-13_16-35-53_15798821/search/
r2-emoa,cifar100,FGSM,560,hv,72129.82742110502,results/r2-emoa/cifar100/2026-09-13_16-35-53_15798821/search/
r2-emoa,cifar100,FGSM,560,hv_acc_2obj,76.07200000000007,results/r2-emoa/cifar100/2026-09-13_16-35-53_15798821/search/
r2-emoa,cifar100,FGSM,560,r2,0.18983825141268862,results/r2-emoa/cifar100/2026-09-13_16-35-53_15798821/search/
r2-emoa,cifar100,FGSM,560,hv_2obj,24.335125948690877,results/r2-emoa/cifar100/2026-09-13_16-35-53_15798821/search/
r2-emoa,cifar100,FGSM,600,hv,72281.22938435794,results/r2-emoa/cifar100/2026-09-13_16-35-53_15798821/search/
r2-emoa,cifar100,FGSM,600,hv_acc_2obj,77.40080000000006,results/r2-emoa/cifar100/2026-09-13_16-35-53_15798821/search/
r2-emoa,cifar100,FGSM,600,r2,0.18964269491839564,results/r2-emoa/cifar100/2026-09-13_16-35-53_15798821/search/
r2-emoa,cifar100,FGSM,600,hv_2obj,24.36539196113206,results/r2-emoa/cifar100/2026-09-13_16-35-53_15798821/search/
r2-emoa,cifar100,FGSM,640,hv,72282.45527201703,results/r2-emoa/cifar100/2026-09-13_16-35-53_15798821/search/
r2-emoa,cifar100,FGSM,640,hv_acc_2obj,77.40080000000006,results/r2-emoa/cifar100/2026-09-13_16-35-53_15798821/search/
r2-emoa,cifar100,FGSM,640,r2,0.18964269491839564,results/r2-emoa/cifar100/2026-09-13_16-35-53_15798821/search/
r2-emoa,cifar100,FGSM,640,hv_2obj,24.36539196113206,results/r2-emoa/cifar100/2026-09-13_16-35-53_15798821/search/
r2-emoa,cifar100,FGSM,680,hv,72418.354106364,results/r2-emoa/cifar100/2026-09-13_16-35-53_15798821/search/
r2-emoa,cifar100,FGSM,680,hv_acc_2obj,77.40080000000006,results/r2-emoa/cifar100/2026-09-13_16-35-53_15798821/search/
r2-emoa,cifar100,FGSM,680,r2,0.18942465716309573,results/r2-emoa/cifar100/2026-09-13_16-35-53_15798821/search/
r2-emoa,cifar100,FGSM,680,hv_2obj,24.411036040484632,results/r2-emoa/cifar100/2026-09-13_16-35-53_15798821/search/
r2-emoa,cifar100,FGSM,720,hv,72469.81636953728,results/r2-emoa/cifar100/2026-09-13_16-35-53_15798821/search/
r2-emoa,cifar100,FGSM,720,hv_acc_2obj,77.40080000000006,results/r2-emoa/cifar100/2026-09-13_16-35-53_15798821/search/
r2-emoa,cifar100,FGSM,720,r2,0.1893865184128288,results/r2-emoa/cifar100/2026-09-13_16-35-53_15798821/search/
r2-emoa,cifar100,FGSM,720,hv_2obj,24.411036040484632,results/r2-emoa/cifar100/2026-09-13_16-35-53_15798821/search/
r2-emoa,cifar100,FGSM,760,hv,72472.43006066378,results/r2-emoa/cifar100/2026-09-13_16-35-53_15798821/search/
r2-emoa,cifar100,FGSM,760,hv_acc_2obj,77.40080000000006,results/r2-emoa/cifar100/2026-09-13_16-35-53_15798821/search/
r2-emoa,cifar100,FGSM,760,r2,0.1893865184128288,results/r2-emoa/cifar100/2026-09-13_16-35-53_15798821/search/
r2-emoa,cifar100,FGSM,760,hv_2obj,24.411036040484632,results/r2-emoa/cifar100/2026-09-13_16-35-53_15798821/search/
r2-emoa,cifar100,FGSM,800,hv,72478.76202977134,results/r2-emoa/cifar100/2026-09-13_16-35-53_15798821/search/
r2-emoa,cifar100,FGSM,800,hv_acc_2obj,77.40080000000006,results/r2-emoa/cifar100/2026-09-13_16-35-53_15798821/search/
r2-emoa,cifar100,FGSM,800,r2,0.1893865184128288,results/r2-emoa/cifar100/2026-09-13_16-35-53_15798821/search/
r2-emoa,cifar100,FGSM,800,hv_2obj,24.411705655558446,results/r2-emoa/cifar100/2026-09-13_16-35-53_15798821/search/
r2-emoa,cifar100,FGSM,840,hv,72570.79746585294,results/r2-emoa/cifar100/2026-09-13_16-35-53_15798821/search/
r2-emoa,cifar100,FGSM,840,hv_acc_2obj,77.40080000000006,results/r2-emoa/cifar100/2026-09-13_16-35-53_15798821/search/
r2-emoa,cifar100,FGSM,840,r2,0.18931401623237165,results/r2-emoa/cifar100/2026-09-13_16-35-53_15798821/search/
r2-emoa,cifar100,FGSM,840,hv_2obj,24.411705655558446,results/r2-emoa/cifar100/2026-09-13_16-35-53_15798821/search/
r2-emoa,cifar100,FGSM,880,hv,72574.19083280368,results/r2-emoa/cifar100/2026-09-13_16-35-53_15798821/search/
r2-emoa,cifar100,FGSM,880,hv_acc_2obj,79.51280000000006,results/r2-emoa/cifar100/2026-09-13_16-35-53_15798821/search/
r2-emoa,cifar100,FGSM,880,r2,0.18931401623237165,results/r2-emoa/cifar100/2026-09-13_16-35-53_15798821/search/
r2-emoa,cifar100,FGSM,880,hv_2obj,24.411705655558446,results/r2-emoa/cifar100/2026-09-13_16-35-53_15798821/search/
r2-emoa,cifar100,FGSM,920,hv,72620.70181688922,results/r2-emoa/cifar100/2026-09-13_16-35-53_15798821/search/
r2-emoa,cifar100,FGSM,920,hv_acc_2obj,79.51280000000006,results/r2-emoa/cifar100/2026-09-13_16-35-53_15798821/search/
r2-emoa,cifar100,FGSM,920,r2,0.18927962992617234,results/r2-emoa/cifar100/2026-09-13_16-35-53_15798821/search/
r2-emoa,cifar100,FGSM,920,hv_2obj,24.411705655558446,results/r2-emoa/cifar100/2026-09-13_16-35-53_15798821/search/
r2-emoa,cifar100,FGSM,960,hv,72625.72837696188,results/r2-emoa/cifar100/2026-09-13_16-35-53_15798821/search/
r2-emoa,cifar100,FGSM,960,hv_acc_2obj,79.51280000000006,results/r2-emoa/cifar100/2026-09-13_16-35-53_15798821/search/
r2-emoa,cifar100,FGSM,960,r2,0.18927962992617234,results/r2-emoa/cifar100/2026-09-13_16-35-53_15798821/search/
r2-emoa,cifar100,FGSM,960,hv_2obj,24.411705655558446,results/r2-emoa/cifar100/2026-09-13_16-35-53_15798821/search/
r2-emoa,cifar100,FGSM,1000,hv,72626.22559057859,results/r2-emoa/cifar100/2026-09-13_16-35-53_15798821/search/
r2-emoa,cifar100,FGSM,1000,hv_acc_2obj,79.51280000000006,results/r2-emoa/cifar100/2026-09-13_16-35-53_15798821/search/
r2-emoa,cifar100,FGSM,1000,r2,0.18927962992617234,results/r2-emoa/cifar100/2026-09-13_16-35-53_15798821/search/
r2-emoa,cifar100,FGSM,1000,hv_2obj,24.411705655558446,results/r2-emoa/cifar100/2026-09-13_16-35-53_15798821/search/
r2-emoa,cifar100,FGSM,1040,hv,72894.38104869827,results/r2-emoa/cifar100/2026-09-13_16-35-53_15798821/search/
r2-emoa,cifar100,FGSM,1040,hv_acc_2obj,82.53200000000008,results/r2-emoa/cifar100/2026-09-13_16-35-53_15798821/search/
r2-emoa,cifar100,FGSM,1040,r2,0.1888486246713152,results/r2-emoa/cifar100/2026-09-13_16-35-53_15798821/search/
r2-emoa,cifar100,FGSM,1040,hv_2obj,24.50292090695241,results/r2-emoa/cifar100/2026-09-13_16-35-53_15798821/search/
r2-emoa,cifar100,FGSM,1080,hv,73107.0183244103,results/r2-emoa/cifar100/2026-09-13_16-35-53_15798821/search/
r2-emoa,cifar100,FGSM,1080,hv_acc_2obj,82.53200000000008,results/r2-emoa/cifar100/2026-09-13_16-35-53_15798821/search/
r2-emoa,cifar100,FGSM,1080,r2,0.18850374989356194,results/r2-emoa/cifar100/2026-09-13_16-35-53_15798821/search/
r2-emoa,cifar100,FGSM,1080,hv_2obj,24.57496182146082,results/r2-emoa/cifar100/2026-09-13_16-35-53_15798821/search/
r2-emoa,cifar100,FGSM,1120,hv,73108.92347088255,results/r2-emoa/cifar100/2026-09-13_16-35-53_15798821/search/
r2-emoa,cifar100,FGSM,1120,hv_acc_2obj,82.53200000000008,results/r2-emoa/cifar100/2026-09-13_16-35-53_15798821/search/
r2-emoa,cifar100,FGSM,1120,r2,0.18850374989356194,results/r2-emoa/cifar100/2026-09-13_16-35-53_15798821/search/
r2-emoa,cifar100,FGSM,1120,hv_2obj,24.57496182146082,results/r2-emoa/cifar100/2026-09-13_16-35-53_15798821/search/
r2-emoa,cifar100,FGSM,1160,hv,73110.30678328517,results/r2-emoa/cifar100/2026-09-13_16-35-53_15798821/search/
r2-emoa,cifar100,FGSM,1160,hv_acc_2obj,82.53200000000008,results/r2-emoa/cifar100/2026-09-13_16-35-53_15798821/search/
r2-emoa,cifar100,FGSM,1160,r2,0.18850374989356194,results/r2-emoa/cifar100/2026-09-13_16-35-53_15798821/search/
r2-emoa,cifar100,FGSM,1160,hv_2obj,24.57496182146082,results/r2-emoa/cifar100/2026-09-13_16-35-53_15798821/search/
r2-emoa,cifar100,FGSM,1200,hv,73110.92827322807,results/r2-emoa/cifar100/2026-09-13_16-35-53_15798821/search/
r2-emoa,cifar100,FGSM,1200,hv_acc_2obj,82.53200000000008,results/r2-emoa/cifar100/2026-09-13_16-35-53_15798821/search/
r2-emoa,cifar100,FGSM,1200,r2,0.18850374989356194,results/r2-emoa/cifar100/2026-09-13_16-35-53_15798821/search/
r2-emoa,cifar100,FGSM,1200,hv_2obj,24.57496182146082,results/r2-emoa/cifar100/2026-09-13_16-35-53_15798821/search/
r2-emoa,cifar100,FGSM,1240,hv,73111.94524970959,results/r2-emoa/cifar100/2026-09-13_16-35-53_15798821/search/
r2-emoa,cifar100,FGSM,1240,hv_acc_2obj,82.53200000000008,results/r2-emoa/cifar100/2026-09-13_16-35-53_15798821/search/
r2-emoa,cifar100,FGSM,1240,r2,0.18850374989356194,results/r2-emoa/cifar100/2026-09-13_16-35-53_15798821/search/
r2-emoa,cifar100,FGSM,1240,hv_2obj,24.575218848889484,results/r2-emoa/cifar100/2026-09-13_16-35-53_15798821/search/
r2-emoa,cifar100,FGSM,40,hv,67395.57751048672,results/r2-emoa/cifar100/2026-09-13_22-31-39_65381509/search/
r2-emoa,cifar100,FGSM,40,hv_acc_2obj,44.687999999999974,results/r2-emoa/cifar100/2026-09-13_22-31-39_65381509/search/
r2-emoa,cifar100,FGSM,40,r2,0.19672557598253276,results/r2-emoa/cifar100/2026-09-13_22-31-39_65381509/search/
r2-emoa,cifar100,FGSM,40,hv_2obj,23.031218053239897,results/r2-emoa/cifar100/2026-09-13_22-31-39_65381509/search/
r2-emoa,cifar100,FGSM,80,hv,67999.54350156059,results/r2-emoa/cifar100/2026-09-13_22-31-39_65381509/search/
r2-emoa,cifar100,FGSM,80,hv_acc_2obj,45.27680000000002,results/r2-emoa/cifar100/2026-09-13_22-31-39_65381509/search/
r2-emoa,cifar100,FGSM,80,r2,0.19592617048729555,results/r2-emoa/cifar100/2026-09-13_22-31-39_65381509/search/
r2-emoa,cifar100,FGSM,80,hv_2obj,23.15746412563731,results/r2-emoa/cifar100/2026-09-13_22-31-39_65381509/search/
r2-emoa,cifar100,FGSM,120,hv,69408.80287763893,results/r2-emoa/cifar100/2026-09-13_22-31-39_65381509/search/
r2-emoa,cifar100,FGSM,120,hv_acc_2obj,56.23200000000004,results/r2-emoa/cifar100/2026-09-13_22-31-39_65381509/search/
r2-emoa,cifar100,FGSM,120,r2,0.19372799235084567,results/r2-emoa/cifar100/2026-09-13_22-31-39_65381509/search/
r2-emoa,cifar100,FGSM,120,hv_2obj,23.593227807116335,results/r2-emoa/cifar100/2026-09-13_22-31-39_65381509/search/
r2-emoa,cifar100,FGSM,160,hv,70852.18853182718,results/r2-emoa/cifar100/2026-09-13_22-31-39_65381509/search/
r2-emoa,cifar100,FGSM,160,hv_acc_2obj,64.7344,results/r2-emoa/cifar100/2026-09-13_22-31-39_65381509/search/
r2-emoa,cifar100,FGSM,160,r2,0.19168743043379266,results/r2-emoa/cifar100/2026-09-13_22-31-39_65381509/search/
r2-emoa,cifar100,FGSM,160,hv_2obj,23.973040671600703,results/r2-emoa/cifar100/2026-09-13_22-31-39_65381509/search/
r2-emoa,cifar100,FGSM,200,hv,70889.58342396675,results/r2-emoa/cifar100/2026-09-13_22-31-39_65381509/search/
r2-emoa,cifar100,FGSM,200,hv_acc_2obj,64.7344,results/r2-emoa/cifar100/2026-09-13_22-31-39_65381509/search/
r2-emoa,cifar100,FGSM,200,r2,0.19166551820226074,results/r2-emoa/cifar100/2026-09-13_22-31-39_65381509/search/
r2-emoa,cifar100,FGSM,200,hv_2obj,23.973040671600703,results/r2-emoa/cifar100/2026-09-13_22-31-39_65381509/search/
r2-emoa,cifar100,FGSM,240,hv,71401.11595562552,results/r2-emoa/cifar100/2026-09-13_22-31-39_65381509/search/
r2-emoa,cifar100,FGSM,240,hv_acc_2obj,66.08880000000006,results/r2-emoa/cifar100/2026-09-13_22-31-39_65381509/search/
r2-emoa,cifar100,FGSM,240,r2,0.1908503666071829,results/r2-emoa/cifar100/2026-09-13_22-31-39_65381509/search/
r2-emoa,cifar100,FGSM,240,hv_2obj,24.142741629203943,results/r2-emoa/cifar100/2026-09-13_22-31-39_65381509/search/
r2-emoa,cifar100,FGSM,280,hv,71426.48162617155,results/r2-emoa/cifar100/2026-09-13_22-31-39_65381509/search/
r2-emoa,cifar100,FGSM,280,hv_acc_2obj,66.08880000000006,results/r2-emoa/cifar100/2026-09-13_22-31-39_65381509/search/
r2-emoa,cifar100,FGSM,280,r2,0.19083610875965376,results/r2-emoa/cifar100/2026-09-13_22-31-39_65381509/search/
r2-emoa,cifar100,FGSM,280,hv_2obj,24.142986554011042,results/r2-emoa/cifar100/2026-09-13_22-31-39_65381509/search/
r2-emoa,cifar100,FGSM,320,hv,71519.7041179121,results/r2-emoa/cifar100/2026-09-13_22-31-39_65381509/search/
r2-emoa,cifar100,FGSM,320,hv_acc_2obj,66.08880000000006,results/r2-emoa/cifar100/2026-09-13_22-31-39_65381509/search/
r2-emoa,cifar100,FGSM,320,r2,0.19076358370318752,results/r2-emoa/cifar100/2026-09-13_22-31-39_65381509/search/
r2-emoa,cifar100,FGSM,320,hv_2obj,24.142986554011042,results/r2-emoa/cifar100/2026-09-13_22-31-39_65381509/search/
r2-emoa,cifar100,FGSM,360,hv,71523.86809367409,results/r2-emoa/cifar100/2026-09-13_22-31-39_65381509/search/
r2-emoa,cifar100,FGSM,360,hv_acc_2obj,66.08880000000006,results/r2-emoa/cifar100/2026-09-13_22-31-39_65381509/search/
r2-emoa,cifar100,FGSM,360,r2,0.19076358370318752,results/r2-emoa/cifar100/2026-09-13_22-31-39_65381509/search/
r2-emoa,cifar100,FGSM,360,hv_2obj,24.143413350495813,results/r2-emoa/cifar100/2026-09-13_22-31-39_65381509/search/
r2-emoa,cifar100,FGSM,400,hv,71528.45674053096,results/r2-emoa/cifar100/2026-09-13_22-31-39_65381509/search/
r2-emoa,cifar100,FGSM,400,hv_acc_2obj,66.08880000000006,results/r2-emoa/cifar100/2026-09-13_22-31-39_65381509/search/
r2-emoa,cifar100,FGSM,400,r2,0.19076358370318752,results/r2-emoa/cifar100/2026-09-13_22-31-39_65381509/search/
r2-emoa,cifar100,FGSM,400,hv_2obj,24.143413350495813,results/r2-emoa/cifar100/2026-09-13_22-31-39_65381509/search/
r2-emoa,cifar100,FGSM,440,hv,71679.81801255723,results/r2-emoa/cifar100/2026-09-13_22-31-39_65381509/search/
r2-emoa,cifar100,FGSM,440,hv_acc_2obj,66.08880000000006,results/r2-emoa/cifar100/2026-09-13_22-31-39_65381509/search/
r2-emoa,cifar100,FGSM,440,r2,0.19065572545054954,results/r2-emoa/cifar100/2026-09-13_22-31-39_65381509/search/
r2-emoa,cifar100,FGSM,440,hv_2obj,24.143413350495813,results/r2-emoa/cifar100/2026-09-13_22-31-39_65381509/search/
r2-emoa,cifar100,FGSM,480,hv,71686.83444263469,results/r2-emoa/cifar100/2026-09-13_22-31-39_65381509/search/
r2-emoa,cifar100,FGSM,480,hv_acc_2obj,66.08880000000006,results/r2-emoa/cifar100/2026-09-13_22-31-39_65381509/search/
r2-emoa,cifar100,FGSM,480,r2,0.19065572545054954,results/r2-emoa/cifar100/2026-09-13_22-31-39_65381509/search/
r2-emoa,cifar100,FGSM,480,hv_2obj,24.144727331625674,results/r2-emoa/cifar100/2026-09-13_22-31-39_65381509/search/
r2-emoa,cifar100,FGSM,520,hv,71687.07382765437,results/r2-emoa/cifar100/2026-09-13_22-31-39_65381509/search/
r2-emoa,cifar100,FGSM,520,hv_acc_2obj,66.08880000000006,results/r2-emoa/cifar100/2026-09-13_22-31-39_65381509/search/
r2-emoa,cifar100,FGSM,520,r2,0.19065572545054954,results/r2-emoa/cifar100/2026-09-13_22-31-39_65381509/search/
r2-emoa,cifar100,FGSM,520,hv_2obj,24.144748331258075,results/r2-emoa/cifar100/2026-09-13_22-31-39_65381509/search/
r2-emoa,cifar100,FGSM,560,hv,71687.38833239529,results/r2-emoa/cifar100/2026-09-13_22-31-39_65381509/search/
r2-emoa,cifar100,FGSM,560,hv_acc_2obj,66.08880000000006,results/r2-emoa/cifar100/2026-09-13_22-31-39_65381509/search/
r2-emoa,cifar100,FGSM,560,r2,0.19065572545054954,results/r2-emoa/cifar100/2026-09-13_22-31-39_65381509/search/
r2-emoa,cifar100,FGSM,560,hv_2obj,24.144748331258075,results/r2-emoa/cifar100/2026-09-13_22-31-39_65381509/search/
r2-emoa,cifar100,FGSM,600,hv,71847.41896716821,results/r2-emoa/cifar100/2026-09-13_22-31-39_65381509/search/
r2-emoa,cifar100,FGSM,600,hv_acc_2obj,66.63840000000006,results/r2-emoa/cifar100/2026-09-13_22-31-39_65381509/search/
r2-emoa,cifar100,FGSM,600,r2,0.1904811702042042,results/r2-emoa/cifar100/2026-09-13_22-31-39_65381509/search/
r2-emoa,cifar100,FGSM,600,hv_2obj,24.167461842035042,results/r2-emoa/cifar100/2026-09-13_22-31-39_65381509/search/
r2-emoa,cifar100,FGSM,640,hv,71857.52271675099,results/r2-emoa/cifar100/2026-09-13_22-31-39_65381509/search/
r2-emoa,cifar100,FGSM,640,hv_acc_2obj,67.308,results/r2-emoa/cifar100/2026-09-13_22-31-39_65381509/search/
r2-emoa,cifar100,FGSM,640,r2,0.1904811702042042,results/r2-emoa/cifar100/2026-09-13_22-31-39_65381509/search/
r2-emoa,cifar100,FGSM,640,hv_2obj,24.167461842035042,results/r2-emoa/cifar100/2026-09-13_22-31-39_65381509/search/
r2-emoa,cifar100,FGSM,680,hv,71860.1456244027,results/r2-emoa/cifar100/2026-09-13_22-31-39_65381509/search/
r2-emoa,cifar100,FGSM,680,hv_acc_2obj,67.308,results/r2-emoa/cifar100/2026-09-13_22-31-39_65381509/search/
r2-emoa,cifar100,FGSM,680,r2,0.1904811702042042,results/r2-emoa/cifar100/2026-09-13_22-31-39_65381509/search/
r2-emoa,cifar100,FGSM,680,hv_2obj,24.167461842035042,results/r2-emoa/cifar100/2026-09-13_22-31-39_65381509/search/
r2-emoa,cifar100,FGSM,720,hv,71863.77435101669,results/r2-emoa/cifar100/2026-09-13_22-31-39_65381509/search/
r2-emoa,cifar100,FGSM,720,hv_acc_2obj,72.40719999999996,results/r2-emoa/cifar100/2026-09-13_22-31-39_65381509/search/
r2-emoa,cifar100,FGSM,720,r2,0.1904811702042042,results/r2-emoa/cifar100/2026-09-13_22-31-39_65381509/search/
r2-emoa,cifar100,FGSM,720,hv_2obj,24.168282003554417,results/r2-emoa/cifar100/2026-09-13_22-31-39_65381509/search/
r2-emoa,cifar100,FGSM,760,hv,72142.22478042587,results/r2-emoa/cifar100/2026-09-13_22-31-39_65381509/search/
r2-emoa,cifar100,FGSM,760,hv_acc_2obj,72.40719999999996,results/r2-emoa/cifar100/2026-09-13_22-31-39_65381509/search/
r2-emoa,cifar100,FGSM,760,r2,0.19002417178344683,results/r2-emoa/cifar100/2026-09-13_22-31-39_65381509/search/
r2-emoa,cifar100,FGSM,760,hv_2obj,24.26301842926147,results/r2-emoa/cifar100/2026-09-13_22-31-39_65381509/search/
r2-emoa,cifar100,FGSM,800,hv,73105.10486602607,results/r2-emoa/cifar100/2026-09-13_22-31-39_65381509/search/
r2-emoa,cifar100,FGSM,800,hv_acc_2obj,72.42159999999996,results/r2-emoa/cifar100/2026-09-13_22-31-39_65381509/search/
r2-emoa,cifar100,FGSM,800,r2,0.18843719430054362,results/r2-emoa/cifar100/2026-09-13_22-31-39_65381509/search/
r2-emoa,cifar100,FGSM,800,hv_2obj,24.588309406351847,results/r2-emoa/cifar100/2026-09-13_22-31-39_65381509/search/
r2-emoa,cifar100,FGSM,840,hv,73105.97838620566,results/r2-emoa/cifar100/2026-09-13_22-31-39_65381509/search/
r2-emoa,cifar100,FGSM,840,hv_acc_2obj,72.42159999999996,results/r2-emoa/cifar100/2026-09-13_22-31-39_65381509/search/
r2-emoa,cifar100,FGSM,840,r2,0.18843719430054362,results/r2-emoa/cifar100/2026-09-13_22-31-39_65381509/search/
r2-emoa,cifar100,FGSM,840,hv_2obj,24.588309406351847,results/r2-emoa/cifar100/2026-09-13_22-31-39_65381509/search/
r2-emoa,cifar100,FGSM,880,hv,73112.76186908945,results/r2-emoa/cifar100/2026-09-13_22-31-39_65381509/search/
r2-emoa,cifar100,FGSM,880,hv_acc_2obj,72.42159999999996,results/r2-emoa/cifar100/2026-09-13_22-31-39_65381509/search/
r2-emoa,cifar100,FGSM,880,r2,0.18843719430054362,results/r2-emoa/cifar100/2026-09-13_22-31-39_65381509/search/
r2-emoa,cifar100,FGSM,880,hv_2obj,24.590616008635642,results/r2-emoa/cifar100/2026-09-13_22-31-39_65381509/search/
r2-emoa,cifar100,FGSM,920,hv,73112.76186908945,results/r2-emoa/cifar100/2026-09-13_22-31-39_65381509/search/
r2-emoa,cifar100,FGSM,920,hv_acc_2obj,72.42159999999996,results/r2-emoa/cifar100/2026-09-13_22-31-39_65381509/search/
r2-emoa,cifar100,FGSM,920,r2,0.18843719430054362,results/r2-emoa/cifar100/2026-09-13_22-31-39_65381509/search/
r2-emoa,cifar100,FGSM,920,hv_2obj,24.590616008635642,results/r2-emoa/cifar100/2026-09-13_22-31-39_65381509/search/
r2-emoa,cifar100,FGSM,960,hv,73116.8488903408,results/r2-emoa/cifar100/2026-09-13_22-31-39_65381509/search/
r2-emoa,cifar100,FGSM,960,hv_acc_2obj,73.02799999999996,results/r2-emoa/cifar100/2026-09-13_22-31-39_65381509/search/
r2-emoa,cifar100,FGSM,960,r2,0.18843719430054362,results/r2-emoa/cifar100/2026-09-13_22-31-39_65381509/search/
r2-emoa,cifar100,FGSM,960,hv_2obj,24.59180439827526,results/r2-emoa/cifar100/2026-09-13_22-31-39_65381509/search/
r2-emoa,cifar100,FGSM,1000,hv,73120.05622416192,results/r2-emoa/cifar100/2026-09-13_22-31-39_65381509/search/
r2-emoa,cifar100,FGSM,1000,hv_acc_2obj,73.04079999999996,results/r2-emoa/cifar100/2026-09-13_22-31-39_65381509/search/
r2-emoa,cifar100,FGSM,1000,r2,0.18843719430054362,results/r2-emoa/cifar100/2026-09-13_22-31-39_65381509/search/
r2-emoa,cifar100,FGSM,1000,hv_2obj,24.59180439827526,results/r2-emoa/cifar100/2026-09-13_22-31-39_65381509/search/
r2-emoa,cifar100,FGSM,1040,hv,73120.16689199736,results/r2-emoa/cifar100/2026-09-13_22-31-39_65381509/search/
r2-emoa,cifar100,FGSM,1040,hv_acc_2obj,73.04079999999996,results/r2-emoa/cifar100/2026-09-13_22-31-39_65381509/search/
r2-emoa,cifar100,FGSM,1040,r2,0.18843719430054362,results/r2-emoa/cifar100/2026-09-13_22-31-39_65381509/search/
r2-emoa,cifar100,FGSM,1040,hv_2obj,24.59180439827526,results/r2-emoa/cifar100/2026-09-13_22-31-39_65381509/search/
r2-emoa,cifar100,FGSM,1080,hv,73121.87612771425,results/r2-emoa/cifar100/2026-09-13_22-31-39_65381509/search/
r2-emoa,cifar100,FGSM,1080,hv_acc_2obj,75.32079999999993,results/r2-emoa/cifar100/2026-09-13_22-31-39_65381509/search/
r2-emoa,cifar100,FGSM,1080,r2,0.18843719430054362,results/r2-emoa/cifar100/2026-09-13_22-31-39_65381509/search/
r2-emoa,cifar100,FGSM,1080,hv_2obj,24.592326394543228,results/r2-emoa/cifar100/2026-09-13_22-31-39_65381509/search/
r2-emoa,cifar100,FGSM,1120,hv,73248.5030384419,results/r2-emoa/cifar100/2026-09-13_22-31-39_65381509/search/
r2-emoa,cifar100,FGSM,1120,hv_acc_2obj,75.32079999999993,results/r2-emoa/cifar100/2026-09-13_22-31-39_65381509/search/
r2-emoa,cifar100,FGSM,1120,r2,0.18833938883923612,results/r2-emoa/cifar100/2026-09-13_22-31-39_65381509/search/
r2-emoa,cifar100,FGSM,1120,hv_2obj,24.592326394543228,results/r2-emoa/cifar100/2026-09-13_22-31-39_65381509/search/
r2-emoa,cifar100,FGSM,1160,hv,73248.59733027527,results/r2-emoa/cifar100/2026-09-13_22-31-39_65381509/search/
r2-emoa,cifar100,FGSM,1160,hv_acc_2obj,75.32079999999993,results/r2-emoa/cifar100/2026-09-13_22-31-39_65381509/search/
r2-emoa,cifar100,FGSM,1160,r2,0.18833938883923612,results/r2-emoa/cifar100/2026-09-13_22-31-39_65381509/search/
r2-emoa,cifar100,FGSM,1160,hv_2obj,24.592326394543228,results/r2-emoa/cifar100/2026-09-13_22-31-39_65381509/search/
r2-emoa,cifar100,FGSM,1200,hv,73251.12732796403,results/r2-emoa/cifar100/2026-09-13_22-31-39_65381509/search/
r2-emoa,cifar100,FGSM,1200,hv_acc_2obj,75.32079999999993,results/r2-emoa/cifar100/2026-09-13_22-31-39_65381509/search/
r2-emoa,cifar100,FGSM,1200,r2,0.18833938883923612,results/r2-emoa/cifar100/2026-09-13_22-31-39_65381509/search/
r2-emoa,cifar100,FGSM,1200,hv_2obj,24.592326394543228,results/r2-emoa/cifar100/2026-09-13_22-31-39_65381509/search/
r2-emoa,cifar100,FGSM,1240,hv,73254.15784286824,results/r2-emoa/cifar100/2026-09-13_22-31-39_65381509/search/
r2-emoa,cifar100,FGSM,1240,hv_acc_2obj,75.35839999999993,results/r2-emoa/cifar100/2026-09-13_22-31-39_65381509/search/
r2-emoa,cifar100,FGSM,1240,r2,0.18833938883923612,results/r2-emoa/cifar100/2026-09-13_22-31-39_65381509/search/
r2-emoa,cifar100,FGSM,1240,hv_2obj,24.59283778259194,results/r2-emoa/cifar100/2026-09-13_22-31-39_65381509/search/
r2-emoa,cifar100,FGSM,40,hv,68693.94237451027,results/r2-emoa/cifar100/2026-09-14_04-08-30_27293207/search/
r2-emoa,cifar100,FGSM,40,hv_acc_2obj,47.67839999999998,results/r2-emoa/cifar100/2026-09-14_04-08-30_27293207/search/
r2-emoa,cifar100,FGSM,40,r2,0.19447438124685848,results/r2-emoa/cifar100/2026-09-14_04-08-30_27293207/search/
r2-emoa,cifar100,FGSM,40,hv_2obj,23.494944370674776,results/r2-emoa/cifar100/2026-09-14_04-08-30_27293207/search/
r2-emoa,cifar100,FGSM,80,hv,69033.76677451047,results/r2-emoa/cifar100/2026-09-14_04-08-30_27293207/search/
r2-emoa,cifar100,FGSM,80,hv_acc_2obj,47.67839999999998,results/r2-emoa/cifar100/2026-09-14_04-08-30_27293207/search/
r2-emoa,cifar100,FGSM,80,r2,0.1941536488404046,results/r2-emoa/cifar100/2026-09-14_04-08-30_27293207/search/
r2-emoa,cifar100,FGSM,80,hv_2obj,23.535529241567758,results/r2-emoa/cifar100/2026-09-14_04-08-30_27293207/search/
r2-emoa,cifar100,FGSM,120,hv,69154.14648797389,results/r2-emoa/cifar100/2026-09-14_04-08-30_27293207/search/
r2-emoa,cifar100,FGSM,120,hv_acc_2obj,48.267199999999974,results/r2-emoa/cifar100/2026-09-14_04-08-30_27293207/search/
r2-emoa,cifar100,FGSM,120,r2,0.19407915511273247,results/r2-emoa/cifar100/2026-09-14_04-08-30_27293207/search/
r2-emoa,cifar100,FGSM,120,hv_2obj,23.535529241567758,results/r2-emoa/cifar100/2026-09-14_04-08-30_27293207/search/
r2-emoa,cifar100,FGSM,160,hv,69247.51628039457,results/r2-emoa/cifar100/2026-09-14_04-08-30_27293207/search/
r2-emoa,cifar100,FGSM,160,hv_acc_2obj,50.7216,results/r2-emoa/cifar100/2026-09-14_04-08-30_27293207/search/
r2-emoa,cifar100,FGSM,160,r2,0.19393662494755315,results/r2-emoa/cifar100/2026-09-14_04-08-30_27293207/search/
r2-emoa,cifar100,FGSM,160,hv_2obj,23.56489117467494,results/r2-emoa/cifar100/2026-09-14_04-08-30_27293207/search/
r2-emoa,cifar100,FGSM,200,hv,69689.49198624874,results/r2-emoa/cifar100/2026-09-14_04-08-30_27293207/search/
r2-emoa,cifar100,FGSM,200,hv_acc_2obj,55.62639999999998,results/r2-emoa/cifar100/2026-09-14_04-08-30_27293207/search/
r2-emoa,cifar100,FGSM,200,r2,0.1935621810275718,results/r2-emoa/cifar100/2026-09-14_04-08-30_27293207/search/
r2-emoa,cifar100,FGSM,200,hv_2obj,23.577177563761722,results/r2-emoa/cifar100/2026-09-14_04-08-30_27293207/search/
r2-emoa,cifar100,FGSM,240,hv,71166.57795499354,results/r2-emoa/cifar100/2026-09-14_04-08-30_27293207/search/
r2-emoa,cifar100,FGSM,240,hv_acc_2obj,68.19199999999998,results/r2-emoa/cifar100/2026-09-14_04-08-30_27293207/search/
r2-emoa,cifar100,FGSM,240,r2,0.19134115111148284,results/r2-emoa/cifar100/2026-09-14_04-08-30_27293207/search/
r2-emoa,cifar100,FGSM,240,hv_2obj,24.01501023689549,results/r2-emoa/cifar100/2026-09-14_04-08-30_27293207/search/
r2-emoa,cifar100,FGSM,280,hv,71216.8750869326,results/r2-emoa/cifar100/2026-09-14_04-08-30_27293207/search/
r2-emoa,cifar100,FGSM,280,hv_acc_2obj,68.74679999999998,results/r2-emoa/cifar100/2026-09-14_04-08-30_27293207/search/
r2-emoa,cifar100,FGSM,280,r2,0.19129036933968263,results/r2-emoa/cifar100/2026-09-14_04-08-30_27293207/search/
r2-emoa,cifar100,FGSM,280,hv_2obj,24.021427168420797,results/r2-emoa/cifar100/2026-09-14_04-08-30_27293207/search/
r2-emoa,cifar100,FGSM,320,hv,71219.50603788703,results/r2-emoa/cifar100/2026-09-14_04-08-30_27293207/search/
r2-emoa,cifar100,FGSM,320,hv_acc_2obj,68.74679999999998,results/r2-emoa/cifar100/2026-09-14_04-08-30_27293207/search/
r2-emoa,cifar100,FGSM,320,r2,0.19129036933968263,results/r2-emoa/cifar100/2026-09-14_04-08-30_27293207/search/
r2-emoa,cifar100,FGSM,320,hv_2obj,24.02234871931039,results/r2-emoa/cifar100/2026-09-14_04-08-30_27293207/search/
r2-emoa,cifar100,FGSM,360,hv,71451.47078849263,results/r2-emoa/cifar100/2026-09-14_04-08-30_27293207/search/
r2-emoa,cifar100,FGSM,360,hv_acc_2obj,70.51920000000008,results/r2-emoa/cifar100/2026-09-14_04-08-30_27293207/search/
r2-emoa,cifar100,FGSM,360,r2,0.19098857263444052,results/r2-emoa/cifar100/2026-09-14_04-08-30_27293207/search/
r2-emoa,cifar100,FGSM,360,hv_2obj,24.06896000499127,results/r2-emoa/cifar100/2026-09-14_04-08-30_27293207/search/
r2-emoa,cifar100,FGSM,400,hv,72012.01636129331,results/r2-emoa/cifar100/2026-09-14_04-08-30_27293207/search/
r2-emoa,cifar100,FGSM,400,hv_acc_2obj,71.38440000000007,results/r2-emoa/cifar100/2026-09-14_04-08-30_27293207/search/
r2-emoa,cifar100,FGSM,400,r2,0.19005270304283572,results/r2-emoa/cifar100/2026-09-14_04-08-30_27293207/search/
r2-emoa,cifar100,FGSM,400,hv_2obj,24.26658093520379,results/r2-emoa/cifar100/2026-09-14_04-08-30_27293207/search/
r2-emoa,cifar100,FGSM,440,hv,72181.104851447,results/r2-emoa/cifar100/2026-09-14_04-08-30_27293207/search/
r2-emoa,cifar100,FGSM,440,hv_acc_2obj,71.38440000000007,results/r2-emoa/cifar100/2026-09-14_04-08-30_27293207/search/
r2-emoa,cifar100,FGSM,440,r2,0.18981067824818393,results/r2-emoa/cifar100/2026-09-14_04-08-30_27293207/search/
r2-emoa,cifar100,FGSM,440,hv_2obj,24.31898449563886,results/r2-emoa/cifar100/2026-09-14_04-08-30_27293207/search/
r2-emoa,cifar100,FGSM,480,hv,72980.08866901838,results/r2-emoa/cifar100/2026-09-14_04-08-30_27293207/search/
r2-emoa,cifar100,FGSM,480,hv_acc_2obj,79.74039999999997,results/r2-emoa/cifar100/2026-09-14_04-08-30_27293207/search/
r2-emoa,cifar100,FGSM,480,r2,0.18851347770517948,results/r2-emoa/cifar100/2026-09-14_04-08-30_27293207/search/
r2-emoa,cifar100,FGSM,480,hv_2obj,24.598803654569398,results/r2-emoa/cifar100/2026-09-14_04-08-30_27293207/search/
r2-emoa,cifar100,FGSM,520,hv,72997.43416786827,results/r2-emoa/cifar100/2026-09-14_04-08-30_27293207/search/
r2-emoa,cifar100,FGSM,520,hv_acc_2obj,81.42759999999997,results/r2-emoa/cifar100/2026-09-14_04-08-30_27293207/search/
r2-emoa,cifar100,FGSM,520,r2,0.18851347770517948,results/r2-emoa/cifar100/2026-09-14_04-08-30_27293207/search/
r2-emoa,cifar100,FGSM,520,hv_2obj,24.60127040449574,results/r2-emoa/cifar100/2026-09-14_04-08-30_27293207/search/
r2-emoa,cifar100,FGSM,560,hv,73686.6803588543,results/r2-emoa/cifar100/2026-09-14_04-08-30_27293207/search/
r2-emoa,cifar100,FGSM,560,hv_acc_2obj,86.4804,results/r2-emoa/cifar100/2026-09-14_04-08-30_27293207/search/
r2-emoa,cifar100,FGSM,560,r2,0.1873730520501961,results/r2-emoa/cifar100/2026-09-14_04-08-30_27293207/search/
r2-emoa,cifar100,FGSM,560,hv_2obj,24.84111378200782,results/r2-emoa/cifar100/2026-09-14_04-08-30_27293207/search/
r2-emoa,cifar100,FGSM,600,hv,73688.62079593944,results/r2-emoa/cifar100/2026-09-14_04-08-30_27293207/search/
r2-emoa,cifar100,FGSM,600,hv_acc_2obj,86.4804,results/r2-emoa/cifar100/2026-09-14_04-08-30_27293207/search/
r2-emoa,cifar100,FGSM,600,r2,0.1873730520501961,results/r2-emoa/cifar100/2026-09-14_04-08-30_27293207/search/
r2-emoa,cifar100,FGSM,600,hv_2obj,24.84111378200782,results/r2-emoa/cifar100/2026-09-14_04-08-30_27293207/search/
r2-emoa,cifar100,FGSM,640,hv,73694.07747739887,results/r2-emoa/cifar100/2026-09-14_04-08-30_27293207/search/
r2-emoa,cifar100,FGSM,640,hv_acc_2obj,86.4804,results/r2-emoa/cifar100/2026-09-14_04-08-30_27293207/search/
r2-emoa,cifar100,FGSM,640,r2,0.1873730520501961,results/r2-emoa/cifar100/2026-09-14_04-08-30_27293207/search/
r2-emoa,cifar100,FGSM,640,hv_2obj,24.841624085216452,results/r2-emoa/cifar100/2026-09-14_04-08-30_27293207/search/
r2-emoa,cifar100,FGSM,680,hv,73700.28717544957,results/r2-emoa/cifar100/2026-09-14_04-08-30_27293207/search/
r2-emoa,cifar100,FGSM,680,hv_acc_2obj,86.4804,results/r2-emoa/cifar100/2026-09-14_04-08-30_27293207/search/
r2-emoa,cifar100,FGSM,680,r2,0.1873730520501961,results/r2-emoa/cifar100/2026-09-14_04-08-30_27293207/search/
r2-emoa,cifar100,FGSM,680,hv_2obj,24.841913842873314,results/r2-emoa/cifar100/2026-09-14_04-08-30_27293207/search/
r2-emoa,cifar100,FGSM,720,hv,73721.37347008637,results/r2-emoa/cifar100/2026-09-14_04-08-30_27293207/search/
r2-emoa,cifar100,FGSM,720,hv_acc_2obj,87.18760000000002,results/r2-emoa/cifar100/2026-09-14_04-08-30_27293207/search/
r2-emoa,cifar100,FGSM,720,r2,0.18736627819496268,results/r2-emoa/cifar100/2026-09-14_04-08-30_27293207/search/
r2-emoa,cifar100,FGSM,720,hv_2obj,24.846210498982238,results/r2-emoa/cifar100/2026-09-14_04-08-30_27293207/search/
r2-emoa,cifar100,FGSM,760,hv,73721.9001027022,results/r2-emoa/cifar100/2026-09-14_04-08-30_27293207/search/
r2-emoa,cifar100,FGSM,760,hv_acc_2obj,87.18760000000002,results/r2-emoa/cifar100/2026-09-14_04-08-30_27293207/search/
r2-emoa,cifar100,FGSM,760,r2,0.18736627819496268,results/r2-emoa/cifar100/2026-09-14_04-08-30_27293207/search/
r2-emoa,cifar100,FGSM,760,hv_2obj,24.846210498982238,results/r2-emoa/cifar100/2026-09-14_04-08-30_27293207/search/
r2-emoa,cifar100,FGSM,800,hv,73724.0527718066,results/r2-emoa/cifar100/2026-09-14_04-08-30_27293207/search/
r2-emoa,cifar100,FGSM,800,hv_acc_2obj,87.18760000000002,results/r2-emoa/cifar100/2026-09-14_04-08-30_27293207/search/
r2-emoa,cifar100,FGSM,800,r2,0.18736627819496268,results/r2-emoa/cifar100/2026-09-14_04-08-30_27293207/search/
r2-emoa,cifar100,FGSM,800,hv_2obj,24.846210498982238,results/r2-emoa/cifar100/2026-09-14_04-08-30_27293207/search/
r2-emoa,cifar100,FGSM,840,hv,73969.14352581096,results/r2-emoa/cifar100/2026-09-14_04-08-30_27293207/search/
r2-emoa,cifar100,FGSM,840,hv_acc_2obj,87.18760000000002,results/r2-emoa/cifar100/2026-09-14_04-08-30_27293207/search/
r2-emoa,cifar100,FGSM,840,r2,0.1869742150310074,results/r2-emoa/cifar100/2026-09-14_04-08-30_27293207/search/
r2-emoa,cifar100,FGSM,840,hv_2obj,24.930995106433745,results/r2-emoa/cifar100/2026-09-14_04-08-30_27293207/search/
r2-emoa,cifar100,FGSM,880,hv,73981.36405843357,results/r2-emoa/cifar100/2026-09-14_04-08-30_27293207/search/
r2-emoa,cifar100,FGSM,880,hv_acc_2obj,87.18760000000002,results/r2-emoa/cifar100/2026-09-14_04-08-30_27293207/search/
r2-emoa,cifar100,FGSM,880,r2,0.1869742150310074,results/r2-emoa/cifar100/2026-09-14_04-08-30_27293207/search/
r2-emoa,cifar100,FGSM,880,hv_2obj,24.930995106433745,results/r2-emoa/cifar100/2026-09-14_04-08-30_27293207/search/
r2-emoa,cifar100,FGSM,920,hv,73986.47172097652,results/r2-emoa/cifar100/2026-09-14_04-08-30_27293207/search/
r2-emoa,cifar100,FGSM,920,hv_acc_2obj,91.27239999999996,results/r2-emoa/cifar100/2026-09-14_04-08-30_27293207/search/
r2-emoa,cifar100,FGSM,920,r2,0.1869742150310074,results/r2-emoa/cifar100/2026-09-14_04-08-30_27293207/search/
r2-emoa,cifar100,FGSM,920,hv_2obj,24.930995106433745,results/r2-emoa/cifar100/2026-09-14_04-08-30_27293207/search/
r2-emoa,cifar100,FGSM,960,hv,73987.77369463179,results/r2-emoa/cifar100/2026-09-14_04-08-30_27293207/search/
r2-emoa,cifar100,FGSM,960,hv_acc_2obj,91.27239999999996,results/r2-emoa/cifar100/2026-09-14_04-08-30_27293207/search/
r2-emoa,cifar100,FGSM,960,r2,0.1869742150310074,results/r2-emoa/cifar100/2026-09-14_04-08-30_27293207/search/
r2-emoa,cifar100,FGSM,960,hv_2obj,24.930995106433745,results/r2-emoa/cifar100/2026-09-14_04-08-30_27293207/search/
r2-emoa,cifar100,FGSM,1000,hv,73993.63599910497,results/r2-emoa/cifar100/2026-09-14_04-08-30_27293207/search/
r2-emoa,cifar100,FGSM,1000,hv_acc_2obj,91.27239999999996,results/r2-emoa/cifar100/2026-09-14_04-08-30_27293207/search/
r2-emoa,cifar100,FGSM,1000,r2,0.1869742150310074,results/r2-emoa/cifar100/2026-09-14_04-08-30_27293207/search/
r2-emoa,cifar100,FGSM,1000,hv_2obj,24.93167350936673,results/r2-emoa/cifar100/2026-09-14_04-08-30_27293207/search/
r2-emoa,cifar100,FGSM,1040,hv,73999.08260457587,results/r2-emoa/cifar100/2026-09-14_04-08-30_27293207/search/
r2-emoa,cifar100,FGSM,1040,hv_acc_2obj,91.27239999999996,results/r2-emoa/cifar100/2026-09-14_04-08-30_27293207/search/
r2-emoa,cifar100,FGSM,1040,r2,0.1869742150310074,results/r2-emoa/cifar100/2026-09-14_04-08-30_27293207/search/
r2-emoa,cifar100,FGSM,1040,hv_2obj,24.93167350936673,results/r2-emoa/cifar100/2026-09-14_04-08-30_27293207/search/
r2-emoa,cifar100,FGSM,1080,hv,73999.84526366595,results/r2-emoa/cifar100/2026-09-14_04-08-30_27293207/search/
r2-emoa,cifar100,FGSM,1080,hv_acc_2obj,91.27239999999996,results/r2-emoa/cifar100/2026-09-14_04-08-30_27293207/search/
r2-emoa,cifar100,FGSM,1080,r2,0.1869742150310074,results/r2-emoa/cifar100/2026-09-14_04-08-30_27293207/search/
r2-emoa,cifar100,FGSM,1080,hv_2obj,24.93167350936673,results/r2-emoa/cifar100/2026-09-14_04-08-30_27293207/search/
r2-emoa,cifar100,FGSM,1120,hv,74000.87258241672,results/r2-emoa/cifar100/2026-09-14_04-08-30_27293207/search/
r2-emoa,cifar100,FGSM,1120,hv_acc_2obj,91.27239999999996,results/r2-emoa/cifar100/2026-09-14_04-08-30_27293207/search/
r2-emoa,cifar100,FGSM,1120,r2,0.1869742150310074,results/r2-emoa/cifar100/2026-09-14_04-08-30_27293207/search/
r2-emoa,cifar100,FGSM,1120,hv_2obj,24.93167350936673,results/r2-emoa/cifar100/2026-09-14_04-08-30_27293207/search/
r2-emoa,cifar100,FGSM,1160,hv,74003.76149314964,results/r2-emoa/cifar100/2026-09-14_04-08-30_27293207/search/
r2-emoa,cifar100,FGSM,1160,hv_acc_2obj,91.27239999999996,results/r2-emoa/cifar100/2026-09-14_04-08-30_27293207/search/
r2-emoa,cifar100,FGSM,1160,r2,0.1869742150310074,results/r2-emoa/cifar100/2026-09-14_04-08-30_27293207/search/
r2-emoa,cifar100,FGSM,1160,hv_2obj,24.93167350936673,results/r2-emoa/cifar100/2026-09-14_04-08-30_27293207/search/
r2-emoa,cifar100,FGSM,1200,hv,74008.04426177258,results/r2-emoa/cifar100/2026-09-14_04-08-30_27293207/search/
r2-emoa,cifar100,FGSM,1200,hv_acc_2obj,91.27239999999996,results/r2-emoa/cifar100/2026-09-14_04-08-30_27293207/search/
r2-emoa,cifar100,FGSM,1200,r2,0.1869742150310074,results/r2-emoa/cifar100/2026-09-14_04-08-30_27293207/search/
r2-emoa,cifar100,FGSM,1200,hv_2obj,24.93167350936673,results/r2-emoa/cifar100/2026-09-14_04-08-30_27293207/search/
r2-emoa,cifar100,FGSM,1240,hv,74010.97450229562,results/r2-emoa/cifar100/2026-09-14_04-08-30_27293207/search/
r2-emoa,cifar100,FGSM,1240,hv_acc_2obj,91.27239999999996,results/r2-emoa/cifar100/2026-09-14_04-08-30_27293207/search/
r2-emoa,cifar100,FGSM,1240,r2,0.1869742150310074,results/r2-emoa/cifar100/2026-09-14_04-08-30_27293207/search/
r2-emoa,cifar100,FGSM,1240,hv_2obj,24.93167350936673,results/r2-emoa/cifar100/2026-09-14_04-08-30_27293207/search/
r2-emoa,cifar100,FGSM,40,hv,67656.62111882567,results/r2-emoa/cifar100/2026-09-14_10-13-09_27522793/search/
r2-emoa,cifar100,FGSM,40,hv_acc_2obj,43.21119999999995,results/r2-emoa/cifar100/2026-09-14_10-13-09_27522793/search/
r2-emoa,cifar100,FGSM,40,r2,0.19625261038065692,results/r2-emoa/cifar100/2026-09-14_10-13-09_27522793/search/
r2-emoa,cifar100,FGSM,40,hv_2obj,23.130479339319265,results/r2-emoa/cifar100/2026-09-14_10-13-09_27522793/search/
r2-emoa,cifar100,FGSM,80,hv,68372.8515478517,results/r2-emoa/cifar100/2026-09-14_10-13-09_27522793/search/
r2-emoa,cifar100,FGSM,80,hv_acc_2obj,44.01599999999995,results/r2-emoa/cifar100/2026-09-14_10-13-09_27522793/search/
r2-emoa,cifar100,FGSM,80,r2,0.1953066403265214,results/r2-emoa/cifar100/2026-09-14_10-13-09_27522793/search/
r2-emoa,cifar100,FGSM,80,hv_2obj,23.271547149217373,results/r2-emoa/cifar100/2026-09-14_10-13-09_27522793/search/
r2-emoa,cifar100,FGSM,120,hv,68905.74679493766,results/r2-emoa/cifar100/2026-09-14_10-13-09_27522793/search/
r2-emoa,cifar100,FGSM,120,hv_acc_2obj,45.44799999999996,results/r2-emoa/cifar100/2026-09-14_10-13-09_27522793/search/
r2-emoa,cifar100,FGSM,120,r2,0.19452793935091048,results/r2-emoa/cifar100/2026-09-14_10-13-09_27522793/search/
r2-emoa,cifar100,FGSM,120,hv_2obj,23.438791636317912,results/r2-emoa/cifar100/2026-09-14_10-13-09_27522793/search/
r2-emoa,cifar100,FGSM,160,hv,69106.1483678073,results/r2-emoa/cifar100/2026-09-14_10-13-09_27522793/search/
r2-emoa,cifar100,FGSM,160,hv_acc_2obj,50.16519999999997,results/r2-emoa/cifar100/2026-09-14_10-13-09_27522793/search/
r2-emoa,cifar100,FGSM,160,r2,0.19436787366495262,results/r2-emoa/cifar100/2026-09-14_10-13-09_27522793/search/
r2-emoa,cifar100,FGSM,160,hv_2obj,23.441985058561198,results/r2-emoa/cifar100/2026-09-14_10-13-09_27522793/search/
r2-emoa,cifar100,FGSM,200,hv,70481.80951768442,results/r2-emoa/cifar100/2026-09-14_10-13-09_27522793/search/
r2-emoa,cifar100,FGSM,200,hv_acc_2obj,55.42439999999996,results/r2-emoa/cifar100/2026-09-14_10-13-09_27522793/search/
r2-emoa,cifar100,FGSM,200,r2,0.1920994733834624,results/r2-emoa/cifar100/2026-09-14_10-13-09_27522793/search/
r2-emoa,cifar100,FGSM,200,hv_2obj,23.904459501815154,results/r2-emoa/cifar100/2026-09-14_10-13-09_27522793/search/
r2-emoa,cifar100,FGSM,240,hv,70749.53611077162,results/r2-emoa/cifar100/2026-09-14_10-13-09_27522793/search/
r2-emoa,cifar100,FGSM,240,hv_acc_2obj,59.9892,results/r2-emoa/cifar100/2026-09-14_10-13-09_27522793/search/
r2-emoa,cifar100,FGSM,240,r2,0.19170410762339468,results/r2-emoa/cifar100/2026-09-14_10-13-09_27522793/search/
r2-emoa,cifar100,FGSM,240,hv_2obj,23.98341321511244,results/r2-emoa/cifar100/2026-09-14_10-13-09_27522793/search/
r2-emoa,cifar100,FGSM,280,hv,71063.40139667466,results/r2-emoa/cifar100/2026-09-14_10-13-09_27522793/search/
r2-emoa,cifar100,FGSM,280,hv_acc_2obj,63.898,results/r2-emoa/cifar100/2026-09-14_10-13-09_27522793/search/
r2-emoa,cifar100,FGSM,280,r2,0.19134600534621496,results/r2-emoa/cifar100/2026-09-14_10-13-09_27522793/search/
r2-emoa,cifar100,FGSM,280,hv_2obj,24.04715529772451,results/r2-emoa/cifar100/2026-09-14_10-13-09_27522793/search/
r2-emoa,cifar100,FGSM,320,hv,71233.98915222472,results/r2-emoa/cifar100/2026-09-14_10-13-09_27522793/search/
r2-emoa,cifar100,FGSM,320,hv_acc_2obj,63.898,results/r2-emoa/cifar100/2026-09-14_10-13-09_27522793/search/
r2-emoa,cifar100,FGSM,320,r2,0.19121359963667267,results/r2-emoa/cifar100/2026-09-14_10-13-09_27522793/search/
r2-emoa,cifar100,FGSM,320,hv_2obj,24.04715529772451,results/r2-emoa/cifar100/2026-09-14_10-13-09_27522793/search/
r2-emoa,cifar100,FGSM,360,hv,71652.16397622069,results/r2-emoa/cifar100/2026-09-14_10-13-09_27522793/search/
r2-emoa,cifar100,FGSM,360,hv_acc_2obj,70.01079999999995,results/r2-emoa/cifar100/2026-09-14_10-13-09_27522793/search/
r2-emoa,cifar100,FGSM,360,r2,0.1905804804547316,results/r2-emoa/cifar100/2026-09-14_10-13-09_27522793/search/
r2-emoa,cifar100,FGSM,360,hv_2obj,24.185784188443435,results/r2-emoa/cifar100/2026-09-14_10-13-09_27522793/search/
r2-emoa,cifar100,FGSM,400,hv,72036.56668871848,results/r2-emoa/cifar100/2026-09-14_10-13-09_27522793/search/
r2-emoa,cifar100,FGSM,400,hv_acc_2obj,70.01079999999995,results/r2-emoa/cifar100/2026-09-14_10-13-09_27522793/search/
r2-emoa,cifar100,FGSM,400,r2,0.1899661068908113,results/r2-emoa/cifar100/2026-09-14_10-13-09_27522793/search/
r2-emoa,cifar100,FGSM,400,hv_2obj,24.31517771541704,results/r2-emoa/cifar100/2026-09-14_10-13-09_27522793/search/
r2-emoa,cifar100,FGSM,440,hv,72125.36904042623,results/r2-emoa/cifar100/2026-09-14_10-13-09_27522793/search/
r2-emoa,cifar100,FGSM,440,hv_acc_2obj,73.77079999999995,results/r2-emoa/cifar100/2026-09-14_10-13-09_27522793/search/
r2-emoa,cifar100,FGSM,440,r2,0.1899006438833984,results/r2-emoa/cifar100/2026-09-14_10-13-09_27522793/search/
r2-emoa,cifar100,FGSM,440,hv_2obj,24.318390581541095,results/r2-emoa/cifar100/2026-09-14_10-13-09_27522793/search/
r2-emoa,cifar100,FGSM,480,hv,72131.04567568717,results/r2-emoa/cifar100/2026-09-14_10-13-09_27522793/search/
r2-emoa,cifar100,FGSM,480,hv_acc_2obj,73.84039999999993,results/r2-emoa/cifar100/2026-09-14_10-13-09_27522793/search/
r2-emoa,cifar100,FGSM,480,r2,0.1899006438833984,results/r2-emoa/cifar100/2026-09-14_10-13-09_27522793/search/
r2-emoa,cifar100,FGSM,480,hv_2obj,24.318390581541095,results/r2-emoa/cifar100/2026-09-14_10-13-09_27522793/search/
r2-emoa,cifar100,FGSM,520,hv,72687.73934362632,results/r2-emoa/cifar100/2026-09-14_10-13-09_27522793/search/
r2-emoa,cifar100,FGSM,520,hv_acc_2obj,73.99719999999995,results/r2-emoa/cifar100/2026-09-14_10-13-09_27522793/search/
r2-emoa,cifar100,FGSM,520,r2,0.18905700361506822,results/r2-emoa/cifar100/2026-09-14_10-13-09_27522793/search/
r2-emoa,cifar100,FGSM,520,hv_2obj,24.48484776635017,results/r2-emoa/cifar100/2026-09-14_10-13-09_27522793/search/
r2-emoa,cifar100,FGSM,560,hv,72698.9111789894,results/r2-emoa/cifar100/2026-09-14_10-13-09_27522793/search/
r2-emoa,cifar100,FGSM,560,hv_acc_2obj,74.11719999999994,results/r2-emoa/cifar100/2026-09-14_10-13-09_27522793/search/
r2-emoa,cifar100,FGSM,560,r2,0.18905700361506822,results/r2-emoa/cifar100/2026-09-14_10-13-09_27522793/search/
r2-emoa,cifar100,FGSM,560,hv_2obj,24.48484776635017,results/r2-emoa/cifar100/2026-09-14_10-13-09_27522793/search/
r2-emoa,cifar100,FGSM,600,hv,72905.51640545116,results/r2-emoa/cifar100/2026-09-14_10-13-09_27522793/search/
r2-emoa,cifar100,FGSM,600,hv_acc_2obj,74.60319999999994,results/r2-emoa/cifar100/2026-09-14_10-13-09_27522793/search/
r2-emoa,cifar100,FGSM,600,r2,0.1887185385688223,results/r2-emoa/cifar100/2026-09-14_10-13-09_27522793/search/
r2-emoa,cifar100,FGSM,600,hv_2obj,24.554952761451293,results/r2-emoa/cifar100/2026-09-14_10-13-09_27522793/search/
r2-emoa,cifar100,FGSM,640,hv,72909.14350008755,results/r2-emoa/cifar100/2026-09-14_10-13-09_27522793/search/
r2-emoa,cifar100,FGSM,640,hv_acc_2obj,74.60319999999994,results/r2-emoa/cifar100/2026-09-14_10-13-09_27522793/search/
r2-emoa,cifar100,FGSM,640,r2,0.1887185385688223,results/r2-emoa/cifar100/2026-09-14_10-13-09_27522793/search/
r2-emoa,cifar100,FGSM,640,hv_2obj,24.554952761451293,results/r2-emoa/cifar100/2026-09-14_10-13-09_27522793/search/
r2-emoa,cifar100,FGSM,680,hv,72910.6582547976,results/r2-emoa/cifar100/2026-09-14_10-13-09_27522793/search/
r2-emoa,cifar100,FGSM,680,hv_acc_2obj,74.60319999999994,results/r2-emoa/cifar100/2026-09-14_10-13-09_27522793/search/
r2-emoa,cifar100,FGSM,680,r2,0.1887185385688223,results/r2-emoa/cifar100/2026-09-14_10-13-09_27522793/search/
r2-emoa,cifar100,FGSM,680,hv_2obj,24.554952761451293,results/r2-emoa/cifar100/2026-09-14_10-13-09_27522793/search/
r2-emoa,cifar100,FGSM,720,hv,72914.33849747588,results/r2-emoa/cifar100/2026-09-14_10-13-09_27522793/search/
r2-emoa,cifar100,FGSM,720,hv_acc_2obj,75.30759999999994,results/r2-emoa/cifar100/2026-09-14_10-13-09_27522793/search/
r2-emoa,cifar100,FGSM,720,r2,0.1887185385688223,results/r2-emoa/cifar100/2026-09-14_10-13-09_27522793/search/
r2-emoa,cifar100,FGSM,720,hv_2obj,24.555101865119997,results/r2-emoa/cifar100/2026-09-14_10-13-09_27522793/search/
r2-emoa,cifar100,FGSM,760,hv,72986.1226719843,results/r2-emoa/cifar100/2026-09-14_10-13-09_27522793/search/
r2-emoa,cifar100,FGSM,760,hv_acc_2obj,76.88,results/r2-emoa/cifar100/2026-09-14_10-13-09_27522793/search/
r2-emoa,cifar100,FGSM,760,r2,0.1886690531607712,results/r2-emoa/cifar100/2026-09-14_10-13-09_27522793/search/
r2-emoa,cifar100,FGSM,760,hv_2obj,24.555637510479713,results/r2-emoa/cifar100/2026-09-14_10-13-09_27522793/search/
r2-emoa,cifar100,FGSM,800,hv,73546.56149681193,results/r2-emoa/cifar100/2026-09-14_10-13-09_27522793/search/
r2-emoa,cifar100,FGSM,800,hv_acc_2obj,78.86599999999994,results/r2-emoa/cifar100/2026-09-14_10-13-09_27522793/search/
r2-emoa,cifar100,FGSM,800,r2,0.18779778148126103,results/r2-emoa/cifar100/2026-09-14_10-13-09_27522793/search/
r2-emoa,cifar100,FGSM,800,hv_2obj,24.748397506822876,results/r2-emoa/cifar100/2026-09-14_10-13-09_27522793/search/
r2-emoa,cifar100,FGSM,840,hv,73551.53206386656,results/r2-emoa/cifar100/2026-09-14_10-13-09_27522793/search/
r2-emoa,cifar100,FGSM,840,hv_acc_2obj,78.86599999999994,results/r2-emoa/cifar100/2026-09-14_10-13-09_27522793/search/
r2-emoa,cifar100,FGSM,840,r2,0.18779778148126103,results/r2-emoa/cifar100/2026-09-14_10-13-09_27522793/search/
r2-emoa,cifar100,FGSM,840,hv_2obj,24.748397506822876,results/r2-emoa/cifar100/2026-09-14_10-13-09_27522793/search/
r2-emoa,cifar100,FGSM,880,hv,73551.64104965188,results/r2-emoa/cifar100/2026-09-14_10-13-09_27522793/search/
r2-emoa,cifar100,FGSM,880,hv_acc_2obj,78.86599999999994,results/r2-emoa/cifar100/2026-09-14_10-13-09_27522793/search/
r2-emoa,cifar100,FGSM,880,r2,0.18779778148126103,results/r2-emoa/cifar100/2026-09-14_10-13-09_27522793/search/
r2-emoa,cifar100,FGSM,880,hv_2obj,24.748397506822876,results/r2-emoa/cifar100/2026-09-14_10-13-09_27522793/search/
r2-emoa,cifar100,FGSM,920,hv,73552.43590153841,results/r2-emoa/cifar100/2026-09-14_10-13-09_27522793/search/
r2-emoa,cifar100,FGSM,920,hv_acc_2obj,78.86599999999994,results/r2-emoa/cifar100/2026-09-14_10-13-09_27522793/search/
r2-emoa,cifar100,FGSM,920,r2,0.18779778148126103,results/r2-emoa/cifar100/2026-09-14_10-13-09_27522793/search/
r2-emoa,cifar100,FGSM,920,hv_2obj,24.748397506822876,results/r2-emoa/cifar100/2026-09-14_10-13-09_27522793/search/
r2-emoa,cifar100,FGSM,960,hv,73712.06690981177,results/r2-emoa/cifar100/2026-09-14_10-13-09_27522793/search/
r2-emoa,cifar100,FGSM,960,hv_acc_2obj,88.79919999999996,results/r2-emoa/cifar100/2026-09-14_10-13-09_27522793/search/
r2-emoa,cifar100,FGSM,960,r2,0.18754163742409918,results/r2-emoa/cifar100/2026-09-14_10-13-09_27522793/search/
r2-emoa,cifar100,FGSM,960,hv_2obj,24.803141300227473,results/r2-emoa/cifar100/2026-09-14_10-13-09_27522793/search/
r2-emoa,cifar100,FGSM,1000,hv,73759.86974643491,results/r2-emoa/cifar100/2026-09-14_10-13-09_27522793/search/
r2-emoa,cifar100,FGSM,1000,hv_acc_2obj,88.79919999999996,results/r2-emoa/cifar100/2026-09-14_10-13-09_27522793/search/
r2-emoa,cifar100,FGSM,1000,r2,0.187506289658306,results/r2-emoa/cifar100/2026-09-14_10-13-09_27522793/search/
r2-emoa,cifar100,FGSM,1000,hv_2obj,24.803141300227473,results/r2-emoa/cifar100/2026-09-14_10-13-09_27522793/search/
r2-emoa,cifar100,FGSM,1040,hv,73762.15600380619,results/r2-emoa/cifar100/2026-09-14_10-13-09_27522793/search/
r2-emoa,cifar100,FGSM,1040,hv_acc_2obj,88.79919999999996,results/r2-emoa/cifar100/2026-09-14_10-13-09_27522793/search/
r2-emoa,cifar100,FGSM,1040,r2,0.187506289658306,results/r2-emoa/cifar100/2026-09-14_10-13-09_27522793/search/
r2-emoa,cifar100,FGSM,1040,hv_2obj,24.803141300227473,results/r2-emoa/cifar100/2026-09-14_10-13-09_27522793/search/
r2-emoa,cifar100,FGSM,1080,hv,73996.14044644021,results/r2-emoa/cifar100/2026-09-14_10-13-09_27522793/search/
r2-emoa,cifar100,FGSM,1080,hv_acc_2obj,88.79919999999996,results/r2-emoa/cifar100/2026-09-14_10-13-09_27522793/search/
r2-emoa,cifar100,FGSM,1080,r2,0.1871325465743575,results/r2-emoa/cifar100/2026-09-14_10-13-09_27522793/search/
r2-emoa,cifar100,FGSM,1080,hv_2obj,24.880971816812863,results/r2-emoa/cifar100/2026-09-14_10-13-09_27522793/search/
r2-emoa,cifar100,FGSM,1120,hv,73997.76495559522,results/r2-emoa/cifar100/2026-09-14_10-13-09_27522793/search/
r2-emoa,cifar100,FGSM,1120,hv_acc_2obj,88.79919999999996,results/r2-emoa/cifar100/2026-09-14_10-13-09_27522793/search/
r2-emoa,cifar100,FGSM,1120,r2,0.1871325465743575,results/r2-emoa/cifar100/2026-09-14_10-13-09_27522793/search/
r2-emoa,cifar100,FGSM,1120,hv_2obj,24.880971816812863,results/r2-emoa/cifar100/2026-09-14_10-13-09_27522793/search/
r2-emoa,cifar100,FGSM,1160,hv,73999.0703939605,results/r2-emoa/cifar100/2026-09-14_10-13-09_27522793/search/
r2-emoa,cifar100,FGSM,1160,hv_acc_2obj,88.79919999999996,results/r2-emoa/cifar100/2026-09-14_10-13-09_27522793/search/
r2-emoa,cifar100,FGSM,1160,r2,0.1871325465743575,results/r2-emoa/cifar100/2026-09-14_10-13-09_27522793/search/
r2-emoa,cifar100,FGSM,1160,hv_2obj,24.881341088779397,results/r2-emoa/cifar100/2026-09-14_10-13-09_27522793/search/
r2-emoa,cifar100,FGSM,1200,hv,73999.09329980261,results/r2-emoa/cifar100/2026-09-14_10-13-09_27522793/search/
r2-emoa,cifar100,FGSM,1200,hv_acc_2obj,88.79919999999996,results/r2-emoa/cifar100/2026-09-14_10-13-09_27522793/search/
r2-emoa,cifar100,FGSM,1200,r2,0.1871325465743575,results/r2-emoa/cifar100/2026-09-14_10-13-09_27522793/search/
r2-emoa,cifar100,FGSM,1200,hv_2obj,24.881341088779397,results/r2-emoa/cifar100/2026-09-14_10-13-09_27522793/search/
r2-emoa,cifar100,FGSM,1240,hv,74000.4166436687,results/r2-emoa/cifar100/2026-09-14_10-13-09_27522793/search/
r2-emoa,cifar100,FGSM,1240,hv_acc_2obj,88.79919999999996,results/r2-emoa/cifar100/2026-09-14_10-13-09_27522793/search/
r2-emoa,cifar100,FGSM,1240,r2,0.1871325465743575,results/r2-emoa/cifar100/2026-09-14_10-13-09_27522793/search/
r2-emoa,cifar100,FGSM,1240,hv_2obj,24.881341088779397,results/r2-emoa/cifar100/2026-09-14_10-13-09_27522793/search/
