algorithm,dataset,attack,evaluations,indicator,value,dir
moras,cifar10,FGSM,40,hv,150519.92019030396,results/moras/cifar10/2026-09-06_00-04-08_18906049/search/
moras,cifar10,FGSM,40,r2,0.1502017123077291,results/moras/cifar10/2026-09-06_00-04-08_18906049/search/
moras,cifar10,FGSM,40,hv_2obj,51.334538901077465,results/moras/cifar10/2026-09-06_00-04-08_18906049/search/
moras,cifar10,FGSM,80,hv,151928.0337938608,results/moras/cifar10/2026-09-06_00-04-08_18906049/search/
moras,cifar10,FGSM,80,r2,0.1475398630191993,results/moras/cifar10/2026-09-06_00-04-08_18906049/search/
moras,cifar10,FGSM,80,hv_2obj,51.73550862567094,results/moras/cifar10/2026-09-06_00-04-08_18906049/search/
moras,cifar10,FGSM,120,hv,151969.99274463806,results/moras/cifar10/2026-09-06_00-04-08_18906049/search/
moras,cifar10,FGSM,120,r2,0.1475398630191993,results/moras/cifar10/2026-09-06_00-04-08_18906049/search/
moras,cifar10,FGSM,120,hv_2obj,51.73550862567094,results/moras/cifar10/2026-09-06_00-04-08_18906049/search/
moras,cifar10,FGSM,160,hv,152580.69121166444,results/moras/cifar10/2026-09-06_00-04-08_18906049/search/
moras,cifar10,FGSM,160,r2,0.1475398630191993,results/moras/cifar10/2026-09-06_00-04-08_18906049/search/
moras,cifar10,FGSM,160,hv_2obj,51.73550862567094,results/moras/cifar10/2026-09-06_00-04-08_18906049/search/
moras,cifar10,FGSM,200,hv,153150.43621115695,results/moras/cifar10/2026-09-06_00-04-08_18906049/search/
moras,cifar10,FGSM,200,r2,0.14735075390959534,results/moras/cifar10/2026-09-06_00-04-08_18906049/search/
moras,cifar10,FGSM,200,hv_2obj,51.76383542144604,results/moras/cifar10/2026-09-06_00-04-08_18906049/search/
moras,cifar10,FGSM,240,hv,153639.21661907737,results/moras/cifar10/2026-09-06_00-04-08_18906049/search/
moras,cifar10,FGSM,240,r2,0.14735075390959534,results/moras/cifar10/2026-09-06_00-04-08_18906049/search/
moras,cifar10,FGSM,240,hv_2obj,51.76383542144604,results/moras/cifar10/2026-09-06_00-04-08_18906049/search/
moras,cifar10,FGSM,280,hv,153971.37335449242,results/moras/cifar10/2026-09-06_00-04-08_18906049/search/
moras,cifar10,FGSM,280,r2,0.14684126559995572,results/moras/cifar10/2026-09-06_00-04-08_18906049/search/
moras,cifar10,FGSM,280,hv_2obj,51.873561914190276,results/moras/cifar10/2026-09-06_00-04-08_18906049/search/
moras,cifar10,FGSM,320,hv,154066.56412583336,results/moras/cifar10/2026-09-06_00-04-08_18906049/search/
moras,cifar10,FGSM,320,r2,0.1466769113765304,results/moras/cifar10/2026-09-06_00-04-08_18906049/search/
moras,cifar10,FGSM,320,hv_2obj,51.898440764260734,results/moras/cifar10/2026-09-06_00-04-08_18906049/search/
moras,cifar10,FGSM,360,hv,154295.28273719823,results/moras/cifar10/2026-09-06_00-04-08_18906049/search/
moras,cifar10,FGSM,360,r2,0.1466769113765304,results/moras/cifar10/2026-09-06_00-04-08_18906049/search/
moras,cifar10,FGSM,360,hv_2obj,51.898440764260734,results/moras/cifar10/2026-09-06_00-04-08_18906049/search/
moras,cifar10,FGSM,400,hv,154307.52150589612,results/moras/cifar10/2026-09-06_00-04-08_18906049/search/
moras,cifar10,FGSM,400,r2,0.1466769113765304,results/moras/cifar10/2026-09-06_00-04-08_18906049/search/
moras,cifar10,FGSM,400,hv_2obj,51.8991021995568,results/moras/cifar10/2026-09-06_00-04-08_18906049/search/
moras,cifar10,FGSM,440,hv,155115.84721230168,results/moras/cifar10/2026-09-06_00-04-08_18906049/search/
moras,cifar10,FGSM,440,r2,0.14560913673938763,results/moras/cifar10/2026-09-06_00-04-08_18906049/search/
moras,cifar10,FGSM,440,hv_2obj,52.0990724691397,results/moras/cifar10/2026-09-06_00-04-08_18906049/search/
moras,cifar10,FGSM,480,hv,155255.6359327506,results/moras/cifar10/2026-09-06_00-04-08_18906049/search/
moras,cifar10,FGSM,480,r2,0.14560913673938763,results/moras/cifar10/2026-09-06_00-04-08_18906049/search/
moras,cifar10,FGSM,480,hv_2obj,52.0990724691397,results/moras/cifar10/2026-09-06_00-04-08_18906049/search/
moras,cifar10,FGSM,520,hv,155263.3858278337,results/moras/cifar10/2026-09-06_00-04-08_18906049/search/
moras,cifar10,FGSM,520,r2,0.14560913673938763,results/moras/cifar10/2026-09-06_00-04-08_18906049/search/
moras,cifar10,FGSM,520,hv_2obj,52.0990724691397,results/moras/cifar10/2026-09-06_00-04-08_18906049/search/
moras,cifar10,FGSM,560,hv,155413.22641978995,results/moras/cifar10/2026-09-06_00-04-08_18906049/search/
moras,cifar10,FGSM,560,r2,0.1453736225987982,results/moras/cifar10/2026-09-06_00-04-08_18906049/search/
moras,cifar10,FGSM,560,hv_2obj,52.14993547848685,results/moras/cifar10/2026-09-06_00-04-08_18906049/search/
moras,cifar10,FGSM,600,hv,155972.42428550514,results/moras/cifar10/2026-09-06_00-04-08_18906049/search/
moras,cifar10,FGSM,600,r2,0.14413890562471593,results/moras/cifar10/2026-09-06_00-04-08_18906049/search/
moras,cifar10,FGSM,600,hv_2obj,52.342154812293806,results/moras/cifar10/2026-09-06_00-04-08_18906049/search/
moras,cifar10,FGSM,640,hv,156116.36380399266,results/moras/cifar10/2026-09-06_00-04-08_18906049/search/
moras,cifar10,FGSM,640,r2,0.14413890562471593,results/moras/cifar10/2026-09-06_00-04-08_18906049/search/
moras,cifar10,FGSM,640,hv_2obj,52.342154812293806,results/moras/cifar10/2026-09-06_00-04-08_18906049/search/
moras,cifar10,FGSM,680,hv,156200.45938188292,results/moras/cifar10/2026-09-06_00-04-08_18906049/search/
moras,cifar10,FGSM,680,r2,0.14413890562471593,results/moras/cifar10/2026-09-06_00-04-08_18906049/search/
moras,cifar10,FGSM,680,hv_2obj,52.342154812293806,results/moras/cifar10/2026-09-06_00-04-08_18906049/search/
moras,cifar10,FGSM,720,hv,156215.5404545374,results/moras/cifar10/2026-09-06_00-04-08_18906049/search/
moras,cifar10,FGSM,720,r2,0.14413890562471593,results/moras/cifar10/2026-09-06_00-04-08_18906049/search/
moras,cifar10,FGSM,720,hv_2obj,52.342154812293806,results/moras/cifar10/2026-09-06_00-04-08_18906049/search/
moras,cifar10,FGSM,760,hv,156215.59116595561,results/moras/cifar10/2026-09-06_00-04-08_18906049/search/
moras,cifar10,FGSM,760,r2,0.14413890562471593,results/moras/cifar10/2026-09-06_00-04-08_18906049/search/
moras,cifar10,FGSM,760,hv_2obj,52.342154812293806,results/moras/cifar10/2026-09-06_00-04-08_18906049/search/
moras,cifar10,FGSM,800,hv,156463.67572477186,results/moras/cifar10/2026-09-06_00-04-08_18906049/search/
moras,cifar10,FGSM,800,r2,0.1437497774177423,results/moras/cifar10/2026-09-06_00-04-08_18906049/search/
moras,cifar10,FGSM,800,hv_2obj,52.42678844026112,results/moras/cifar10/2026-09-06_00-04-08_18906049/search/
moras,cifar10,FGSM,840,hv,156787.39573722685,results/moras/cifar10/2026-09-06_00-04-08_18906049/search/
moras,cifar10,FGSM,840,r2,0.1437497774177423,results/moras/cifar10/2026-09-06_00-04-08_18906049/search/
moras,cifar10,FGSM,840,hv_2obj,52.42678844026112,results/moras/cifar10/2026-09-06_00-04-08_18906049/search/
moras,cifar10,FGSM,880,hv,156788.954089822,results/moras/cifar10/2026-09-06_00-04-08_18906049/search/
moras,cifar10,FGSM,880,r2,0.1437497774177423,results/moras/cifar10/2026-09-06_00-04-08_18906049/search/
moras,cifar10,FGSM,880,hv_2obj,52.42678844026112,results/moras/cifar10/2026-09-06_00-04-08_18906049/search/
moras,cifar10,FGSM,920,hv,156800.29487597718,results/moras/cifar10/2026-09-06_00-04-08_18906049/search/
moras,cifar10,FGSM,920,r2,0.1437497774177423,results/moras/cifar10/2026-09-06_00-04-08_18906049/search/
moras,cifar10,FGSM,920,hv_2obj,52.42678844026112,results/moras/cifar10/2026-09-06_00-04-08_18906049/search/
moras,cifar10,FGSM,960,hv,156801.198218705,results/moras/cifar10/2026-09-06_00-04-08_18906049/search/
moras,cifar10,FGSM,960,r2,0.1437497774177423,results/moras/cifar10/2026-09-06_00-04-08_18906049/search/
moras,cifar10,FGSM,960,hv_2obj,52.42678844026112,results/moras/cifar10/2026-09-06_00-04-08_18906049/search/
moras,cifar10,FGSM,1000,hv,156809.1601859449,results/moras/cifar10/2026-09-06_00-04-08_18906049/search/
moras,cifar10,FGSM,1000,r2,0.1437497774177423,results/moras/cifar10/2026-09-06_00-04-08_18906049/search/
moras,cifar10,FGSM,1000,hv_2obj,52.42678844026112,results/moras/cifar10/2026-09-06_00-04-08_18906049/search/
moras,cifar10,FGSM,1040,hv,156809.68181687113,results/moras/cifar10/2026-09-06_00-04-08_18906049/search/
moras,cifar10,FGSM,1040,r2,0.1437497774177423,results/moras/cifar10/2026-09-06_00-04-08_18906049/search/
moras,cifar10,FGSM,1040,hv_2obj,52.42678844026112,results/moras/cifar10/2026-09-06_00-04-08_18906049/search/
moras,cifar10,FGSM,1080,hv,156809.74827918387,results/moras/cifar10/2026-09-06_00-04-08_18906049/search/
moras,cifar10,FGSM,1080,r2,0.1437497774177423,results/moras/cifar10/2026-09-06_00-04-08_18906049/search/
moras,cifar10,FGSM,1080,hv_2obj,52.42678844026112,results/moras/cifar10/2026-09-06_00-04-08_18906049/search/
moras,cifar10,FGSM,1120,hv,157310.1775373242,results/moras/cifar10/2026-09-06_00-04-08_18906049/search/
moras,cifar10,FGSM,1120,r2,0.14295951027132908,results/moras/cifar10/2026-09-06_00-04-08_18906049/search/
moras,cifar10,FGSM,1120,hv_2obj,52.59827924765724,results/moras/cifar10/2026-09-06_00-04-08_18906049/search/
moras,cifar10,FGSM,1160,hv,157390.83941803605,results/moras/cifar10/2026-09-06_00-04-08_18906049/search/
moras,cifar10,FGSM,1160,r2,0.1427751508250632,results/moras/cifar10/2026-09-06_00-04-08_18906049/search/
moras,cifar10,FGSM,1160,hv_2obj,52.626172016681274,results/moras/cifar10/2026-09-06_00-04-08_18906049/search/
moras,cifar10,FGSM,1200,hv,157395.76173783618,results/moras/cifar10/2026-09-06_00-04-08_18906049/search/
moras,cifar10,FGSM,1200,r2,0.1427751508250632,results/moras/cifar10/2026-09-06_00-04-08_18906049/search/
moras,cifar10,FGSM,1200,hv_2obj,52.626300580779244,results/moras/cifar10/2026-09-06_00-04-08_18906049/search/
moras,cifar10,FGSM,1240,hv,157605.22766333786,results/moras/cifar10/2026-09-06_00-04-08_18906049/search/
moras,cifar10,FGSM,1240,r2,0.1423415136846704,results/moras/cifar10/2026-09-06_00-04-08_18906049/search/
moras,cifar10,FGSM,1240,hv_2obj,52.69506183568134,results/moras/cifar10/2026-09-06_00-04-08_18906049/search/
moras,cifar10,FGSM,40,hv,150779.46202997962,results/moras/cifar10/2026-09-06_04-28-39_15798821/search/
moras,cifar10,FGSM,40,r2,0.14944788126752348,results/moras/cifar10/2026-09-06_04-28-39_15798821/search/
moras,cifar10,FGSM,40,hv_2obj,51.42492811450978,results/moras/cifar10/2026-09-06_04-28-39_15798821/search/
moras,cifar10,FGSM,80,hv,151073.46606685902,results/moras/cifar10/2026-09-06_04-28-39_15798821/search/
moras,cifar10,FGSM,80,r2,0.14944788126752348,results/moras/cifar10/2026-09-06_04-28-39_15798821/search/
moras,cifar10,FGSM,80,hv_2obj,51.42492811450978,results/moras/cifar10/2026-09-06_04-28-39_15798821/search/
moras,cifar10,FGSM,120,hv,151526.71809014035,results/moras/cifar10/2026-09-06_04-28-39_15798821/search/
moras,cifar10,FGSM,120,r2,0.14944788126752348,results/moras/cifar10/2026-09-06_04-28-39_15798821/search/
moras,cifar10,FGSM,120,hv_2obj,51.42492811450978,results/moras/cifar10/2026-09-06_04-28-39_15798821/search/
moras,cifar10,FGSM,160,hv,153053.5614205991,results/moras/cifar10/2026-09-06_04-28-39_15798821/search/
moras,cifar10,FGSM,160,r2,0.1462671923154623,results/moras/cifar10/2026-09-06_04-28-39_15798821/search/
moras,cifar10,FGSM,160,hv_2obj,51.93210955497065,results/moras/cifar10/2026-09-06_04-28-39_15798821/search/
moras,cifar10,FGSM,200,hv,153983.98173736577,results/moras/cifar10/2026-09-06_04-28-39_15798821/search/
moras,cifar10,FGSM,200,r2,0.1454924240148111,results/moras/cifar10/2026-09-06_04-28-39_15798821/search/
moras,cifar10,FGSM,200,hv_2obj,52.048462969797,results/moras/cifar10/2026-09-06_04-28-39_15798821/search/
moras,cifar10,FGSM,240,hv,154288.00091150164,results/moras/cifar10/2026-09-06_04-28-39_15798821/search/
moras,cifar10,FGSM,240,r2,0.14505564817047756,results/moras/cifar10/2026-09-06_04-28-39_15798821/search/
moras,cifar10,FGSM,240,hv_2obj,52.14337748102564,results/moras/cifar10/2026-09-06_04-28-39_15798821/search/
moras,cifar10,FGSM,280,hv,154620.89508773008,results/moras/cifar10/2026-09-06_04-28-39_15798821/search/
moras,cifar10,FGSM,280,r2,0.14504040463974413,results/moras/cifar10/2026-09-06_04-28-39_15798821/search/
moras,cifar10,FGSM,280,hv_2obj,52.146602119843685,results/moras/cifar10/2026-09-06_04-28-39_15798821/search/
moras,cifar10,FGSM,320,hv,154953.67376165302,results/moras/cifar10/2026-09-06_04-28-39_15798821/search/
moras,cifar10,FGSM,320,r2,0.1447729525790937,results/moras/cifar10/2026-09-06_04-28-39_15798821/search/
moras,cifar10,FGSM,320,hv_2obj,52.20339572892358,results/moras/cifar10/2026-09-06_04-28-39_15798821/search/
moras,cifar10,FGSM,360,hv,154973.0157495268,results/moras/cifar10/2026-09-06_04-28-39_15798821/search/
moras,cifar10,FGSM,360,r2,0.1447729525790937,results/moras/cifar10/2026-09-06_04-28-39_15798821/search/
moras,cifar10,FGSM,360,hv_2obj,52.20339572892358,results/moras/cifar10/2026-09-06_04-28-39_15798821/search/
moras,cifar10,FGSM,400,hv,155370.9172197345,results/moras/cifar10/2026-09-06_04-28-39_15798821/search/
moras,cifar10,FGSM,400,r2,0.1441663828420943,results/moras/cifar10/2026-09-06_04-28-39_15798821/search/
moras,cifar10,FGSM,400,hv_2obj,52.33578118754681,results/moras/cifar10/2026-09-06_04-28-39_15798821/search/
moras,cifar10,FGSM,440,hv,155649.96769257938,results/moras/cifar10/2026-09-06_04-28-39_15798821/search/
moras,cifar10,FGSM,440,r2,0.1441663828420943,results/moras/cifar10/2026-09-06_04-28-39_15798821/search/
moras,cifar10,FGSM,440,hv_2obj,52.33578118754681,results/moras/cifar10/2026-09-06_04-28-39_15798821/search/
moras,cifar10,FGSM,480,hv,156479.7391969867,results/moras/cifar10/2026-09-06_04-28-39_15798821/search/
moras,cifar10,FGSM,480,r2,0.14303242462598023,results/moras/cifar10/2026-09-06_04-28-39_15798821/search/
moras,cifar10,FGSM,480,hv_2obj,52.57962455258069,results/moras/cifar10/2026-09-06_04-28-39_15798821/search/
moras,cifar10,FGSM,520,hv,156514.0787751154,results/moras/cifar10/2026-09-06_04-28-39_15798821/search/
moras,cifar10,FGSM,520,r2,0.14303242462598023,results/moras/cifar10/2026-09-06_04-28-39_15798821/search/
moras,cifar10,FGSM,520,hv_2obj,52.58313553115993,results/moras/cifar10/2026-09-06_04-28-39_15798821/search/
moras,cifar10,FGSM,560,hv,156523.52705523238,results/moras/cifar10/2026-09-06_04-28-39_15798821/search/
moras,cifar10,FGSM,560,r2,0.14303242462598023,results/moras/cifar10/2026-09-06_04-28-39_15798821/search/
moras,cifar10,FGSM,560,hv_2obj,52.58313553115993,results/moras/cifar10/2026-09-06_04-28-39_15798821/search/
moras,cifar10,FGSM,600,hv,156922.8668952253,results/moras/cifar10/2026-09-06_04-28-39_15798821/search/
moras,cifar10,FGSM,600,r2,0.1426950325758559,results/moras/cifar10/2026-09-06_04-28-39_15798821/search/
moras,cifar10,FGSM,600,hv_2obj,52.63426424307829,results/moras/cifar10/2026-09-06_04-28-39_15798821/search/
moras,cifar10,FGSM,640,hv,157886.4598743927,results/moras/cifar10/2026-09-06_04-28-39_15798821/search/
moras,cifar10,FGSM,640,r2,0.14132401667528902,results/moras/cifar10/2026-09-06_04-28-39_15798821/search/
moras,cifar10,FGSM,640,hv_2obj,52.93168699348894,results/moras/cifar10/2026-09-06_04-28-39_15798821/search/
moras,cifar10,FGSM,680,hv,157888.94348392362,results/moras/cifar10/2026-09-06_04-28-39_15798821/search/
moras,cifar10,FGSM,680,r2,0.14132401667528902,results/moras/cifar10/2026-09-06_04-28-39_15798821/search/
moras,cifar10,FGSM,680,hv_2obj,52.93168699348894,results/moras/cifar10/2026-09-06_04-28-39_15798821/search/
moras,cifar10,FGSM,720,hv,157891.94677611804,results/moras/cifar10/2026-09-06_04-28-39_15798821/search/
moras,cifar10,FGSM,720,r2,0.14132401667528902,results/moras/cifar10/2026-09-06_04-28-39_15798821/search/
moras,cifar10,FGSM,720,hv_2obj,52.931690340127375,results/moras/cifar10/2026-09-06_04-28-39_15798821/search/
moras,cifar10,FGSM,760,hv,157906.41858734746,results/moras/cifar10/2026-09-06_04-28-39_15798821/search/
moras,cifar10,FGSM,760,r2,0.14132401667528902,results/moras/cifar10/2026-09-06_04-28-39_15798821/search/
moras,cifar10,FGSM,760,hv_2obj,52.931690340127375,results/moras/cifar10/2026-09-06_04-28-39_15798821/search/
moras,cifar10,FGSM,800,hv,157909.67389320317,results/moras/cifar10/2026-09-06_04-28-39_15798821/search/
moras,cifar10,FGSM,800,r2,0.14132401667528902,results/moras/cifar10/2026-09-06_04-28-39_15798821/search/
moras,cifar10,FGSM,800,hv_2obj,52.931690340127375,results/moras/cifar10/2026-09-06_04-28-39_15798821/search/
moras,cifar10,FGSM,840,hv,157910.0792519548,results/moras/cifar10/2026-09-06_04-28-39_15798821/search/
moras,cifar10,FGSM,840,r2,0.14132401667528902,results/moras/cifar10/2026-09-06_04-28-39_15798821/search/
moras,cifar10,FGSM,840,hv_2obj,52.931690340127375,results/moras/cifar10/2026-09-06_04-28-39_15798821/search/
moras,cifar10,FGSM,880,hv,157912.85660886072,results/moras/cifar10/2026-09-06_04-28-39_15798821/search/
moras,cifar10,FGSM,880,r2,0.14132401667528902,results/moras/cifar10/2026-09-06_04-28-39_15798821/search/
moras,cifar10,FGSM,880,hv_2obj,52.931690340127375,results/moras/cifar10/2026-09-06_04-28-39_15798821/search/
moras,cifar10,FGSM,920,hv,158608.45262575932,results/moras/cifar10/2026-09-06_04-28-39_15798821/search/
moras,cifar10,FGSM,920,r2,0.1402434070395993,results/moras/cifar10/2026-09-06_04-28-39_15798821/search/
moras,cifar10,FGSM,920,hv_2obj,53.166625213541856,results/moras/cifar10/2026-09-06_04-28-39_15798821/search/
moras,cifar10,FGSM,960,hv,158619.95691595,results/moras/cifar10/2026-09-06_04-28-39_15798821/search/
moras,cifar10,FGSM,960,r2,0.1402434070395993,results/moras/cifar10/2026-09-06_04-28-39_15798821/search/
moras,cifar10,FGSM,960,hv_2obj,53.166625213541856,results/moras/cifar10/2026-09-06_04-28-39_15798821/search/
moras,cifar10,FGSM,1000,hv,159623.5959418283,results/moras/cifar10/2026-09-06_04-28-39_15798821/search/
moras,cifar10,FGSM,1000,r2,0.13800133637552764,results/moras/cifar10/2026-09-06_04-28-39_15798821/search/
moras,cifar10,FGSM,1000,hv_2obj,53.51082760027442,results/moras/cifar10/2026-09-06_04-28-39_15798821/search/
moras,cifar10,FGSM,1040,hv,159629.8438488714,results/moras/cifar10/2026-09-06_04-28-39_15798821/search/
moras,cifar10,FGSM,1040,r2,0.13800133637552764,results/moras/cifar10/2026-09-06_04-28-39_15798821/search/
moras,cifar10,FGSM,1040,hv_2obj,53.51082760027442,results/moras/cifar10/2026-09-06_04-28-39_15798821/search/
moras,cifar10,FGSM,1080,hv,159631.53631659943,results/moras/cifar10/2026-09-06_04-28-39_15798821/search/
moras,cifar10,FGSM,1080,r2,0.13800133637552764,results/moras/cifar10/2026-09-06_04-28-39_15798821/search/
moras,cifar10,FGSM,1080,hv_2obj,53.51082760027442,results/moras/cifar10/2026-09-06_04-28-39_15798821/search/
moras,cifar10,FGSM,1120,hv,159633.06171330507,results/moras/cifar10/2026-09-06_04-28-39_15798821/search/
moras,cifar10,FGSM,1120,r2,0.13800133637552764,results/moras/cifar10/2026-09-06_04-28-39_15798821/search/
moras,cifar10,FGSM,1120,hv_2obj,53.51082760027442,results/moras/cifar10/2026-09-06_04-28-39_15798821/search/
moras,cifar10,FGSM,1160,hv,159637.9535039331,results/moras/cifar10/2026-09-06_04-28-39_15798821/search/
moras,cifar10,FGSM,1160,r2,0.13800133637552764,results/moras/cifar10/2026-09-06_04-28-39_15798821/search/
moras,cifar10,FGSM,1160,hv_2obj,53.51082760027442,results/moras/cifar10/2026-09-06_04-28-39_15798821/search/
moras,cifar10,FGSM,1200,hv,159638.0620493525,results/moras/cifar10/2026-09-06_04-28-39_15798821/search/
moras,cifar10,FGSM,1200,r2,0.13800133637552764,results/moras/cifar10/2026-09-06_04-28-39_15798821/search/
moras,cifar10,FGSM,1200,hv_2obj,53.51082760027442,results/moras/cifar10/2026-09-06_04-28-39_15798821/search/
moras,cifar10,FGSM,1240,hv,159638.08591902486,results/moras/cifar10/2026-09-06_04-28-39_15798821/search/
moras,cifar10,FGSM,1240,r2,0.13800133637552764,results/moras/cifar10/2026-09-06_04-28-39_15798821/search/
moras,cifar10,FGSM,1240,hv_2obj,53.51082760027442,results/moras/cifar10/2026-09-06_04-28-39_15798821/search/
moras,cifar10,FGSM,40,hv,149322.80720384748,results/moras/cifar10/2026-09-06_08-52-59_65381509/search/
moras,cifar10,FGSM,40,r2,0.15252537883578726,results/moras/cifar10/2026-09-06_08-52-59_65381509/search/
moras,cifar10,FGSM,40,hv_2obj,50.90615366176542,results/moras/cifar10/2026-09-06_08-52-59_65381509/search/
moras,cifar10,FGSM,80,hv,149970.84756732782,results/moras/cifar10/2026-09-06_08-52-59_65381509/search/
moras,cifar10,FGSM,80,r2,0.15252537883578726,results/moras/cifar10/2026-09-06_08-52-59_65381509/search/
moras,cifar10,FGSM,80,hv_2obj,50.90615366176542,results/moras/cifar10/2026-09-06_08-52-59_65381509/search/
moras,cifar10,FGSM,120,hv,150514.19902389613,results/moras/cifar10/2026-09-06_08-52-59_65381509/search/
moras,cifar10,FGSM,120,r2,0.1524256894367158,results/moras/cifar10/2026-09-06_08-52-59_65381509/search/
moras,cifar10,FGSM,120,hv_2obj,50.92732608225896,results/moras/cifar10/2026-09-06_08-52-59_65381509/search/
moras,cifar10,FGSM,160,hv,151523.71472992297,results/moras/cifar10/2026-09-06_08-52-59_65381509/search/
moras,cifar10,FGSM,160,r2,0.15054898640906264,results/moras/cifar10/2026-09-06_08-52-59_65381509/search/
moras,cifar10,FGSM,160,hv_2obj,51.254745641109025,results/moras/cifar10/2026-09-06_08-52-59_65381509/search/
moras,cifar10,FGSM,200,hv,151894.40476859864,results/moras/cifar10/2026-09-06_08-52-59_65381509/search/
moras,cifar10,FGSM,200,r2,0.14999308355385726,results/moras/cifar10/2026-09-06_08-52-59_65381509/search/
moras,cifar10,FGSM,200,hv_2obj,51.37395851735603,results/moras/cifar10/2026-09-06_08-52-59_65381509/search/
moras,cifar10,FGSM,240,hv,152452.69953422164,results/moras/cifar10/2026-09-06_08-52-59_65381509/search/
moras,cifar10,FGSM,240,r2,0.1487567726747979,results/moras/cifar10/2026-09-06_08-52-59_65381509/search/
moras,cifar10,FGSM,240,hv_2obj,51.563267357199194,results/moras/cifar10/2026-09-06_08-52-59_65381509/search/
moras,cifar10,FGSM,280,hv,152994.63089474684,results/moras/cifar10/2026-09-06_08-52-59_65381509/search/
moras,cifar10,FGSM,280,r2,0.1480602212311114,results/moras/cifar10/2026-09-06_08-52-59_65381509/search/
moras,cifar10,FGSM,280,hv_2obj,51.712375309064015,results/moras/cifar10/2026-09-06_08-52-59_65381509/search/
moras,cifar10,FGSM,320,hv,154799.06767119173,results/moras/cifar10/2026-09-06_08-52-59_65381509/search/
moras,cifar10,FGSM,320,r2,0.1447012991542123,results/moras/cifar10/2026-09-06_08-52-59_65381509/search/
moras,cifar10,FGSM,320,hv_2obj,52.27222126432665,results/moras/cifar10/2026-09-06_08-52-59_65381509/search/
moras,cifar10,FGSM,360,hv,155606.48613741258,results/moras/cifar10/2026-09-06_08-52-59_65381509/search/
moras,cifar10,FGSM,360,r2,0.1447012991542123,results/moras/cifar10/2026-09-06_08-52-59_65381509/search/
moras,cifar10,FGSM,360,hv_2obj,52.27222126432665,results/moras/cifar10/2026-09-06_08-52-59_65381509/search/
moras,cifar10,FGSM,400,hv,155739.21167869485,results/moras/cifar10/2026-09-06_08-52-59_65381509/search/
moras,cifar10,FGSM,400,r2,0.1447012991542123,results/moras/cifar10/2026-09-06_08-52-59_65381509/search/
moras,cifar10,FGSM,400,hv_2obj,52.27248880155258,results/moras/cifar10/2026-09-06_08-52-59_65381509/search/
moras,cifar10,FGSM,440,hv,155926.13692711684,results/moras/cifar10/2026-09-06_08-52-59_65381509/search/
moras,cifar10,FGSM,440,r2,0.14429306342014486,results/moras/cifar10/2026-09-06_08-52-59_65381509/search/
moras,cifar10,FGSM,440,hv_2obj,52.333821985791424,results/moras/cifar10/2026-09-06_08-52-59_65381509/search/
moras,cifar10,FGSM,480,hv,156202.07076970462,results/moras/cifar10/2026-09-06_08-52-59_65381509/search/
moras,cifar10,FGSM,480,r2,0.14429306342014486,results/moras/cifar10/2026-09-06_08-52-59_65381509/search/
moras,cifar10,FGSM,480,hv_2obj,52.333905604201284,results/moras/cifar10/2026-09-06_08-52-59_65381509/search/
moras,cifar10,FGSM,520,hv,156205.21892204243,results/moras/cifar10/2026-09-06_08-52-59_65381509/search/
moras,cifar10,FGSM,520,r2,0.14429306342014486,results/moras/cifar10/2026-09-06_08-52-59_65381509/search/
moras,cifar10,FGSM,520,hv_2obj,52.33393004575961,results/moras/cifar10/2026-09-06_08-52-59_65381509/search/
moras,cifar10,FGSM,560,hv,156221.96371909112,results/moras/cifar10/2026-09-06_08-52-59_65381509/search/
moras,cifar10,FGSM,560,r2,0.14429306342014486,results/moras/cifar10/2026-09-06_08-52-59_65381509/search/
moras,cifar10,FGSM,560,hv_2obj,52.33599813947001,results/moras/cifar10/2026-09-06_08-52-59_65381509/search/
moras,cifar10,FGSM,600,hv,156794.68202478052,results/moras/cifar10/2026-09-06_08-52-59_65381509/search/
moras,cifar10,FGSM,600,r2,0.14340044805679786,results/moras/cifar10/2026-09-06_08-52-59_65381509/search/
moras,cifar10,FGSM,600,hv_2obj,52.530146760267954,results/moras/cifar10/2026-09-06_08-52-59_65381509/search/
moras,cifar10,FGSM,640,hv,156811.27014545142,results/moras/cifar10/2026-09-06_08-52-59_65381509/search/
moras,cifar10,FGSM,640,r2,0.1433838967864134,results/moras/cifar10/2026-09-06_08-52-59_65381509/search/
moras,cifar10,FGSM,640,hv_2obj,52.532779519638474,results/moras/cifar10/2026-09-06_08-52-59_65381509/search/
moras,cifar10,FGSM,680,hv,156963.99954724067,results/moras/cifar10/2026-09-06_08-52-59_65381509/search/
moras,cifar10,FGSM,680,r2,0.14305985268597748,results/moras/cifar10/2026-09-06_08-52-59_65381509/search/
moras,cifar10,FGSM,680,hv_2obj,52.5821941450984,results/moras/cifar10/2026-09-06_08-52-59_65381509/search/
moras,cifar10,FGSM,720,hv,156971.03666143992,results/moras/cifar10/2026-09-06_08-52-59_65381509/search/
moras,cifar10,FGSM,720,r2,0.14305985268597748,results/moras/cifar10/2026-09-06_08-52-59_65381509/search/
moras,cifar10,FGSM,720,hv_2obj,52.5821941450984,results/moras/cifar10/2026-09-06_08-52-59_65381509/search/
moras,cifar10,FGSM,760,hv,156972.03592139322,results/moras/cifar10/2026-09-06_08-52-59_65381509/search/
moras,cifar10,FGSM,760,r2,0.14305985268597748,results/moras/cifar10/2026-09-06_08-52-59_65381509/search/
moras,cifar10,FGSM,760,hv_2obj,52.5821941450984,results/moras/cifar10/2026-09-06_08-52-59_65381509/search/
moras,cifar10,FGSM,800,hv,156976.11715770102,results/moras/cifar10/2026-09-06_08-52-59_65381509/search/
moras,cifar10,FGSM,800,r2,0.14305985268597748,results/moras/cifar10/2026-09-06_08-52-59_65381509/search/
moras,cifar10,FGSM,800,hv_2obj,52.5821941450984,results/moras/cifar10/2026-09-06_08-52-59_65381509/search/
moras,cifar10,FGSM,840,hv,156977.07457759074,results/moras/cifar10/2026-09-06_08-52-59_65381509/search/
moras,cifar10,FGSM,840,r2,0.14305985268597748,results/moras/cifar10/2026-09-06_08-52-59_65381509/search/
moras,cifar10,FGSM,840,hv_2obj,52.5821941450984,results/moras/cifar10/2026-09-06_08-52-59_65381509/search/
moras,cifar10,FGSM,880,hv,157091.012944495,results/moras/cifar10/2026-09-06_08-52-59_65381509/search/
moras,cifar10,FGSM,880,r2,0.14305985268597748,results/moras/cifar10/2026-09-06_08-52-59_65381509/search/
moras,cifar10,FGSM,880,hv_2obj,52.5821941450984,results/moras/cifar10/2026-09-06_08-52-59_65381509/search/
moras,cifar10,FGSM,920,hv,157237.05754707454,results/moras/cifar10/2026-09-06_08-52-59_65381509/search/
moras,cifar10,FGSM,920,r2,0.14305985268597748,results/moras/cifar10/2026-09-06_08-52-59_65381509/search/
moras,cifar10,FGSM,920,hv_2obj,52.5821941450984,results/moras/cifar10/2026-09-06_08-52-59_65381509/search/
moras,cifar10,FGSM,960,hv,157248.7369511351,results/moras/cifar10/2026-09-06_08-52-59_65381509/search/
moras,cifar10,FGSM,960,r2,0.14305985268597748,results/moras/cifar10/2026-09-06_08-52-59_65381509/search/
moras,cifar10,FGSM,960,hv_2obj,52.582275339664335,results/moras/cifar10/2026-09-06_08-52-59_65381509/search/
moras,cifar10,FGSM,1000,hv,157253.31259148841,results/moras/cifar10/2026-09-06_08-52-59_65381509/search/
moras,cifar10,FGSM,1000,r2,0.14305985268597748,results/moras/cifar10/2026-09-06_08-52-59_65381509/search/
moras,cifar10,FGSM,1000,hv_2obj,52.582275339664335,results/moras/cifar10/2026-09-06_08-52-59_65381509/search/
moras,cifar10,FGSM,1040,hv,157255.58038970936,results/moras/cifar10/2026-09-06_08-52-59_65381509/search/
moras,cifar10,FGSM,1040,r2,0.14305985268597748,results/moras/cifar10/2026-09-06_08-52-59_65381509/search/
moras,cifar10,FGSM,1040,hv_2obj,52.582275339664335,results/moras/cifar10/2026-09-06_08-52-59_65381509/search/
moras,cifar10,FGSM,1080,hv,157256.4638945383,results/moras/cifar10/2026-09-06_08-52-59_65381509/search/
moras,cifar10,FGSM,1080,r2,0.14305985268597748,results/moras/cifar10/2026-09-06_08-52-59_65381509/search/
moras,cifar10,FGSM,1080,hv_2obj,52.582275339664335,results/moras/cifar10/2026-09-06_08-52-59_65381509/search/
moras,cifar10,FGSM,1120,hv,157565.71531305247,results/moras/cifar10/2026-09-06_08-52-59_65381509/search/
moras,cifar10,FGSM,1120,r2,0.142413980558932,results/moras/cifar10/2026-09-06_08-52-59_65381509/search/
moras,cifar10,FGSM,1120,hv_2obj,52.684195142009116,results/moras/cifar10/2026-09-06_08-52-59_65381509/search/
moras,cifar10,FGSM,1160,hv,157682.66902802067,results/moras/cifar10/2026-09-06_08-52-59_65381509/search/
moras,cifar10,FGSM,1160,r2,0.14224391471199674,results/moras/cifar10/2026-09-06_08-52-59_65381509/search/
moras,cifar10,FGSM,1160,hv_2obj,52.72283386233185,results/moras/cifar10/2026-09-06_08-52-59_65381509/search/
moras,cifar10,FGSM,1200,hv,157684.8287950021,results/moras/cifar10/2026-09-06_08-52-59_65381509/search/
moras,cifar10,FGSM,1200,r2,0.14224391471199674,results/moras/cifar10/2026-09-06_08-52-59_65381509/search/
moras,cifar10,FGSM,1200,hv_2obj,52.72313413211249,results/moras/cifar10/2026-09-06_08-52-59_65381509/search/
moras,cifar10,FGSM,1240,hv,157684.83472756253,results/moras/cifar10/2026-09-06_08-52-59_65381509/search/
moras,cifar10,FGSM,1240,r2,0.14224391471199674,results/moras/cifar10/2026-09-06_08-52-59_65381509/search/
moras,cifar10,FGSM,1240,hv_2obj,52.72313413211249,results/moras/cifar10/2026-09-06_08-52-59_65381509/search/
moras,cifar10,FGSM,40,hv,151748.50125811962,results/moras/cifar10/2026-09-06_13-16-25_27293207/search/
moras,cifar10,FGSM,40,r2,0.14793717693256142,results/moras/cifar10/2026-09-06_13-16-25_27293207/search/
moras,cifar10,FGSM,40,hv_2obj,51.74817038768766,results/moras/cifar10/2026-09-06_13-16-25_27293207/search/
moras,cifar10,FGSM,80,hv,151889.98527125517,results/moras/cifar10/2026-09-06_13-16-25_27293207/search/
moras,cifar10,FGSM,80,r2,0.14793717693256142,results/moras/cifar10/2026-09-06_13-16-25_27293207/search/
moras,cifar10,FGSM,80,hv_2obj,51.74817038768766,results/moras/cifar10/2026-09-06_13-16-25_27293207/search/
moras,cifar10,FGSM,120,hv,152552.92712613984,results/moras/cifar10/2026-09-06_13-16-25_27293207/search/
moras,cifar10,FGSM,120,r2,0.14793717693256142,results/moras/cifar10/2026-09-06_13-16-25_27293207/search/
moras,cifar10,FGSM,120,hv_2obj,51.74817038768766,results/moras/cifar10/2026-09-06_13-16-25_27293207/search/
moras,cifar10,FGSM,160,hv,152744.89350088255,results/moras/cifar10/2026-09-06_13-16-25_27293207/search/
moras,cifar10,FGSM,160,r2,0.1476118518017117,results/moras/cifar10/2026-09-06_13-16-25_27293207/search/
moras,cifar10,FGSM,160,hv_2obj,51.799131752925724,results/moras/cifar10/2026-09-06_13-16-25_27293207/search/
moras,cifar10,FGSM,200,hv,153834.95414059938,results/moras/cifar10/2026-09-06_13-16-25_27293207/search/
moras,cifar10,FGSM,200,r2,0.14579039749537206,results/moras/cifar10/2026-09-06_13-16-25_27293207/search/
moras,cifar10,FGSM,200,hv_2obj,52.07998576294286,results/moras/cifar10/2026-09-06_13-16-25_27293207/search/
moras,cifar10,FGSM,240,hv,154588.97233046405,results/moras/cifar10/2026-09-06_13-16-25_27293207/search/
moras,cifar10,FGSM,240,r2,0.14579039749537206,results/moras/cifar10/2026-09-06_13-16-25_27293207/search/
moras,cifar10,FGSM,240,hv_2obj,52.07998576294286,results/moras/cifar10/2026-09-06_13-16-25_27293207/search/
moras,cifar10,FGSM,280,hv,154610.32958436865,results/moras/cifar10/2026-09-06_13-16-25_27293207/search/
moras,cifar10,FGSM,280,r2,0.14579039749537206,results/moras/cifar10/2026-09-06_13-16-25_27293207/search/
moras,cifar10,FGSM,280,hv_2obj,52.07998576294286,results/moras/cifar10/2026-09-06_13-16-25_27293207/search/
moras,cifar10,FGSM,320,hv,154636.88163558353,results/moras/cifar10/2026-09-06_13-16-25_27293207/search/
moras,cifar10,FGSM,320,r2,0.14579039749537206,results/moras/cifar10/2026-09-06_13-16-25_27293207/search/
moras,cifar10,FGSM,320,hv_2obj,52.07998576294286,results/moras/cifar10/2026-09-06_13-16-25_27293207/search/
moras,cifar10,FGSM,360,hv,154743.02281114203,results/moras/cifar10/2026-09-06_13-16-25_27293207/search/
moras,cifar10,FGSM,360,r2,0.14579039749537206,results/moras/cifar10/2026-09-06_13-16-25_27293207/search/
moras,cifar10,FGSM,360,hv_2obj,52.07998576294286,results/moras/cifar10/2026-09-06_13-16-25_27293207/search/
moras,cifar10,FGSM,400,hv,154998.97630177284,results/moras/cifar10/2026-09-06_13-16-25_27293207/search/
moras,cifar10,FGSM,400,r2,0.14524335721360043,results/moras/cifar10/2026-09-06_13-16-25_27293207/search/
moras,cifar10,FGSM,400,hv_2obj,52.16576113576768,results/moras/cifar10/2026-09-06_13-16-25_27293207/search/
moras,cifar10,FGSM,440,hv,155180.56305417634,results/moras/cifar10/2026-09-06_13-16-25_27293207/search/
moras,cifar10,FGSM,440,r2,0.14524335721360043,results/moras/cifar10/2026-09-06_13-16-25_27293207/search/
moras,cifar10,FGSM,440,hv_2obj,52.16576113576768,results/moras/cifar10/2026-09-06_13-16-25_27293207/search/
moras,cifar10,FGSM,480,hv,155186.56881935213,results/moras/cifar10/2026-09-06_13-16-25_27293207/search/
moras,cifar10,FGSM,480,r2,0.14524335721360043,results/moras/cifar10/2026-09-06_13-16-25_27293207/search/
moras,cifar10,FGSM,480,hv_2obj,52.16576113576768,results/moras/cifar10/2026-09-06_13-16-25_27293207/search/
moras,cifar10,FGSM,520,hv,155200.19332196546,results/moras/cifar10/2026-09-06_13-16-25_27293207/search/
moras,cifar10,FGSM,520,r2,0.14522653401456298,results/moras/cifar10/2026-09-06_13-16-25_27293207/search/
moras,cifar10,FGSM,520,hv_2obj,52.16637902053487,results/moras/cifar10/2026-09-06_13-16-25_27293207/search/
moras,cifar10,FGSM,560,hv,155804.10490584976,results/moras/cifar10/2026-09-06_13-16-25_27293207/search/
moras,cifar10,FGSM,560,r2,0.14459679002624495,results/moras/cifar10/2026-09-06_13-16-25_27293207/search/
moras,cifar10,FGSM,560,hv_2obj,52.29653126892523,results/moras/cifar10/2026-09-06_13-16-25_27293207/search/
moras,cifar10,FGSM,600,hv,155811.08743544936,results/moras/cifar10/2026-09-06_13-16-25_27293207/search/
moras,cifar10,FGSM,600,r2,0.14459679002624495,results/moras/cifar10/2026-09-06_13-16-25_27293207/search/
moras,cifar10,FGSM,600,hv_2obj,52.29653126892523,results/moras/cifar10/2026-09-06_13-16-25_27293207/search/
moras,cifar10,FGSM,640,hv,155816.12215076163,results/moras/cifar10/2026-09-06_13-16-25_27293207/search/
moras,cifar10,FGSM,640,r2,0.14459679002624495,results/moras/cifar10/2026-09-06_13-16-25_27293207/search/
moras,cifar10,FGSM,640,hv_2obj,52.29653126892523,results/moras/cifar10/2026-09-06_13-16-25_27293207/search/
moras,cifar10,FGSM,680,hv,155821.57999570674,results/moras/cifar10/2026-09-06_13-16-25_27293207/search/
moras,cifar10,FGSM,680,r2,0.14459679002624495,results/moras/cifar10/2026-09-06_13-16-25_27293207/search/
moras,cifar10,FGSM,680,hv_2obj,52.29653126892523,results/moras/cifar10/2026-09-06_13-16-25_27293207/search/
moras,cifar10,FGSM,720,hv,156378.29033204736,results/moras/cifar10/2026-09-06_13-16-25_27293207/search/
moras,cifar10,FGSM,720,r2,0.1433549259591819,results/moras/cifar10/2026-09-06_13-16-25_27293207/search/
moras,cifar10,FGSM,720,hv_2obj,52.49098112762142,results/moras/cifar10/2026-09-06_13-16-25_27293207/search/
moras,cifar10,FGSM,760,hv,156379.28859623926,results/moras/cifar10/2026-09-06_13-16-25_27293207/search/
moras,cifar10,FGSM,760,r2,0.1433549259591819,results/moras/cifar10/2026-09-06_13-16-25_27293207/search/
moras,cifar10,FGSM,760,hv_2obj,52.49098112762142,results/moras/cifar10/2026-09-06_13-16-25_27293207/search/
moras,cifar10,FGSM,800,hv,156380.03769560927,results/moras/cifar10/2026-09-06_13-16-25_27293207/search/
moras,cifar10,FGSM,800,r2,0.1433549259591819,results/moras/cifar10/2026-09-06_13-16-25_27293207/search/
moras,cifar10,FGSM,800,hv_2obj,52.49098112762142,results/moras/cifar10/2026-09-06_13-16-25_27293207/search/
moras,cifar10,FGSM,840,hv,156393.23532971728,results/moras/cifar10/2026-09-06_13-16-25_27293207/search/
moras,cifar10,FGSM,840,r2,0.1433549259591819,results/moras/cifar10/2026-09-06_13-16-25_27293207/search/
moras,cifar10,FGSM,840,hv_2obj,52.49098112762142,results/moras/cifar10/2026-09-06_13-16-25_27293207/search/
moras,cifar10,FGSM,880,hv,157081.17971999224,results/moras/cifar10/2026-09-06_13-16-25_27293207/search/
moras,cifar10,FGSM,880,r2,0.14224398884630146,results/moras/cifar10/2026-09-06_13-16-25_27293207/search/
moras,cifar10,FGSM,880,hv_2obj,52.73073340576564,results/moras/cifar10/2026-09-06_13-16-25_27293207/search/
moras,cifar10,FGSM,920,hv,157082.26334182607,results/moras/cifar10/2026-09-06_13-16-25_27293207/search/
moras,cifar10,FGSM,920,r2,0.14224398884630146,results/moras/cifar10/2026-09-06_13-16-25_27293207/search/
moras,cifar10,FGSM,920,hv_2obj,52.73073340576564,results/moras/cifar10/2026-09-06_13-16-25_27293207/search/
moras,cifar10,FGSM,960,hv,157084.29659758433,results/moras/cifar10/2026-09-06_13-16-25_27293207/search/
moras,cifar10,FGSM,960,r2,0.14224398884630146,results/moras/cifar10/2026-09-06_13-16-25_27293207/search/
moras,cifar10,FGSM,960,hv_2obj,52.73073340576564,results/moras/cifar10/2026-09-06_13-16-25_27293207/search/
moras,cifar10,FGSM,1000,hv,157087.21284576773,results/moras/cifar10/2026-09-06_13-16-25_27293207/search/
moras,cifar10,FGSM,1000,r2,0.14224398884630146,results/moras/cifar10/2026-09-06_13-16-25_27293207/search/
moras,cifar10,FGSM,1000,hv_2obj,52.73073340576564,results/moras/cifar10/2026-09-06_13-16-25_27293207/search/
moras,cifar10,FGSM,1040,hv,157093.7397014746,results/moras/cifar10/2026-09-06_13-16-25_27293207/search/
moras,cifar10,FGSM,1040,r2,0.14224398884630146,results/moras/cifar10/2026-09-06_13-16-25_27293207/search/
moras,cifar10,FGSM,1040,hv_2obj,52.731072369770146,results/moras/cifar10/2026-09-06_13-16-25_27293207/search/
moras,cifar10,FGSM,1080,hv,157093.92999923552,results/moras/cifar10/2026-09-06_13-16-25_27293207/search/
moras,cifar10,FGSM,1080,r2,0.14224398884630146,results/moras/cifar10/2026-09-06_13-16-25_27293207/search/
moras,cifar10,FGSM,1080,hv_2obj,52.731072369770146,results/moras/cifar10/2026-09-06_13-16-25_27293207/search/
moras,cifar10,FGSM,1120,hv,157302.89657029096,results/moras/cifar10/2026-09-06_13-16-25_27293207/search/
moras,cifar10,FGSM,1120,r2,0.14224398884630146,results/moras/cifar10/2026-09-06_13-16-25_27293207/search/
moras,cifar10,FGSM,1120,hv_2obj,52.73162337524634,results/moras/cifar10/2026-09-06_13-16-25_27293207/search/
moras,cifar10,FGSM,1160,hv,157429.98827050749,results/moras/cifar10/2026-09-06_13-16-25_27293207/search/
moras,cifar10,FGSM,1160,r2,0.14224398884630146,results/moras/cifar10/2026-09-06_13-16-25_27293207/search/
moras,cifar10,FGSM,1160,hv_2obj,52.73162337524634,results/moras/cifar10/2026-09-06_13-16-25_27293207/search/
moras,cifar10,FGSM,1200,hv,157430.99981157263,results/moras/cifar10/2026-09-06_13-16-25_27293207/search/
moras,cifar10,FGSM,1200,r2,0.14224398884630146,results/moras/cifar10/2026-09-06_13-16-25_27293207/search/
moras,cifar10,FGSM,1200,hv_2obj,52.73162337524634,results/moras/cifar10/2026-09-06_13-16-25_27293207/search/
moras,cifar10,FGSM,1240,hv,157431.33737929616,results/moras/cifar10/2026-09-06_13-16-25_27293207/search/
moras,cifar10,FGSM,1240,r2,0.14224398884630146,results/moras/cifar10/2026-09-06_13-16-25_27293207/search/
moras,cifar10,FGSM,1240,hv_2obj,52.73162337524634,results/moras/cifar10/2026-09-06_13-16-25_27293207/search/
moras,cifar10,FGSM,40,hv,148893.31759240484,results/moras/cifar10/2026-09-06_17-47-48_27522793/search/
moras,cifar10,FGSM,40,r2,0.15344370605214744,results/moras/cifar10/2026-09-06_17-47-48_27522793/search/
moras,cifar10,FGSM,40,hv_2obj,50.75076424060442,results/moras/cifar10/2026-09-06_17-47-48_27522793/search/
moras,cifar10,FGSM,80,hv,151085.54890686693,results/moras/cifar10/2026-09-06_17-47-48_27522793/search/
moras,cifar10,FGSM,80,r2,0.15186166700380693,results/moras/cifar10/2026-09-06_17-47-48_27522793/search/
moras,cifar10,FGSM,80,hv_2obj,51.08769990233358,results/moras/cifar10/2026-09-06_17-47-48_27522793/search/
moras,cifar10,FGSM,120,hv,151626.29408614693,results/moras/cifar10/2026-09-06_17-47-48_27522793/search/
moras,cifar10,FGSM,120,r2,0.15074541783836734,results/moras/cifar10/2026-09-06_17-47-48_27522793/search/
moras,cifar10,FGSM,120,hv_2obj,51.26117080146392,results/moras/cifar10/2026-09-06_17-47-48_27522793/search/
moras,cifar10,FGSM,160,hv,152420.81691607521,results/moras/cifar10/2026-09-06_17-47-48_27522793/search/
moras,cifar10,FGSM,160,r2,0.14892354961748572,results/moras/cifar10/2026-09-06_17-47-48_27522793/search/
moras,cifar10,FGSM,160,hv_2obj,51.533418462822986,results/moras/cifar10/2026-09-06_17-47-48_27522793/search/
moras,cifar10,FGSM,200,hv,153826.12216953086,results/moras/cifar10/2026-09-06_17-47-48_27522793/search/
moras,cifar10,FGSM,200,r2,0.14720013565558288,results/moras/cifar10/2026-09-06_17-47-48_27522793/search/
moras,cifar10,FGSM,200,hv_2obj,51.848936564366255,results/moras/cifar10/2026-09-06_17-47-48_27522793/search/
moras,cifar10,FGSM,240,hv,153863.54711185978,results/moras/cifar10/2026-09-06_17-47-48_27522793/search/
moras,cifar10,FGSM,240,r2,0.14720013565558288,results/moras/cifar10/2026-09-06_17-47-48_27522793/search/
moras,cifar10,FGSM,240,hv_2obj,51.849813698402265,results/moras/cifar10/2026-09-06_17-47-48_27522793/search/
moras,cifar10,FGSM,280,hv,154077.06361787065,results/moras/cifar10/2026-09-06_17-47-48_27522793/search/
moras,cifar10,FGSM,280,r2,0.14720013565558288,results/moras/cifar10/2026-09-06_17-47-48_27522793/search/
moras,cifar10,FGSM,280,hv_2obj,51.85090114968237,results/moras/cifar10/2026-09-06_17-47-48_27522793/search/
moras,cifar10,FGSM,320,hv,154485.00200500572,results/moras/cifar10/2026-09-06_17-47-48_27522793/search/
moras,cifar10,FGSM,320,r2,0.14684079437907332,results/moras/cifar10/2026-09-06_17-47-48_27522793/search/
moras,cifar10,FGSM,320,hv_2obj,51.9070838859476,results/moras/cifar10/2026-09-06_17-47-48_27522793/search/
moras,cifar10,FGSM,360,hv,155287.82474898483,results/moras/cifar10/2026-09-06_17-47-48_27522793/search/
moras,cifar10,FGSM,360,r2,0.1450136707750657,results/moras/cifar10/2026-09-06_17-47-48_27522793/search/
moras,cifar10,FGSM,360,hv_2obj,52.18200535099992,results/moras/cifar10/2026-09-06_17-47-48_27522793/search/
moras,cifar10,FGSM,400,hv,155460.42279357658,results/moras/cifar10/2026-09-06_17-47-48_27522793/search/
moras,cifar10,FGSM,400,r2,0.1450136707750657,results/moras/cifar10/2026-09-06_17-47-48_27522793/search/
moras,cifar10,FGSM,400,hv_2obj,52.18200535099992,results/moras/cifar10/2026-09-06_17-47-48_27522793/search/
moras,cifar10,FGSM,440,hv,156330.82215035643,results/moras/cifar10/2026-09-06_17-47-48_27522793/search/
moras,cifar10,FGSM,440,r2,0.14367527616682654,results/moras/cifar10/2026-09-06_17-47-48_27522793/search/
moras,cifar10,FGSM,440,hv_2obj,52.47016991984883,results/moras/cifar10/2026-09-06_17-47-48_27522793/search/
moras,cifar10,FGSM,480,hv,156440.44414473634,results/moras/cifar10/2026-09-06_17-47-48_27522793/search/
moras,cifar10,FGSM,480,r2,0.14367527616682654,results/moras/cifar10/2026-09-06_17-47-48_27522793/search/
moras,cifar10,FGSM,480,hv_2obj,52.47155652648629,results/moras/cifar10/2026-09-06_17-47-48_27522793/search/
moras,cifar10,FGSM,520,hv,156448.32645266264,results/moras/cifar10/2026-09-06_17-47-48_27522793/search/
moras,cifar10,FGSM,520,r2,0.14367527616682654,results/moras/cifar10/2026-09-06_17-47-48_27522793/search/
moras,cifar10,FGSM,520,hv_2obj,52.47366577755706,results/moras/cifar10/2026-09-06_17-47-48_27522793/search/
moras,cifar10,FGSM,560,hv,156454.03478642326,results/moras/cifar10/2026-09-06_17-47-48_27522793/search/
moras,cifar10,FGSM,560,r2,0.14367527616682654,results/moras/cifar10/2026-09-06_17-47-48_27522793/search/
moras,cifar10,FGSM,560,hv_2obj,52.47366577755706,results/moras/cifar10/2026-09-06_17-47-48_27522793/search/
moras,cifar10,FGSM,600,hv,156473.09052032055,results/moras/cifar10/2026-09-06_17-47-48_27522793/search/
moras,cifar10,FGSM,600,r2,0.14367527616682654,results/moras/cifar10/2026-09-06_17-47-48_27522793/search/
moras,cifar10,FGSM,600,hv_2obj,52.47366577755706,results/moras/cifar10/2026-09-06_17-47-48_27522793/search/
moras,cifar10,FGSM,640,hv,156473.62548273377,results/moras/cifar10/2026-09-06_17-47-48_27522793/search/
moras,cifar10,FGSM,640,r2,0.14367527616682654,results/moras/cifar10/2026-09-06_17-47-48_27522793/search/
moras,cifar10,FGSM,640,hv_2obj,52.47366577755706,results/moras/cifar10/2026-09-06_17-47-48_27522793/search/
moras,cifar10,FGSM,680,hv,156476.66545636934,results/moras/cifar10/2026-09-06_17-47-48_27522793/search/
moras,cifar10,FGSM,680,r2,0.14367527616682654,results/moras/cifar10/2026-09-06_17-47-48_27522793/search/
moras,cifar10,FGSM,680,hv_2obj,52.47366577755706,results/moras/cifar10/2026-09-06_17-47-48_27522793/search/
moras,cifar10,FGSM,720,hv,156476.8729799306,results/moras/cifar10/2026-09-06_17-47-48_27522793/search/
moras,cifar10,FGSM,720,r2,0.14367527616682654,results/moras/cifar10/2026-09-06_17-47-48_27522793/search/
moras,cifar10,FGSM,720,hv_2obj,52.47366577755706,results/moras/cifar10/2026-09-06_17-47-48_27522793/search/
moras,cifar10,FGSM,760,hv,156806.1714991443,results/moras/cifar10/2026-09-06_17-47-48_27522793/search/
moras,cifar10,FGSM,760,r2,0.14295613769165588,results/moras/cifar10/2026-09-06_17-47-48_27522793/search/
moras,cifar10,FGSM,760,hv_2obj,52.58242977928556,results/moras/cifar10/2026-09-06_17-47-48_27522793/search/
moras,cifar10,FGSM,800,hv,156815.77441604287,results/moras/cifar10/2026-09-06_17-47-48_27522793/search/
moras,cifar10,FGSM,800,r2,0.14295613769165588,results/moras/cifar10/2026-09-06_17-47-48_27522793/search/
moras,cifar10,FGSM,800,hv_2obj,52.583049891187706,results/moras/cifar10/2026-09-06_17-47-48_27522793/search/
moras,cifar10,FGSM,840,hv,157034.46764081396,results/moras/cifar10/2026-09-06_17-47-48_27522793/search/
moras,cifar10,FGSM,840,r2,0.14247885801393273,results/moras/cifar10/2026-09-06_17-47-48_27522793/search/
moras,cifar10,FGSM,840,hv_2obj,52.65484227040199,results/moras/cifar10/2026-09-06_17-47-48_27522793/search/
moras,cifar10,FGSM,880,hv,157945.647309032,results/moras/cifar10/2026-09-06_17-47-48_27522793/search/
moras,cifar10,FGSM,880,r2,0.1411347626688077,results/moras/cifar10/2026-09-06_17-47-48_27522793/search/
moras,cifar10,FGSM,880,hv_2obj,52.93469721804018,results/moras/cifar10/2026-09-06_17-47-48_27522793/search/
moras,cifar10,FGSM,920,hv,157961.24767746148,results/moras/cifar10/2026-09-06_17-47-48_27522793/search/
moras,cifar10,FGSM,920,r2,0.1411347626688077,results/moras/cifar10/2026-09-06_17-47-48_27522793/search/
moras,cifar10,FGSM,920,hv_2obj,52.93469721804018,results/moras/cifar10/2026-09-06_17-47-48_27522793/search/
moras,cifar10,FGSM,960,hv,158065.31942904458,results/moras/cifar10/2026-09-06_17-47-48_27522793/search/
moras,cifar10,FGSM,960,r2,0.1411347626688077,results/moras/cifar10/2026-09-06_17-47-48_27522793/search/
moras,cifar10,FGSM,960,hv_2obj,52.93469721804018,results/moras/cifar10/2026-09-06_17-47-48_27522793/search/
moras,cifar10,FGSM,1000,hv,158068.4974661566,results/moras/cifar10/2026-09-06_17-47-48_27522793/search/
moras,cifar10,FGSM,1000,r2,0.1411347626688077,results/moras/cifar10/2026-09-06_17-47-48_27522793/search/
moras,cifar10,FGSM,1000,hv_2obj,52.93469721804018,results/moras/cifar10/2026-09-06_17-47-48_27522793/search/
moras,cifar10,FGSM,1040,hv,158072.14494720008,results/moras/cifar10/2026-09-06_17-47-48_27522793/search/
moras,cifar10,FGSM,1040,r2,0.1411347626688077,results/moras/cifar10/2026-09-06_17-47-48_27522793/search/
moras,cifar10,FGSM,1040,hv_2obj,52.93469721804018,results/moras/cifar10/2026-09-06_17-47-48_27522793/search/
moras,cifar10,FGSM,1080,hv,158077.08217019727,results/moras/cifar10/2026-09-06_17-47-48_27522793/search/
moras,cifar10,FGSM,1080,r2,0.1411347626688077,results/moras/cifar10/2026-09-06_17-47-48_27522793/search/
moras,cifar10,FGSM,1080,hv_2obj,52.93469721804018,results/moras/cifar10/2026-09-06_17-47-48_27522793/search/
moras,cifar10,FGSM,1120,hv,158077.0928746243,results/moras/cifar10/2026-09-06_17-47-48_27522793/search/
moras,cifar10,FGSM,1120,r2,0.1411347626688077,results/moras/cifar10/2026-09-06_17-47-48_27522793/search/
moras,cifar10,FGSM,1120,hv_2obj,52.93469721804018,results/moras/cifar10/2026-09-06_17-47-48_27522793/search/
moras,cifar10,FGSM,1160,hv,158077.66300267776,results/moras/cifar10/2026-09-06_17-47-48_27522793/search/
moras,cifar10,FGSM,1160,r2,0.1411347626688077,results/moras/cifar10/2026-09-06_17-47-48_27522793/search/
moras,cifar10,FGSM,1160,hv_2obj,52.93469721804018,results/moras/cifar10/2026-09-06_17-47-48_27522793/search/
moras,cifar10,FGSM,1200,hv,158085.57559665188,results/moras/cifar10/2026-09-06_17-47-48_27522793/search/
moras,cifar10,FGSM,1200,r2,0.1411347626688077,results/moras/cifar10/2026-09-06_17-47-48_27522793/search/
moras,cifar10,FGSM,1200,hv_2obj,52.93469721804018,results/moras/cifar10/2026-09-06_17-47-48_27522793/search/
moras,cifar10,FGSM,1240,hv,158096.5390030866,results/moras/cifar10/2026-09-06_17-47-48_27522793/search/
moras,cifar10,FGSM,1240,r2,0.1411347626688077,results/moras/cifar10/2026-09-06_17-47-48_27522793/search/
moras,cifar10,FGSM,1240,hv_2obj,52.93469721804018,results/moras/cifar10/2026-09-06_17-47-48_27522793/search/
moras,cifar100,FGSM,40,hv,68293.05200128719,results/moras/cifar100/2026-09-16_18-00-03_18906049/search/
moras,cifar100,FGSM,40,r2,0.3391123646465462,results/moras/cifar100/2026-09-16_18-00-03_18906049/search/
moras,cifar100,FGSM,40,hv_2obj,23.34900723944299,results/moras/cifar100/2026-09-16_18-00-03_18906049/search/
moras,cifar100,FGSM,80,hv,69535.08488939825,results/moras/cifar100/2026-09-16_18-00-03_18906049/search/
moras,cifar100,FGSM,80,r2,0.33606909460572176,results/moras/cifar100/2026-09-16_18-00-03_18906049/search/
moras,cifar100,FGSM,80,hv_2obj,23.717398109962208,results/moras/cifar100/2026-09-16_18-00-03_18906049/search/
moras,cifar100,FGSM,120,hv,69805.15411113853,results/moras/cifar100/2026-09-16_18-00-03_18906049/search/
moras,cifar100,FGSM,120,r2,0.33606909460572176,results/moras/cifar100/2026-09-16_18-00-03_18906049/search/
moras,cifar100,FGSM,120,hv_2obj,23.717398109962208,results/moras/cifar100/2026-09-16_18-00-03_18906049/search/
moras,cifar100,FGSM,160,hv,70484.3576131004,results/moras/cifar100/2026-09-16_18-00-03_18906049/search/
moras,cifar100,FGSM,160,r2,0.33387165988802076,results/moras/cifar100/2026-09-16_18-00-03_18906049/search/
moras,cifar100,FGSM,160,hv_2obj,23.950620280190922,results/moras/cifar100/2026-09-16_18-00-03_18906049/search/
moras,cifar100,FGSM,200,hv,71122.9303307525,results/moras/cifar100/2026-09-16_18-00-03_18906049/search/
moras,cifar100,FGSM,200,r2,0.3327751665815848,results/moras/cifar100/2026-09-16_18-00-03_18906049/search/
moras,cifar100,FGSM,200,hv_2obj,24.107726181309282,results/moras/cifar100/2026-09-16_18-00-03_18906049/search/
moras,cifar100,FGSM,240,hv,71210.7392397101,results/moras/cifar100/2026-09-16_18-00-03_18906049/search/
moras,cifar100,FGSM,240,r2,0.33266263710732613,results/moras/cifar100/2026-09-16_18-00-03_18906049/search/
moras,cifar100,FGSM,240,hv_2obj,24.117025187065355,results/moras/cifar100/2026-09-16_18-00-03_18906049/search/
moras,cifar100,FGSM,280,hv,72297.49668426445,results/moras/cifar100/2026-09-16_18-00-03_18906049/search/
moras,cifar100,FGSM,280,r2,0.3300483901368393,results/moras/cifar100/2026-09-16_18-00-03_18906049/search/
moras,cifar100,FGSM,280,hv_2obj,24.440661996350027,results/moras/cifar100/2026-09-16_18-00-03_18906049/search/
moras,cifar100,FGSM,320,hv,72316.89545742467,results/moras/cifar100/2026-09-16_18-00-03_18906049/search/
moras,cifar100,FGSM,320,r2,0.3300483901368393,results/moras/cifar100/2026-09-16_18-00-03_18906049/search/
moras,cifar100,FGSM,320,hv_2obj,24.440661996350027,results/moras/cifar100/2026-09-16_18-00-03_18906049/search/
moras,cifar100,FGSM,360,hv,72338.21701191779,results/moras/cifar100/2026-09-16_18-00-03_18906049/search/
moras,cifar100,FGSM,360,r2,0.3300483901368393,results/moras/cifar100/2026-09-16_18-00-03_18906049/search/
moras,cifar100,FGSM,360,hv_2obj,24.440661996350027,results/moras/cifar100/2026-09-16_18-00-03_18906049/search/
moras,cifar100,FGSM,400,hv,72351.75681027999,results/moras/cifar100/2026-09-16_18-00-03_18906049/search/
moras,cifar100,FGSM,400,r2,0.3300483901368393,results/moras/cifar100/2026-09-16_18-00-03_18906049/search/
moras,cifar100,FGSM,400,hv_2obj,24.440661996350027,results/moras/cifar100/2026-09-16_18-00-03_18906049/search/
moras,cifar100,FGSM,440,hv,72596.81843160029,results/moras/cifar100/2026-09-16_18-00-03_18906049/search/
moras,cifar100,FGSM,440,r2,0.3300483901368393,results/moras/cifar100/2026-09-16_18-00-03_18906049/search/
moras,cifar100,FGSM,440,hv_2obj,24.440661996350027,results/moras/cifar100/2026-09-16_18-00-03_18906049/search/
moras,cifar100,FGSM,480,hv,72618.05114939649,results/moras/cifar100/2026-09-16_18-00-03_18906049/search/
moras,cifar100,FGSM,480,r2,0.3300483901368393,results/moras/cifar100/2026-09-16_18-00-03_18906049/search/
moras,cifar100,FGSM,480,hv_2obj,24.440661996350027,results/moras/cifar100/2026-09-16_18-00-03_18906049/search/
moras,cifar100,FGSM,520,hv,72626.29468468492,results/moras/cifar100/2026-09-16_18-00-03_18906049/search/
moras,cifar100,FGSM,520,r2,0.3300483901368393,results/moras/cifar100/2026-09-16_18-00-03_18906049/search/
moras,cifar100,FGSM,520,hv_2obj,24.440661996350027,results/moras/cifar100/2026-09-16_18-00-03_18906049/search/
moras,cifar100,FGSM,560,hv,72626.52226758846,results/moras/cifar100/2026-09-16_18-00-03_18906049/search/
moras,cifar100,FGSM,560,r2,0.3300483901368393,results/moras/cifar100/2026-09-16_18-00-03_18906049/search/
moras,cifar100,FGSM,560,hv_2obj,24.440661996350027,results/moras/cifar100/2026-09-16_18-00-03_18906049/search/
moras,cifar100,FGSM,600,hv,72826.59626067229,results/moras/cifar100/2026-09-16_18-00-03_18906049/search/
moras,cifar100,FGSM,600,r2,0.3296133551194341,results/moras/cifar100/2026-09-16_18-00-03_18906049/search/
moras,cifar100,FGSM,600,hv_2obj,24.50418198894799,results/moras/cifar100/2026-09-16_18-00-03_18906049/search/
moras,cifar100,FGSM,640,hv,72831.42780730498,results/moras/cifar100/2026-09-16_18-00-03_18906049/search/
moras,cifar100,FGSM,640,r2,0.3296133551194341,results/moras/cifar100/2026-09-16_18-00-03_18906049/search/
moras,cifar100,FGSM,640,hv_2obj,24.50418198894799,results/moras/cifar100/2026-09-16_18-00-03_18906049/search/
moras,cifar100,FGSM,680,hv,73093.79194916291,results/moras/cifar100/2026-09-16_18-00-03_18906049/search/
moras,cifar100,FGSM,680,r2,0.3290048783612305,results/moras/cifar100/2026-09-16_18-00-03_18906049/search/
moras,cifar100,FGSM,680,hv_2obj,24.59212199404121,results/moras/cifar100/2026-09-16_18-00-03_18906049/search/
moras,cifar100,FGSM,720,hv,73097.14040139873,results/moras/cifar100/2026-09-16_18-00-03_18906049/search/
moras,cifar100,FGSM,720,r2,0.3290048783612305,results/moras/cifar100/2026-09-16_18-00-03_18906049/search/
moras,cifar100,FGSM,720,hv_2obj,24.592134593615704,results/moras/cifar100/2026-09-16_18-00-03_18906049/search/
moras,cifar100,FGSM,760,hv,73102.02849417475,results/moras/cifar100/2026-09-16_18-00-03_18906049/search/
moras,cifar100,FGSM,760,r2,0.3290048783612305,results/moras/cifar100/2026-09-16_18-00-03_18906049/search/
moras,cifar100,FGSM,760,hv_2obj,24.592134593615704,results/moras/cifar100/2026-09-16_18-00-03_18906049/search/
moras,cifar100,FGSM,800,hv,73828.91314914395,results/moras/cifar100/2026-09-16_18-00-03_18906049/search/
moras,cifar100,FGSM,800,r2,0.3267184953245639,results/moras/cifar100/2026-09-16_18-00-03_18906049/search/
moras,cifar100,FGSM,800,hv_2obj,24.833012848307952,results/moras/cifar100/2026-09-16_18-00-03_18906049/search/
moras,cifar100,FGSM,840,hv,73829.25412694496,results/moras/cifar100/2026-09-16_18-00-03_18906049/search/
moras,cifar100,FGSM,840,r2,0.3267184953245639,results/moras/cifar100/2026-09-16_18-00-03_18906049/search/
moras,cifar100,FGSM,840,hv_2obj,24.8330640805817,results/moras/cifar100/2026-09-16_18-00-03_18906049/search/
moras,cifar100,FGSM,880,hv,74202.50639901236,results/moras/cifar100/2026-09-16_18-00-03_18906049/search/
moras,cifar100,FGSM,880,r2,0.32587805543118287,results/moras/cifar100/2026-09-16_18-00-03_18906049/search/
moras,cifar100,FGSM,880,hv_2obj,24.93980652109731,results/moras/cifar100/2026-09-16_18-00-03_18906049/search/
moras,cifar100,FGSM,920,hv,74294.5138571592,results/moras/cifar100/2026-09-16_18-00-03_18906049/search/
moras,cifar100,FGSM,920,r2,0.32587805543118287,results/moras/cifar100/2026-09-16_18-00-03_18906049/search/
moras,cifar100,FGSM,920,hv_2obj,24.93980652109731,results/moras/cifar100/2026-09-16_18-00-03_18906049/search/
moras,cifar100,FGSM,960,hv,74295.02708883851,results/moras/cifar100/2026-09-16_18-00-03_18906049/search/
moras,cifar100,FGSM,960,r2,0.32587805543118287,results/moras/cifar100/2026-09-16_18-00-03_18906049/search/
moras,cifar100,FGSM,960,hv_2obj,24.93980652109731,results/moras/cifar100/2026-09-16_18-00-03_18906049/search/
moras,cifar100,FGSM,1000,hv,74299.15403836984,results/moras/cifar100/2026-09-16_18-00-03_18906049/search/
moras,cifar100,FGSM,1000,r2,0.32587805543118287,results/moras/cifar100/2026-09-16_18-00-03_18906049/search/
moras,cifar100,FGSM,1000,hv_2obj,24.93980652109731,results/moras/cifar100/2026-09-16_18-00-03_18906049/search/
moras,cifar100,FGSM,1040,hv,74482.06037313037,results/moras/cifar100/2026-09-16_18-00-03_18906049/search/
moras,cifar100,FGSM,1040,r2,0.32528069399219967,results/moras/cifar100/2026-09-16_18-00-03_18906049/search/
moras,cifar100,FGSM,1040,hv_2obj,25.002243939606988,results/moras/cifar100/2026-09-16_18-00-03_18906049/search/
moras,cifar100,FGSM,1080,hv,74941.85934268968,results/moras/cifar100/2026-09-16_18-00-03_18906049/search/
moras,cifar100,FGSM,1080,r2,0.32383934264128306,results/moras/cifar100/2026-09-16_18-00-03_18906049/search/
moras,cifar100,FGSM,1080,hv_2obj,25.160438530142095,results/moras/cifar100/2026-09-16_18-00-03_18906049/search/
moras,cifar100,FGSM,1120,hv,74945.36088494741,results/moras/cifar100/2026-09-16_18-00-03_18906049/search/
moras,cifar100,FGSM,1120,r2,0.32383934264128306,results/moras/cifar100/2026-09-16_18-00-03_18906049/search/
moras,cifar100,FGSM,1120,hv_2obj,25.160438530142095,results/moras/cifar100/2026-09-16_18-00-03_18906049/search/
moras,cifar100,FGSM,1160,hv,74995.55905889654,results/moras/cifar100/2026-09-16_18-00-03_18906049/search/
moras,cifar100,FGSM,1160,r2,0.32372173956218797,results/moras/cifar100/2026-09-16_18-00-03_18906049/search/
moras,cifar100,FGSM,1160,hv_2obj,25.177721206692386,results/moras/cifar100/2026-09-16_18-00-03_18906049/search/
moras,cifar100,FGSM,1200,hv,74999.05501770739,results/moras/cifar100/2026-09-16_18-00-03_18906049/search/
moras,cifar100,FGSM,1200,r2,0.32372173956218797,results/moras/cifar100/2026-09-16_18-00-03_18906049/search/
moras,cifar100,FGSM,1200,hv_2obj,25.177721206692386,results/moras/cifar100/2026-09-16_18-00-03_18906049/search/
moras,cifar100,FGSM,1240,hv,75002.04082612906,results/moras/cifar100/2026-09-16_18-00-03_18906049/search/
moras,cifar100,FGSM,1240,r2,0.32372173956218797,results/moras/cifar100/2026-09-16_18-00-03_18906049/search/
moras,cifar100,FGSM,1240,hv_2obj,25.177721206692386,results/moras/cifar100/2026-09-16_18-00-03_18906049/search/
moras,cifar100,FGSM,40,hv,67186.71964296073,results/moras/cifar100/2026-09-16_23-43-16_15798821/search/
moras,cifar100,FGSM,40,r2,0.34227574844230607,results/moras/cifar100/2026-09-16_23-43-16_15798821/search/
moras,cifar100,FGSM,40,hv_2obj,22.964475919026263,results/moras/cifar100/2026-09-16_23-43-16_15798821/search/
moras,cifar100,FGSM,80,hv,68881.10296671429,results/moras/cifar100/2026-09-16_23-43-16_15798821/search/
moras,cifar100,FGSM,80,r2,0.3389698732188699,results/moras/cifar100/2026-09-16_23-43-16_15798821/search/
moras,cifar100,FGSM,80,hv_2obj,23.387396147993304,results/moras/cifar100/2026-09-16_23-43-16_15798821/search/
moras,cifar100,FGSM,120,hv,68958.3033048157,results/moras/cifar100/2026-09-16_23-43-16_15798821/search/
moras,cifar100,FGSM,120,r2,0.3388996159538353,results/moras/cifar100/2026-09-16_23-43-16_15798821/search/
moras,cifar100,FGSM,120,hv_2obj,23.39486965950931,results/moras/cifar100/2026-09-16_23-43-16_15798821/search/
moras,cifar100,FGSM,160,hv,70967.16193007438,results/moras/cifar100/2026-09-16_23-43-16_15798821/search/
moras,cifar100,FGSM,160,r2,0.33400546381192425,results/moras/cifar100/2026-09-16_23-43-16_15798821/search/
moras,cifar100,FGSM,160,hv_2obj,23.9893245367932,results/moras/cifar100/2026-09-16_23-43-16_15798821/search/
moras,cifar100,FGSM,200,hv,70990.55938709337,results/moras/cifar100/2026-09-16_23-43-16_15798821/search/
moras,cifar100,FGSM,200,r2,0.33400546381192425,results/moras/cifar100/2026-09-16_23-43-16_15798821/search/
moras,cifar100,FGSM,200,hv_2obj,23.9893245367932,results/moras/cifar100/2026-09-16_23-43-16_15798821/search/
moras,cifar100,FGSM,240,hv,71133.60268677871,results/moras/cifar100/2026-09-16_23-43-16_15798821/search/
moras,cifar100,FGSM,240,r2,0.333609443183818,results/moras/cifar100/2026-09-16_23-43-16_15798821/search/
moras,cifar100,FGSM,240,hv_2obj,24.0354333786831,results/moras/cifar100/2026-09-16_23-43-16_15798821/search/
moras,cifar100,FGSM,280,hv,71839.97169666359,results/moras/cifar100/2026-09-16_23-43-16_15798821/search/
moras,cifar100,FGSM,280,r2,0.3314027220344197,results/moras/cifar100/2026-09-16_23-43-16_15798821/search/
moras,cifar100,FGSM,280,hv_2obj,24.270974533726733,results/moras/cifar100/2026-09-16_23-43-16_15798821/search/
moras,cifar100,FGSM,320,hv,71846.71563833098,results/moras/cifar100/2026-09-16_23-43-16_15798821/search/
moras,cifar100,FGSM,320,r2,0.3314027220344197,results/moras/cifar100/2026-09-16_23-43-16_15798821/search/
moras,cifar100,FGSM,320,hv_2obj,24.270974533726733,results/moras/cifar100/2026-09-16_23-43-16_15798821/search/
moras,cifar100,FGSM,360,hv,71900.82533415209,results/moras/cifar100/2026-09-16_23-43-16_15798821/search/
moras,cifar100,FGSM,360,r2,0.3314027220344197,results/moras/cifar100/2026-09-16_23-43-16_15798821/search/
moras,cifar100,FGSM,360,hv_2obj,24.270974533726733,results/moras/cifar100/2026-09-16_23-43-16_15798821/search/
moras,cifar100,FGSM,400,hv,72015.24841993129,results/moras/cifar100/2026-09-16_23-43-16_15798821/search/
moras,cifar100,FGSM,400,r2,0.3314027220344197,results/moras/cifar100/2026-09-16_23-43-16_15798821/search/
moras,cifar100,FGSM,400,hv_2obj,24.270974533726733,results/moras/cifar100/2026-09-16_23-43-16_15798821/search/
moras,cifar100,FGSM,440,hv,72023.88253254883,results/moras/cifar100/2026-09-16_23-43-16_15798821/search/
moras,cifar100,FGSM,440,r2,0.3314027220344197,results/moras/cifar100/2026-09-16_23-43-16_15798821/search/
moras,cifar100,FGSM,440,hv_2obj,24.270974533726733,results/moras/cifar100/2026-09-16_23-43-16_15798821/search/
moras,cifar100,FGSM,480,hv,72026.54489972079,results/moras/cifar100/2026-09-16_23-43-16_15798821/search/
moras,cifar100,FGSM,480,r2,0.33139686741913965,results/moras/cifar100/2026-09-16_23-43-16_15798821/search/
moras,cifar100,FGSM,480,hv_2obj,24.271281364872735,results/moras/cifar100/2026-09-16_23-43-16_15798821/search/
moras,cifar100,FGSM,520,hv,72301.01267713061,results/moras/cifar100/2026-09-16_23-43-16_15798821/search/
moras,cifar100,FGSM,520,r2,0.33073986420234347,results/moras/cifar100/2026-09-16_23-43-16_15798821/search/
moras,cifar100,FGSM,520,hv_2obj,24.360856208581083,results/moras/cifar100/2026-09-16_23-43-16_15798821/search/
moras,cifar100,FGSM,560,hv,72358.69139225941,results/moras/cifar100/2026-09-16_23-43-16_15798821/search/
moras,cifar100,FGSM,560,r2,0.3306330187160093,results/moras/cifar100/2026-09-16_23-43-16_15798821/search/
moras,cifar100,FGSM,560,hv_2obj,24.37656146712231,results/moras/cifar100/2026-09-16_23-43-16_15798821/search/
moras,cifar100,FGSM,600,hv,72445.27237819672,results/moras/cifar100/2026-09-16_23-43-16_15798821/search/
moras,cifar100,FGSM,600,r2,0.3305993603877754,results/moras/cifar100/2026-09-16_23-43-16_15798821/search/
moras,cifar100,FGSM,600,hv_2obj,24.38207329885918,results/moras/cifar100/2026-09-16_23-43-16_15798821/search/
moras,cifar100,FGSM,640,hv,72492.55353962489,results/moras/cifar100/2026-09-16_23-43-16_15798821/search/
moras,cifar100,FGSM,640,r2,0.3305993603877754,results/moras/cifar100/2026-09-16_23-43-16_15798821/search/
moras,cifar100,FGSM,640,hv_2obj,24.382196128957375,results/moras/cifar100/2026-09-16_23-43-16_15798821/search/
moras,cifar100,FGSM,680,hv,72494.24273724052,results/moras/cifar100/2026-09-16_23-43-16_15798821/search/
moras,cifar100,FGSM,680,r2,0.3305993603877754,results/moras/cifar100/2026-09-16_23-43-16_15798821/search/
moras,cifar100,FGSM,680,hv_2obj,24.382196128957375,results/moras/cifar100/2026-09-16_23-43-16_15798821/search/
moras,cifar100,FGSM,720,hv,72497.03481956261,results/moras/cifar100/2026-09-16_23-43-16_15798821/search/
moras,cifar100,FGSM,720,r2,0.3305993603877754,results/moras/cifar100/2026-09-16_23-43-16_15798821/search/
moras,cifar100,FGSM,720,hv_2obj,24.382196128957375,results/moras/cifar100/2026-09-16_23-43-16_15798821/search/
moras,cifar100,FGSM,760,hv,72550.04422440942,results/moras/cifar100/2026-09-16_23-43-16_15798821/search/
moras,cifar100,FGSM,760,r2,0.3305993603877754,results/moras/cifar100/2026-09-16_23-43-16_15798821/search/
moras,cifar100,FGSM,760,hv_2obj,24.383030317314542,results/moras/cifar100/2026-09-16_23-43-16_15798821/search/
moras,cifar100,FGSM,800,hv,72561.46744271586,results/moras/cifar100/2026-09-16_23-43-16_15798821/search/
moras,cifar100,FGSM,800,r2,0.3305941209098481,results/moras/cifar100/2026-09-16_23-43-16_15798821/search/
moras,cifar100,FGSM,800,hv_2obj,24.383956092238957,results/moras/cifar100/2026-09-16_23-43-16_15798821/search/
moras,cifar100,FGSM,840,hv,72582.39115414381,results/moras/cifar100/2026-09-16_23-43-16_15798821/search/
moras,cifar100,FGSM,840,r2,0.3305903356205284,results/moras/cifar100/2026-09-16_23-43-16_15798821/search/
moras,cifar100,FGSM,840,hv_2obj,24.3864655485769,results/moras/cifar100/2026-09-16_23-43-16_15798821/search/
moras,cifar100,FGSM,880,hv,72621.25332924505,results/moras/cifar100/2026-09-16_23-43-16_15798821/search/
moras,cifar100,FGSM,880,r2,0.33052068946866464,results/moras/cifar100/2026-09-16_23-43-16_15798821/search/
moras,cifar100,FGSM,880,hv_2obj,24.396383061008546,results/moras/cifar100/2026-09-16_23-43-16_15798821/search/
moras,cifar100,FGSM,920,hv,72966.48555035074,results/moras/cifar100/2026-09-16_23-43-16_15798821/search/
moras,cifar100,FGSM,920,r2,0.32941207814928647,results/moras/cifar100/2026-09-16_23-43-16_15798821/search/
moras,cifar100,FGSM,920,hv_2obj,24.517069943330053,results/moras/cifar100/2026-09-16_23-43-16_15798821/search/
moras,cifar100,FGSM,960,hv,73300.43005934283,results/moras/cifar100/2026-09-16_23-43-16_15798821/search/
moras,cifar100,FGSM,960,r2,0.32867553243085756,results/moras/cifar100/2026-09-16_23-43-16_15798821/search/
moras,cifar100,FGSM,960,hv_2obj,24.624958333371534,results/moras/cifar100/2026-09-16_23-43-16_15798821/search/
moras,cifar100,FGSM,1000,hv,73300.46099216888,results/moras/cifar100/2026-09-16_23-43-16_15798821/search/
moras,cifar100,FGSM,1000,r2,0.32867553243085756,results/moras/cifar100/2026-09-16_23-43-16_15798821/search/
moras,cifar100,FGSM,1000,hv_2obj,24.624958333371534,results/moras/cifar100/2026-09-16_23-43-16_15798821/search/
moras,cifar100,FGSM,1040,hv,73819.8345226109,results/moras/cifar100/2026-09-16_23-43-16_15798821/search/
moras,cifar100,FGSM,1040,r2,0.3274035805217075,results/moras/cifar100/2026-09-16_23-43-16_15798821/search/
moras,cifar100,FGSM,1040,hv_2obj,24.806603626643696,results/moras/cifar100/2026-09-16_23-43-16_15798821/search/
moras,cifar100,FGSM,1080,hv,74264.14755507786,results/moras/cifar100/2026-09-16_23-43-16_15798821/search/
moras,cifar100,FGSM,1080,r2,0.3260038702055267,results/moras/cifar100/2026-09-16_23-43-16_15798821/search/
moras,cifar100,FGSM,1080,hv_2obj,24.956624996832222,results/moras/cifar100/2026-09-16_23-43-16_15798821/search/
moras,cifar100,FGSM,1120,hv,74337.78746279595,results/moras/cifar100/2026-09-16_23-43-16_15798821/search/
moras,cifar100,FGSM,1120,r2,0.3258547037245561,results/moras/cifar100/2026-09-16_23-43-16_15798821/search/
moras,cifar100,FGSM,1120,hv_2obj,24.978039274449532,results/moras/cifar100/2026-09-16_23-43-16_15798821/search/
moras,cifar100,FGSM,1160,hv,74612.60551457622,results/moras/cifar100/2026-09-16_23-43-16_15798821/search/
moras,cifar100,FGSM,1160,r2,0.32515599274993046,results/moras/cifar100/2026-09-16_23-43-16_15798821/search/
moras,cifar100,FGSM,1160,hv_2obj,25.069965917366936,results/moras/cifar100/2026-09-16_23-43-16_15798821/search/
moras,cifar100,FGSM,1200,hv,74663.2987963514,results/moras/cifar100/2026-09-16_23-43-16_15798821/search/
moras,cifar100,FGSM,1200,r2,0.32515599274993046,results/moras/cifar100/2026-09-16_23-43-16_15798821/search/
moras,cifar100,FGSM,1200,hv_2obj,25.069965917366936,results/moras/cifar100/2026-09-16_23-43-16_15798821/search/
moras,cifar100,FGSM,1240,hv,74784.0380062333,results/moras/cifar100/2026-09-16_23-43-16_15798821/search/
moras,cifar100,FGSM,1240,r2,0.32473366111370827,results/moras/cifar100/2026-09-16_23-43-16_15798821/search/
moras,cifar100,FGSM,1240,hv_2obj,25.111641600909998,results/moras/cifar100/2026-09-16_23-43-16_15798821/search/
moras,cifar100,FGSM,40,hv,67395.57751048672,results/moras/cifar100/2026-09-17_05-24-53_65381509/search/
moras,cifar100,FGSM,40,r2,0.34216859461221477,results/moras/cifar100/2026-09-17_05-24-53_65381509/search/
moras,cifar100,FGSM,40,hv_2obj,23.031218053239897,results/moras/cifar100/2026-09-17_05-24-53_65381509/search/
moras,cifar100,FGSM,80,hv,67786.9263789479,results/moras/cifar100/2026-09-17_05-24-53_65381509/search/
moras,cifar100,FGSM,80,r2,0.34183990998491,results/moras/cifar100/2026-09-17_05-24-53_65381509/search/
moras,cifar100,FGSM,80,hv_2obj,23.077160510477306,results/moras/cifar100/2026-09-17_05-24-53_65381509/search/
moras,cifar100,FGSM,120,hv,68409.29837053939,results/moras/cifar100/2026-09-17_05-24-53_65381509/search/
moras,cifar100,FGSM,120,r2,0.34017400213269455,results/moras/cifar100/2026-09-17_05-24-53_65381509/search/
moras,cifar100,FGSM,120,hv_2obj,23.250043067468212,results/moras/cifar100/2026-09-17_05-24-53_65381509/search/
moras,cifar100,FGSM,160,hv,69887.95007483945,results/moras/cifar100/2026-09-17_05-24-53_65381509/search/
moras,cifar100,FGSM,160,r2,0.33588362671065125,results/moras/cifar100/2026-09-17_05-24-53_65381509/search/
moras,cifar100,FGSM,160,hv_2obj,23.718410162962186,results/moras/cifar100/2026-09-17_05-24-53_65381509/search/
moras,cifar100,FGSM,200,hv,71084.10354103315,results/moras/cifar100/2026-09-17_05-24-53_65381509/search/
moras,cifar100,FGSM,200,r2,0.33307977865519495,results/moras/cifar100/2026-09-17_05-24-53_65381509/search/
moras,cifar100,FGSM,200,hv_2obj,24.0384013195181,results/moras/cifar100/2026-09-17_05-24-53_65381509/search/
moras,cifar100,FGSM,240,hv,71254.12761379137,results/moras/cifar100/2026-09-17_05-24-53_65381509/search/
moras,cifar100,FGSM,240,r2,0.33307977865519495,results/moras/cifar100/2026-09-17_05-24-53_65381509/search/
moras,cifar100,FGSM,240,hv_2obj,24.0384013195181,results/moras/cifar100/2026-09-17_05-24-53_65381509/search/
moras,cifar100,FGSM,280,hv,71313.61776466126,results/moras/cifar100/2026-09-17_05-24-53_65381509/search/
moras,cifar100,FGSM,280,r2,0.332955183423176,results/moras/cifar100/2026-09-17_05-24-53_65381509/search/
moras,cifar100,FGSM,280,hv_2obj,24.051726941936423,results/moras/cifar100/2026-09-17_05-24-53_65381509/search/
moras,cifar100,FGSM,320,hv,71385.05518578591,results/moras/cifar100/2026-09-17_05-24-53_65381509/search/
moras,cifar100,FGSM,320,r2,0.332955183423176,results/moras/cifar100/2026-09-17_05-24-53_65381509/search/
moras,cifar100,FGSM,320,hv_2obj,24.051726941936423,results/moras/cifar100/2026-09-17_05-24-53_65381509/search/
moras,cifar100,FGSM,360,hv,71417.33002563883,results/moras/cifar100/2026-09-17_05-24-53_65381509/search/
moras,cifar100,FGSM,360,r2,0.332955183423176,results/moras/cifar100/2026-09-17_05-24-53_65381509/search/
moras,cifar100,FGSM,360,hv_2obj,24.051726941936423,results/moras/cifar100/2026-09-17_05-24-53_65381509/search/
moras,cifar100,FGSM,400,hv,71961.93809908735,results/moras/cifar100/2026-09-17_05-24-53_65381509/search/
moras,cifar100,FGSM,400,r2,0.3316717900501715,results/moras/cifar100/2026-09-17_05-24-53_65381509/search/
moras,cifar100,FGSM,400,hv_2obj,24.233301840383785,results/moras/cifar100/2026-09-17_05-24-53_65381509/search/
moras,cifar100,FGSM,440,hv,71995.1867387031,results/moras/cifar100/2026-09-17_05-24-53_65381509/search/
moras,cifar100,FGSM,440,r2,0.3315864605741551,results/moras/cifar100/2026-09-17_05-24-53_65381509/search/
moras,cifar100,FGSM,440,hv_2obj,24.242432553885664,results/moras/cifar100/2026-09-17_05-24-53_65381509/search/
moras,cifar100,FGSM,480,hv,72002.10695633444,results/moras/cifar100/2026-09-17_05-24-53_65381509/search/
moras,cifar100,FGSM,480,r2,0.3315864605741551,results/moras/cifar100/2026-09-17_05-24-53_65381509/search/
moras,cifar100,FGSM,480,hv_2obj,24.242537984052234,results/moras/cifar100/2026-09-17_05-24-53_65381509/search/
moras,cifar100,FGSM,520,hv,72021.47769835779,results/moras/cifar100/2026-09-17_05-24-53_65381509/search/
moras,cifar100,FGSM,520,r2,0.3315864605741551,results/moras/cifar100/2026-09-17_05-24-53_65381509/search/
moras,cifar100,FGSM,520,hv_2obj,24.242537984052234,results/moras/cifar100/2026-09-17_05-24-53_65381509/search/
moras,cifar100,FGSM,560,hv,72304.2388133143,results/moras/cifar100/2026-09-17_05-24-53_65381509/search/
moras,cifar100,FGSM,560,r2,0.33068848535233053,results/moras/cifar100/2026-09-17_05-24-53_65381509/search/
moras,cifar100,FGSM,560,hv_2obj,24.338171872053906,results/moras/cifar100/2026-09-17_05-24-53_65381509/search/
moras,cifar100,FGSM,600,hv,72354.35531088825,results/moras/cifar100/2026-09-17_05-24-53_65381509/search/
moras,cifar100,FGSM,600,r2,0.33068848535233053,results/moras/cifar100/2026-09-17_05-24-53_65381509/search/
moras,cifar100,FGSM,600,hv_2obj,24.338844710877332,results/moras/cifar100/2026-09-17_05-24-53_65381509/search/
moras,cifar100,FGSM,640,hv,72360.54616588868,results/moras/cifar100/2026-09-17_05-24-53_65381509/search/
moras,cifar100,FGSM,640,r2,0.33068848535233053,results/moras/cifar100/2026-09-17_05-24-53_65381509/search/
moras,cifar100,FGSM,640,hv_2obj,24.338844710877332,results/moras/cifar100/2026-09-17_05-24-53_65381509/search/
moras,cifar100,FGSM,680,hv,72367.468007171,results/moras/cifar100/2026-09-17_05-24-53_65381509/search/
moras,cifar100,FGSM,680,r2,0.33068848535233053,results/moras/cifar100/2026-09-17_05-24-53_65381509/search/
moras,cifar100,FGSM,680,hv_2obj,24.338844710877332,results/moras/cifar100/2026-09-17_05-24-53_65381509/search/
moras,cifar100,FGSM,720,hv,72377.45848792567,results/moras/cifar100/2026-09-17_05-24-53_65381509/search/
moras,cifar100,FGSM,720,r2,0.33068848535233053,results/moras/cifar100/2026-09-17_05-24-53_65381509/search/
moras,cifar100,FGSM,720,hv_2obj,24.338844710877332,results/moras/cifar100/2026-09-17_05-24-53_65381509/search/
moras,cifar100,FGSM,760,hv,72424.78797014334,results/moras/cifar100/2026-09-17_05-24-53_65381509/search/
moras,cifar100,FGSM,760,r2,0.33068848535233053,results/moras/cifar100/2026-09-17_05-24-53_65381509/search/
moras,cifar100,FGSM,760,hv_2obj,24.338844710877332,results/moras/cifar100/2026-09-17_05-24-53_65381509/search/
moras,cifar100,FGSM,800,hv,72446.60511626802,results/moras/cifar100/2026-09-17_05-24-53_65381509/search/
moras,cifar100,FGSM,800,r2,0.33068848535233053,results/moras/cifar100/2026-09-17_05-24-53_65381509/search/
moras,cifar100,FGSM,800,hv_2obj,24.338844710877332,results/moras/cifar100/2026-09-17_05-24-53_65381509/search/
moras,cifar100,FGSM,840,hv,72488.24833461935,results/moras/cifar100/2026-09-17_05-24-53_65381509/search/
moras,cifar100,FGSM,840,r2,0.33068848535233053,results/moras/cifar100/2026-09-17_05-24-53_65381509/search/
moras,cifar100,FGSM,840,hv_2obj,24.338844710877332,results/moras/cifar100/2026-09-17_05-24-53_65381509/search/
moras,cifar100,FGSM,880,hv,72489.33493656712,results/moras/cifar100/2026-09-17_05-24-53_65381509/search/
moras,cifar100,FGSM,880,r2,0.33068848535233053,results/moras/cifar100/2026-09-17_05-24-53_65381509/search/
moras,cifar100,FGSM,880,hv_2obj,24.338844710877332,results/moras/cifar100/2026-09-17_05-24-53_65381509/search/
moras,cifar100,FGSM,920,hv,72489.77727224167,results/moras/cifar100/2026-09-17_05-24-53_65381509/search/
moras,cifar100,FGSM,920,r2,0.33068848535233053,results/moras/cifar100/2026-09-17_05-24-53_65381509/search/
moras,cifar100,FGSM,920,hv_2obj,24.338844710877332,results/moras/cifar100/2026-09-17_05-24-53_65381509/search/
moras,cifar100,FGSM,960,hv,72490.29591760821,results/moras/cifar100/2026-09-17_05-24-53_65381509/search/
moras,cifar100,FGSM,960,r2,0.33068848535233053,results/moras/cifar100/2026-09-17_05-24-53_65381509/search/
moras,cifar100,FGSM,960,hv_2obj,24.338844710877332,results/moras/cifar100/2026-09-17_05-24-53_65381509/search/
moras,cifar100,FGSM,1000,hv,72491.4847214382,results/moras/cifar100/2026-09-17_05-24-53_65381509/search/
moras,cifar100,FGSM,1000,r2,0.33068848535233053,results/moras/cifar100/2026-09-17_05-24-53_65381509/search/
moras,cifar100,FGSM,1000,hv_2obj,24.338844710877332,results/moras/cifar100/2026-09-17_05-24-53_65381509/search/
moras,cifar100,FGSM,1040,hv,72493.63301368462,results/moras/cifar100/2026-09-17_05-24-53_65381509/search/
moras,cifar100,FGSM,1040,r2,0.33068848535233053,results/moras/cifar100/2026-09-17_05-24-53_65381509/search/
moras,cifar100,FGSM,1040,hv_2obj,24.33888574182786,results/moras/cifar100/2026-09-17_05-24-53_65381509/search/
moras,cifar100,FGSM,1080,hv,72493.9561791533,results/moras/cifar100/2026-09-17_05-24-53_65381509/search/
moras,cifar100,FGSM,1080,r2,0.33068848535233053,results/moras/cifar100/2026-09-17_05-24-53_65381509/search/
moras,cifar100,FGSM,1080,hv_2obj,24.33888574182786,results/moras/cifar100/2026-09-17_05-24-53_65381509/search/
moras,cifar100,FGSM,1120,hv,72494.03738134415,results/moras/cifar100/2026-09-17_05-24-53_65381509/search/
moras,cifar100,FGSM,1120,r2,0.33068848535233053,results/moras/cifar100/2026-09-17_05-24-53_65381509/search/
moras,cifar100,FGSM,1120,hv_2obj,24.33888574182786,results/moras/cifar100/2026-09-17_05-24-53_65381509/search/
moras,cifar100,FGSM,1160,hv,72494.2779211253,results/moras/cifar100/2026-09-17_05-24-53_65381509/search/
moras,cifar100,FGSM,1160,r2,0.33068848535233053,results/moras/cifar100/2026-09-17_05-24-53_65381509/search/
moras,cifar100,FGSM,1160,hv_2obj,24.33888574182786,results/moras/cifar100/2026-09-17_05-24-53_65381509/search/
moras,cifar100,FGSM,1200,hv,72505.24378072763,results/moras/cifar100/2026-09-17_05-24-53_65381509/search/
moras,cifar100,FGSM,1200,r2,0.3306577678419756,results/moras/cifar100/2026-09-17_05-24-53_65381509/search/
moras,cifar100,FGSM,1200,hv_2obj,24.342328642513074,results/moras/cifar100/2026-09-17_05-24-53_65381509/search/
moras,cifar100,FGSM,1240,hv,72509.49122641832,results/moras/cifar100/2026-09-17_05-24-53_65381509/search/
moras,cifar100,FGSM,1240,r2,0.3306577678419756,results/moras/cifar100/2026-09-17_05-24-53_65381509/search/
moras,cifar100,FGSM,1240,hv_2obj,24.342328642513074,results/moras/cifar100/2026-09-17_05-24-53_65381509/search/
moras,cifar100,FGSM,40,hv,68693.94237451027,results/moras/cifar100/2026-09-17_10-56-53_27293207/search/
moras,cifar100,FGSM,40,r2,0.33805843291511656,results/moras/cifar100/2026-09-17_10-56-53_27293207/search/
moras,cifar100,FGSM,40,hv_2obj,23.494944370674776,results/moras/cifar100/2026-09-17_10-56-53_27293207/search/
moras,cifar100,FGSM,80,hv,69080.92043806758,results/moras/cifar100/2026-09-17_10-56-53_27293207/search/
moras,cifar100,FGSM,80,r2,0.33742520657510183,results/moras/cifar100/2026-09-17_10-56-53_27293207/search/
moras,cifar100,FGSM,80,hv_2obj,23.589068001448396,results/moras/cifar100/2026-09-17_10-56-53_27293207/search/
moras,cifar100,FGSM,120,hv,69321.8270905445,results/moras/cifar100/2026-09-17_10-56-53_27293207/search/
moras,cifar100,FGSM,120,r2,0.33742520657510183,results/moras/cifar100/2026-09-17_10-56-53_27293207/search/
moras,cifar100,FGSM,120,hv_2obj,23.589068001448396,results/moras/cifar100/2026-09-17_10-56-53_27293207/search/
moras,cifar100,FGSM,160,hv,69500.79475063985,results/moras/cifar100/2026-09-17_10-56-53_27293207/search/
moras,cifar100,FGSM,160,r2,0.33694282511556606,results/moras/cifar100/2026-09-17_10-56-53_27293207/search/
moras,cifar100,FGSM,160,hv_2obj,23.63931942263573,results/moras/cifar100/2026-09-17_10-56-53_27293207/search/
moras,cifar100,FGSM,200,hv,69786.95978841982,results/moras/cifar100/2026-09-17_10-56-53_27293207/search/
moras,cifar100,FGSM,200,r2,0.33694282511556606,results/moras/cifar100/2026-09-17_10-56-53_27293207/search/
moras,cifar100,FGSM,200,hv_2obj,23.63931942263573,results/moras/cifar100/2026-09-17_10-56-53_27293207/search/
moras,cifar100,FGSM,240,hv,71101.12116326977,results/moras/cifar100/2026-09-17_10-56-53_27293207/search/
moras,cifar100,FGSM,240,r2,0.3325636253097443,results/moras/cifar100/2026-09-17_10-56-53_27293207/search/
moras,cifar100,FGSM,240,hv_2obj,24.097430508738857,results/moras/cifar100/2026-09-17_10-56-53_27293207/search/
moras,cifar100,FGSM,280,hv,71873.18533721866,results/moras/cifar100/2026-09-17_10-56-53_27293207/search/
moras,cifar100,FGSM,280,r2,0.3309090956305899,results/moras/cifar100/2026-09-17_10-56-53_27293207/search/
moras,cifar100,FGSM,280,hv_2obj,24.340626021881654,results/moras/cifar100/2026-09-17_10-56-53_27293207/search/
moras,cifar100,FGSM,320,hv,72034.37335507233,results/moras/cifar100/2026-09-17_10-56-53_27293207/search/
moras,cifar100,FGSM,320,r2,0.3309090956305899,results/moras/cifar100/2026-09-17_10-56-53_27293207/search/
moras,cifar100,FGSM,320,hv_2obj,24.341676985048544,results/moras/cifar100/2026-09-17_10-56-53_27293207/search/
moras,cifar100,FGSM,360,hv,72062.47626916434,results/moras/cifar100/2026-09-17_10-56-53_27293207/search/
moras,cifar100,FGSM,360,r2,0.3309090956305899,results/moras/cifar100/2026-09-17_10-56-53_27293207/search/
moras,cifar100,FGSM,360,hv_2obj,24.341676985048544,results/moras/cifar100/2026-09-17_10-56-53_27293207/search/
moras,cifar100,FGSM,400,hv,72071.39537840986,results/moras/cifar100/2026-09-17_10-56-53_27293207/search/
moras,cifar100,FGSM,400,r2,0.3309090956305899,results/moras/cifar100/2026-09-17_10-56-53_27293207/search/
moras,cifar100,FGSM,400,hv_2obj,24.3419072008754,results/moras/cifar100/2026-09-17_10-56-53_27293207/search/
moras,cifar100,FGSM,440,hv,72805.35024884976,results/moras/cifar100/2026-09-17_10-56-53_27293207/search/
moras,cifar100,FGSM,440,r2,0.3293836658006196,results/moras/cifar100/2026-09-17_10-56-53_27293207/search/
moras,cifar100,FGSM,440,hv_2obj,24.56653681083162,results/moras/cifar100/2026-09-17_10-56-53_27293207/search/
moras,cifar100,FGSM,480,hv,72923.26993921556,results/moras/cifar100/2026-09-17_10-56-53_27293207/search/
moras,cifar100,FGSM,480,r2,0.3293231239908283,results/moras/cifar100/2026-09-17_10-56-53_27293207/search/
moras,cifar100,FGSM,480,hv_2obj,24.567367650003245,results/moras/cifar100/2026-09-17_10-56-53_27293207/search/
moras,cifar100,FGSM,520,hv,73106.4186878645,results/moras/cifar100/2026-09-17_10-56-53_27293207/search/
moras,cifar100,FGSM,520,r2,0.3293231239908283,results/moras/cifar100/2026-09-17_10-56-53_27293207/search/
moras,cifar100,FGSM,520,hv_2obj,24.567367650003245,results/moras/cifar100/2026-09-17_10-56-53_27293207/search/
moras,cifar100,FGSM,560,hv,73292.86804399281,results/moras/cifar100/2026-09-17_10-56-53_27293207/search/
moras,cifar100,FGSM,560,r2,0.32872806526538595,results/moras/cifar100/2026-09-17_10-56-53_27293207/search/
moras,cifar100,FGSM,560,hv_2obj,24.627743583631773,results/moras/cifar100/2026-09-17_10-56-53_27293207/search/
moras,cifar100,FGSM,600,hv,73297.2226547075,results/moras/cifar100/2026-09-17_10-56-53_27293207/search/
moras,cifar100,FGSM,600,r2,0.32872806526538595,results/moras/cifar100/2026-09-17_10-56-53_27293207/search/
moras,cifar100,FGSM,600,hv_2obj,24.627743583631773,results/moras/cifar100/2026-09-17_10-56-53_27293207/search/
moras,cifar100,FGSM,640,hv,73299.93184316077,results/moras/cifar100/2026-09-17_10-56-53_27293207/search/
moras,cifar100,FGSM,640,r2,0.32872806526538595,results/moras/cifar100/2026-09-17_10-56-53_27293207/search/
moras,cifar100,FGSM,640,hv_2obj,24.627743583631773,results/moras/cifar100/2026-09-17_10-56-53_27293207/search/
moras,cifar100,FGSM,680,hv,73572.34494839144,results/moras/cifar100/2026-09-17_10-56-53_27293207/search/
moras,cifar100,FGSM,680,r2,0.327866427640587,results/moras/cifar100/2026-09-17_10-56-53_27293207/search/
moras,cifar100,FGSM,680,hv_2obj,24.720289208130453,results/moras/cifar100/2026-09-17_10-56-53_27293207/search/
moras,cifar100,FGSM,720,hv,73574.26782902174,results/moras/cifar100/2026-09-17_10-56-53_27293207/search/
moras,cifar100,FGSM,720,r2,0.327866427640587,results/moras/cifar100/2026-09-17_10-56-53_27293207/search/
moras,cifar100,FGSM,720,hv_2obj,24.720289208130453,results/moras/cifar100/2026-09-17_10-56-53_27293207/search/
moras,cifar100,FGSM,760,hv,73587.94870589953,results/moras/cifar100/2026-09-17_10-56-53_27293207/search/
moras,cifar100,FGSM,760,r2,0.327866427640587,results/moras/cifar100/2026-09-17_10-56-53_27293207/search/
moras,cifar100,FGSM,760,hv_2obj,24.720289208130453,results/moras/cifar100/2026-09-17_10-56-53_27293207/search/
moras,cifar100,FGSM,800,hv,73896.74292580535,results/moras/cifar100/2026-09-17_10-56-53_27293207/search/
moras,cifar100,FGSM,800,r2,0.3271743961291567,results/moras/cifar100/2026-09-17_10-56-53_27293207/search/
moras,cifar100,FGSM,800,hv_2obj,24.819606799902843,results/moras/cifar100/2026-09-17_10-56-53_27293207/search/
moras,cifar100,FGSM,840,hv,73899.2753289575,results/moras/cifar100/2026-09-17_10-56-53_27293207/search/
moras,cifar100,FGSM,840,r2,0.3271743961291567,results/moras/cifar100/2026-09-17_10-56-53_27293207/search/
moras,cifar100,FGSM,840,hv_2obj,24.819606799902843,results/moras/cifar100/2026-09-17_10-56-53_27293207/search/
moras,cifar100,FGSM,880,hv,73907.47171111847,results/moras/cifar100/2026-09-17_10-56-53_27293207/search/
moras,cifar100,FGSM,880,r2,0.3271743961291567,results/moras/cifar100/2026-09-17_10-56-53_27293207/search/
moras,cifar100,FGSM,880,hv_2obj,24.819606799902843,results/moras/cifar100/2026-09-17_10-56-53_27293207/search/
moras,cifar100,FGSM,920,hv,73910.46381625983,results/moras/cifar100/2026-09-17_10-56-53_27293207/search/
moras,cifar100,FGSM,920,r2,0.3271743961291567,results/moras/cifar100/2026-09-17_10-56-53_27293207/search/
moras,cifar100,FGSM,920,hv_2obj,24.819606799902843,results/moras/cifar100/2026-09-17_10-56-53_27293207/search/
moras,cifar100,FGSM,960,hv,73910.76313590803,results/moras/cifar100/2026-09-17_10-56-53_27293207/search/
moras,cifar100,FGSM,960,r2,0.3271743961291567,results/moras/cifar100/2026-09-17_10-56-53_27293207/search/
moras,cifar100,FGSM,960,hv_2obj,24.819606799902843,results/moras/cifar100/2026-09-17_10-56-53_27293207/search/
moras,cifar100,FGSM,1000,hv,73985.54260847357,results/moras/cifar100/2026-09-17_10-56-53_27293207/search/
moras,cifar100,FGSM,1000,r2,0.32697641916228787,results/moras/cifar100/2026-09-17_10-56-53_27293207/search/
moras,cifar100,FGSM,1000,hv_2obj,24.842667984011136,results/moras/cifar100/2026-09-17_10-56-53_27293207/search/
moras,cifar100,FGSM,1040,hv,73987.4589891418,results/moras/cifar100/2026-09-17_10-56-53_27293207/search/
moras,cifar100,FGSM,1040,r2,0.32697641916228787,results/moras/cifar100/2026-09-17_10-56-53_27293207/search/
moras,cifar100,FGSM,1040,hv_2obj,24.842867853388633,results/moras/cifar100/2026-09-17_10-56-53_27293207/search/
moras,cifar100,FGSM,1080,hv,73989.60043562214,results/moras/cifar100/2026-09-17_10-56-53_27293207/search/
moras,cifar100,FGSM,1080,r2,0.32695354761228157,results/moras/cifar100/2026-09-17_10-56-53_27293207/search/
moras,cifar100,FGSM,1080,hv_2obj,24.84303000680553,results/moras/cifar100/2026-09-17_10-56-53_27293207/search/
moras,cifar100,FGSM,1120,hv,74002.94938820074,results/moras/cifar100/2026-09-17_10-56-53_27293207/search/
moras,cifar100,FGSM,1120,r2,0.3269329929826354,results/moras/cifar100/2026-09-17_10-56-53_27293207/search/
moras,cifar100,FGSM,1120,hv_2obj,24.84698195860269,results/moras/cifar100/2026-09-17_10-56-53_27293207/search/
moras,cifar100,FGSM,1160,hv,74003.84519024975,results/moras/cifar100/2026-09-17_10-56-53_27293207/search/
moras,cifar100,FGSM,1160,r2,0.3269329929826354,results/moras/cifar100/2026-09-17_10-56-53_27293207/search/
moras,cifar100,FGSM,1160,hv_2obj,24.84698195860269,results/moras/cifar100/2026-09-17_10-56-53_27293207/search/
moras,cifar100,FGSM,1200,hv,74023.92987906572,results/moras/cifar100/2026-09-17_10-56-53_27293207/search/
moras,cifar100,FGSM,1200,r2,0.3269329929826354,results/moras/cifar100/2026-09-17_10-56-53_27293207/search/
moras,cifar100,FGSM,1200,hv_2obj,24.84698195860269,results/moras/cifar100/2026-09-17_10-56-53_27293207/search/
moras,cifar100,FGSM,1240,hv,74025.49021945315,results/moras/cifar100/2026-09-17_10-56-53_27293207/search/
moras,cifar100,FGSM,1240,r2,0.32692328600434406,results/moras/cifar100/2026-09-17_10-56-53_27293207/search/
moras,cifar100,FGSM,1240,hv_2obj,24.84707427514531,results/moras/cifar100/2026-09-17_10-56-53_27293207/search/
moras,cifar100,FGSM,40,hv,67656.62111882567,results/moras/cifar100/2026-09-17_16-34-46_27522793/search/
moras,cifar100,FGSM,40,r2,0.3405599941938288,results/moras/cifar100/2026-09-17_16-34-46_27522793/search/
moras,cifar100,FGSM,40,hv_2obj,23.130479339319265,results/moras/cifar100/2026-09-17_16-34-46_27522793/search/
moras,cifar100,FGSM,80,hv,68391.45557795161,results/moras/cifar100/2026-09-17_16-34-46_27522793/search/
moras,cifar100,FGSM,80,r2,0.3393608353774524,results/moras/cifar100/2026-09-17_16-34-46_27522793/search/
moras,cifar100,FGSM,80,hv_2obj,23.30224061741662,results/moras/cifar100/2026-09-17_16-34-46_27522793/search/
moras,cifar100,FGSM,120,hv,69058.7305364503,results/moras/cifar100/2026-09-17_16-34-46_27522793/search/
moras,cifar100,FGSM,120,r2,0.3382348029140495,results/moras/cifar100/2026-09-17_16-34-46_27522793/search/
moras,cifar100,FGSM,120,hv_2obj,23.460296432225864,results/moras/cifar100/2026-09-17_16-34-46_27522793/search/
moras,cifar100,FGSM,160,hv,69249.6614632578,results/moras/cifar100/2026-09-17_16-34-46_27522793/search/
moras,cifar100,FGSM,160,r2,0.3382227913008109,results/moras/cifar100/2026-09-17_16-34-46_27522793/search/
moras,cifar100,FGSM,160,hv_2obj,23.465348802772215,results/moras/cifar100/2026-09-17_16-34-46_27522793/search/
moras,cifar100,FGSM,200,hv,69643.39099779478,results/moras/cifar100/2026-09-17_16-34-46_27522793/search/
moras,cifar100,FGSM,200,r2,0.3382227913008109,results/moras/cifar100/2026-09-17_16-34-46_27522793/search/
moras,cifar100,FGSM,200,hv_2obj,23.466434810563708,results/moras/cifar100/2026-09-17_16-34-46_27522793/search/
moras,cifar100,FGSM,240,hv,69652.43620779649,results/moras/cifar100/2026-09-17_16-34-46_27522793/search/
moras,cifar100,FGSM,240,r2,0.3382227913008109,results/moras/cifar100/2026-09-17_16-34-46_27522793/search/
moras,cifar100,FGSM,240,hv_2obj,23.466434810563708,results/moras/cifar100/2026-09-17_16-34-46_27522793/search/
moras,cifar100,FGSM,280,hv,69725.36447441643,results/moras/cifar100/2026-09-17_16-34-46_27522793/search/
moras,cifar100,FGSM,280,r2,0.3382227913008109,results/moras/cifar100/2026-09-17_16-34-46_27522793/search/
moras,cifar100,FGSM,280,hv_2obj,23.466434810563708,results/moras/cifar100/2026-09-17_16-34-46_27522793/search/
moras,cifar100,FGSM,320,hv,71153.42811521795,results/moras/cifar100/2026-09-17_16-34-46_27522793/search/
moras,cifar100,FGSM,320,r2,0.3337929330677433,results/moras/cifar100/2026-09-17_16-34-46_27522793/search/
moras,cifar100,FGSM,320,hv_2obj,23.95342501720195,results/moras/cifar100/2026-09-17_16-34-46_27522793/search/
moras,cifar100,FGSM,360,hv,71160.88341557527,results/moras/cifar100/2026-09-17_16-34-46_27522793/search/
moras,cifar100,FGSM,360,r2,0.3337929330677433,results/moras/cifar100/2026-09-17_16-34-46_27522793/search/
moras,cifar100,FGSM,360,hv_2obj,23.95342501720195,results/moras/cifar100/2026-09-17_16-34-46_27522793/search/
moras,cifar100,FGSM,400,hv,71188.94019497845,results/moras/cifar100/2026-09-17_16-34-46_27522793/search/
moras,cifar100,FGSM,400,r2,0.3337929330677433,results/moras/cifar100/2026-09-17_16-34-46_27522793/search/
moras,cifar100,FGSM,400,hv_2obj,23.957100800994958,results/moras/cifar100/2026-09-17_16-34-46_27522793/search/
moras,cifar100,FGSM,440,hv,71226.65162072993,results/moras/cifar100/2026-09-17_16-34-46_27522793/search/
moras,cifar100,FGSM,440,r2,0.33368530124583196,results/moras/cifar100/2026-09-17_16-34-46_27522793/search/
moras,cifar100,FGSM,440,hv_2obj,23.969226464286148,results/moras/cifar100/2026-09-17_16-34-46_27522793/search/
moras,cifar100,FGSM,480,hv,71349.44564244985,results/moras/cifar100/2026-09-17_16-34-46_27522793/search/
moras,cifar100,FGSM,480,r2,0.33368530124583196,results/moras/cifar100/2026-09-17_16-34-46_27522793/search/
moras,cifar100,FGSM,480,hv_2obj,23.969226464286148,results/moras/cifar100/2026-09-17_16-34-46_27522793/search/
moras,cifar100,FGSM,520,hv,71479.23535466098,results/moras/cifar100/2026-09-17_16-34-46_27522793/search/
moras,cifar100,FGSM,520,r2,0.3336207749083264,results/moras/cifar100/2026-09-17_16-34-46_27522793/search/
moras,cifar100,FGSM,520,hv_2obj,23.973309631273796,results/moras/cifar100/2026-09-17_16-34-46_27522793/search/
moras,cifar100,FGSM,560,hv,71489.92358278605,results/moras/cifar100/2026-09-17_16-34-46_27522793/search/
moras,cifar100,FGSM,560,r2,0.3336207749083264,results/moras/cifar100/2026-09-17_16-34-46_27522793/search/
moras,cifar100,FGSM,560,hv_2obj,23.974173791231816,results/moras/cifar100/2026-09-17_16-34-46_27522793/search/
moras,cifar100,FGSM,600,hv,72014.2570435195,results/moras/cifar100/2026-09-17_16-34-46_27522793/search/
moras,cifar100,FGSM,600,r2,0.3319576909518718,results/moras/cifar100/2026-09-17_16-34-46_27522793/search/
moras,cifar100,FGSM,600,hv_2obj,24.153269322556955,results/moras/cifar100/2026-09-17_16-34-46_27522793/search/
moras,cifar100,FGSM,640,hv,72019.02663249715,results/moras/cifar100/2026-09-17_16-34-46_27522793/search/
moras,cifar100,FGSM,640,r2,0.3319576909518718,results/moras/cifar100/2026-09-17_16-34-46_27522793/search/
moras,cifar100,FGSM,640,hv_2obj,24.153269322556955,results/moras/cifar100/2026-09-17_16-34-46_27522793/search/
moras,cifar100,FGSM,680,hv,72586.36656345821,results/moras/cifar100/2026-09-17_16-34-46_27522793/search/
moras,cifar100,FGSM,680,r2,0.3305979971816144,results/moras/cifar100/2026-09-17_16-34-46_27522793/search/
moras,cifar100,FGSM,680,hv_2obj,24.345370543892834,results/moras/cifar100/2026-09-17_16-34-46_27522793/search/
moras,cifar100,FGSM,720,hv,72587.56670301149,results/moras/cifar100/2026-09-17_16-34-46_27522793/search/
moras,cifar100,FGSM,720,r2,0.3305979971816144,results/moras/cifar100/2026-09-17_16-34-46_27522793/search/
moras,cifar100,FGSM,720,hv_2obj,24.34537544867513,results/moras/cifar100/2026-09-17_16-34-46_27522793/search/
moras,cifar100,FGSM,760,hv,72731.79451423237,results/moras/cifar100/2026-09-17_16-34-46_27522793/search/
moras,cifar100,FGSM,760,r2,0.33031117491663203,results/moras/cifar100/2026-09-17_16-34-46_27522793/search/
moras,cifar100,FGSM,760,hv_2obj,24.393569009695238,results/moras/cifar100/2026-09-17_16-34-46_27522793/search/
moras,cifar100,FGSM,800,hv,72736.87587226409,results/moras/cifar100/2026-09-17_16-34-46_27522793/search/
moras,cifar100,FGSM,800,r2,0.33031117491663203,results/moras/cifar100/2026-09-17_16-34-46_27522793/search/
moras,cifar100,FGSM,800,hv_2obj,24.393569009695238,results/moras/cifar100/2026-09-17_16-34-46_27522793/search/
moras,cifar100,FGSM,840,hv,72936.58459363774,results/moras/cifar100/2026-09-17_16-34-46_27522793/search/
moras,cifar100,FGSM,840,r2,0.3298416660641115,results/moras/cifar100/2026-09-17_16-34-46_27522793/search/
moras,cifar100,FGSM,840,hv_2obj,24.46083631839623,results/moras/cifar100/2026-09-17_16-34-46_27522793/search/
moras,cifar100,FGSM,880,hv,72936.62885138269,results/moras/cifar100/2026-09-17_16-34-46_27522793/search/
moras,cifar100,FGSM,880,r2,0.3298416660641115,results/moras/cifar100/2026-09-17_16-34-46_27522793/search/
moras,cifar100,FGSM,880,hv_2obj,24.46083631839623,results/moras/cifar100/2026-09-17_16-34-46_27522793/search/
moras,cifar100,FGSM,920,hv,72937.82140622,results/moras/cifar100/2026-09-17_16-34-46_27522793/search/
moras,cifar100,FGSM,920,r2,0.3298416660641115,results/moras/cifar100/2026-09-17_16-34-46_27522793/search/
moras,cifar100,FGSM,920,hv_2obj,24.46083631839623,results/moras/cifar100/2026-09-17_16-34-46_27522793/search/
moras,cifar100,FGSM,960,hv,72941.31557100077,results/moras/cifar100/2026-09-17_16-34-46_27522793/search/
moras,cifar100,FGSM,960,r2,0.3298416660641115,results/moras/cifar100/2026-09-17_16-34-46_27522793/search/
moras,cifar100,FGSM,960,hv_2obj,24.46083631839623,results/moras/cifar100/2026-09-17_16-34-46_27522793/search/
moras,cifar100,FGSM,1000,hv,72945.01594577389,results/moras/cifar100/2026-09-17_16-34-46_27522793/search/
moras,cifar100,FGSM,1000,r2,0.3298416660641115,results/moras/cifar100/2026-09-17_16-34-46_27522793/search/
moras,cifar100,FGSM,1000,hv_2obj,24.46083631839623,results/moras/cifar100/2026-09-17_16-34-46_27522793/search/
moras,cifar100,FGSM,1040,hv,72945.36037935704,results/moras/cifar100/2026-09-17_16-34-46_27522793/search/
moras,cifar100,FGSM,1040,r2,0.3298416660641115,results/moras/cifar100/2026-09-17_16-34-46_27522793/search/
moras,cifar100,FGSM,1040,hv_2obj,24.46083631839623,results/moras/cifar100/2026-09-17_16-34-46_27522793/search/
moras,cifar100,FGSM,1080,hv,72946.18934736028,results/moras/cifar100/2026-09-17_16-34-46_27522793/search/
moras,cifar100,FGSM,1080,r2,0.3298416660641115,results/moras/cifar100/2026-09-17_16-34-46_27522793/search/
moras,cifar100,FGSM,1080,hv_2obj,24.46083631839623,results/moras/cifar100/2026-09-17_16-34-46_27522793/search/
moras,cifar100,FGSM,1120,hv,72947.5109456059,results/moras/cifar100/2026-09-17_16-34-46_27522793/search/
moras,cifar100,FGSM,1120,r2,0.3298416660641115,results/moras/cifar100/2026-09-17_16-34-46_27522793/search/
moras,cifar100,FGSM,1120,hv_2obj,24.46083631839623,results/moras/cifar100/2026-09-17_16-34-46_27522793/search/
moras,cifar100,FGSM,1160,hv,72950.24834928125,results/moras/cifar100/2026-09-17_16-34-46_27522793/search/
moras,cifar100,FGSM,1160,r2,0.3298416660641115,results/moras/cifar100/2026-09-17_16-34-46_27522793/search/
moras,cifar100,FGSM,1160,hv_2obj,24.46083631839623,results/moras/cifar100/2026-09-17_16-34-46_27522793/search/
moras,cifar100,FGSM,1200,hv,72950.29183866785,results/moras/cifar100/2026-09-17_16-34-46_27522793/search/
moras,cifar100,FGSM,1200,r2,0.3298416660641115,results/moras/cifar100/2026-09-17_16-34-46_27522793/search/
moras,cifar100,FGSM,1200,hv_2obj,24.46083631839623,results/moras/cifar100/2026-09-17_16-34-46_27522793/search/
moras,cifar100,FGSM,1240,hv,72953.5556070218,results/moras/cifar100/2026-09-17_16-34-46_27522793/search/
moras,cifar100,FGSM,1240,r2,0.329805763905715,results/moras/cifar100/2026-09-17_16-34-46_27522793/search/
moras,cifar100,FGSM,1240,hv_2obj,24.46156008638803,results/moras/cifar100/2026-09-17_16-34-46_27522793/search/
