algorithm,dataset,attack,evaluations,indicator,value,dir
cars,cifar10,FGSM,0,hv,135471.5105246636,results/cars/cifar10/2026-09-10_12-51-30_15798821/search/
cars,cifar10,FGSM,0,r2,0.18291212676330643,results/cars/cifar10/2026-09-10_12-51-30_15798821/search/
cars,cifar10,FGSM,0,hv_2obj,45.7664433186379,results/cars/cifar10/2026-09-10_12-51-30_15798821/search/
cars,cifar10,FGSM,40,hv,137562.90346216864,results/cars/cifar10/2026-09-10_12-51-30_15798821/search/
cars,cifar10,FGSM,40,r2,0.1791427096356935,results/cars/cifar10/2026-09-10_12-51-30_15798821/search/
cars,cifar10,FGSM,40,hv_2obj,46.38299657159551,results/cars/cifar10/2026-09-10_12-51-30_15798821/search/
cars,cifar10,FGSM,80,hv,138469.15421935325,results/cars/cifar10/2026-09-10_12-51-30_15798821/search/
cars,cifar10,FGSM,80,r2,0.1772586241112301,results/cars/cifar10/2026-09-10_12-51-30_15798821/search/
cars,cifar10,FGSM,80,hv_2obj,46.68471321865565,results/cars/cifar10/2026-09-10_12-51-30_15798821/search/
cars,cifar10,FGSM,120,hv,139386.60263926163,results/cars/cifar10/2026-09-10_12-51-30_15798821/search/
cars,cifar10,FGSM,120,r2,0.17553502446121266,results/cars/cifar10/2026-09-10_12-51-30_15798821/search/
cars,cifar10,FGSM,120,hv_2obj,46.98950045143861,results/cars/cifar10/2026-09-10_12-51-30_15798821/search/
cars,cifar10,FGSM,160,hv,140030.13337875475,results/cars/cifar10/2026-09-10_12-51-30_15798821/search/
cars,cifar10,FGSM,160,r2,0.17437450450041364,results/cars/cifar10/2026-09-10_12-51-30_15798821/search/
cars,cifar10,FGSM,160,hv_2obj,47.20502322095788,results/cars/cifar10/2026-09-10_12-51-30_15798821/search/
cars,cifar10,FGSM,200,hv,140711.25723375787,results/cars/cifar10/2026-09-10_12-51-30_15798821/search/
cars,cifar10,FGSM,200,r2,0.1733382793202556,results/cars/cifar10/2026-09-10_12-51-30_15798821/search/
cars,cifar10,FGSM,200,hv_2obj,47.37695687022878,results/cars/cifar10/2026-09-10_12-51-30_15798821/search/
cars,cifar10,FGSM,240,hv,141162.38299158067,results/cars/cifar10/2026-09-10_12-51-30_15798821/search/
cars,cifar10,FGSM,240,r2,0.17244634107161394,results/cars/cifar10/2026-09-10_12-51-30_15798821/search/
cars,cifar10,FGSM,240,hv_2obj,47.52762197770803,results/cars/cifar10/2026-09-10_12-51-30_15798821/search/
cars,cifar10,FGSM,280,hv,142020.59581275165,results/cars/cifar10/2026-09-10_12-51-30_15798821/search/
cars,cifar10,FGSM,280,r2,0.1716078531659271,results/cars/cifar10/2026-09-10_12-51-30_15798821/search/
cars,cifar10,FGSM,280,hv_2obj,47.68119375867229,results/cars/cifar10/2026-09-10_12-51-30_15798821/search/
cars,cifar10,FGSM,320,hv,142310.3301916411,results/cars/cifar10/2026-09-10_12-51-30_15798821/search/
cars,cifar10,FGSM,320,r2,0.17098680765344804,results/cars/cifar10/2026-09-10_12-51-30_15798821/search/
cars,cifar10,FGSM,320,hv_2obj,47.77812346278566,results/cars/cifar10/2026-09-10_12-51-30_15798821/search/
cars,cifar10,FGSM,360,hv,142875.46599785355,results/cars/cifar10/2026-09-10_12-51-30_15798821/search/
cars,cifar10,FGSM,360,r2,0.16991943687179853,results/cars/cifar10/2026-09-10_12-51-30_15798821/search/
cars,cifar10,FGSM,360,hv_2obj,47.96924261323284,results/cars/cifar10/2026-09-10_12-51-30_15798821/search/
cars,cifar10,FGSM,400,hv,143278.01436820798,results/cars/cifar10/2026-09-10_12-51-30_15798821/search/
cars,cifar10,FGSM,400,r2,0.16914974027093455,results/cars/cifar10/2026-09-10_12-51-30_15798821/search/
cars,cifar10,FGSM,400,hv_2obj,48.10465802646417,results/cars/cifar10/2026-09-10_12-51-30_15798821/search/
cars,cifar10,FGSM,440,hv,143622.4753207583,results/cars/cifar10/2026-09-10_12-51-30_15798821/search/
cars,cifar10,FGSM,440,r2,0.1685072511476275,results/cars/cifar10/2026-09-10_12-51-30_15798821/search/
cars,cifar10,FGSM,440,hv_2obj,48.21929928656909,results/cars/cifar10/2026-09-10_12-51-30_15798821/search/
cars,cifar10,FGSM,480,hv,144107.06513774866,results/cars/cifar10/2026-09-10_12-51-30_15798821/search/
cars,cifar10,FGSM,480,r2,0.1676175408922031,results/cars/cifar10/2026-09-10_12-51-30_15798821/search/
cars,cifar10,FGSM,480,hv_2obj,48.380875880936394,results/cars/cifar10/2026-09-10_12-51-30_15798821/search/
cars,cifar10,FGSM,520,hv,144353.73590238512,results/cars/cifar10/2026-09-10_12-51-30_15798821/search/
cars,cifar10,FGSM,520,r2,0.16712666006826218,results/cars/cifar10/2026-09-10_12-51-30_15798821/search/
cars,cifar10,FGSM,520,hv_2obj,48.46362172387976,results/cars/cifar10/2026-09-10_12-51-30_15798821/search/
cars,cifar10,FGSM,560,hv,144534.4579590844,results/cars/cifar10/2026-09-10_12-51-30_15798821/search/
cars,cifar10,FGSM,560,r2,0.16678742009427355,results/cars/cifar10/2026-09-10_12-51-30_15798821/search/
cars,cifar10,FGSM,560,hv_2obj,48.52438973349536,results/cars/cifar10/2026-09-10_12-51-30_15798821/search/
cars,cifar10,FGSM,600,hv,144707.76406687073,results/cars/cifar10/2026-09-10_12-51-30_15798821/search/
cars,cifar10,FGSM,600,r2,0.16641984831964646,results/cars/cifar10/2026-09-10_12-51-30_15798821/search/
cars,cifar10,FGSM,600,hv_2obj,48.58253040999551,results/cars/cifar10/2026-09-10_12-51-30_15798821/search/
cars,cifar10,FGSM,640,hv,145081.65545607172,results/cars/cifar10/2026-09-10_12-51-30_15798821/search/
cars,cifar10,FGSM,640,r2,0.16575244641108405,results/cars/cifar10/2026-09-10_12-51-30_15798821/search/
cars,cifar10,FGSM,640,hv_2obj,48.70826515223781,results/cars/cifar10/2026-09-10_12-51-30_15798821/search/
cars,cifar10,FGSM,680,hv,145432.18000752293,results/cars/cifar10/2026-09-10_12-51-30_15798821/search/
cars,cifar10,FGSM,680,r2,0.1651124277975898,results/cars/cifar10/2026-09-10_12-51-30_15798821/search/
cars,cifar10,FGSM,680,hv_2obj,48.825754030479516,results/cars/cifar10/2026-09-10_12-51-30_15798821/search/
cars,cifar10,FGSM,720,hv,145644.14790581845,results/cars/cifar10/2026-09-10_12-51-30_15798821/search/
cars,cifar10,FGSM,720,r2,0.16469293744236982,results/cars/cifar10/2026-09-10_12-51-30_15798821/search/
cars,cifar10,FGSM,720,hv_2obj,48.897073469914886,results/cars/cifar10/2026-09-10_12-51-30_15798821/search/
cars,cifar10,FGSM,760,hv,145929.77812655017,results/cars/cifar10/2026-09-10_12-51-30_15798821/search/
cars,cifar10,FGSM,760,r2,0.16417075913143422,results/cars/cifar10/2026-09-10_12-51-30_15798821/search/
cars,cifar10,FGSM,760,hv_2obj,48.99298317958342,results/cars/cifar10/2026-09-10_12-51-30_15798821/search/
cars,cifar10,FGSM,800,hv,146369.8378514768,results/cars/cifar10/2026-09-10_12-51-30_15798821/search/
cars,cifar10,FGSM,800,r2,0.16366785039627096,results/cars/cifar10/2026-09-10_12-51-30_15798821/search/
cars,cifar10,FGSM,800,hv_2obj,49.09322887519287,results/cars/cifar10/2026-09-10_12-51-30_15798821/search/
cars,cifar10,FGSM,840,hv,146496.14597899074,results/cars/cifar10/2026-09-10_12-51-30_15798821/search/
cars,cifar10,FGSM,840,r2,0.163381825516862,results/cars/cifar10/2026-09-10_12-51-30_15798821/search/
cars,cifar10,FGSM,840,hv_2obj,49.13575105770448,results/cars/cifar10/2026-09-10_12-51-30_15798821/search/
cars,cifar10,FGSM,880,hv,146717.81526400533,results/cars/cifar10/2026-09-10_12-51-30_15798821/search/
cars,cifar10,FGSM,880,r2,0.1629558768637371,results/cars/cifar10/2026-09-10_12-51-30_15798821/search/
cars,cifar10,FGSM,880,hv_2obj,49.210000936418716,results/cars/cifar10/2026-09-10_12-51-30_15798821/search/
cars,cifar10,FGSM,920,hv,146859.66451048027,results/cars/cifar10/2026-09-10_12-51-30_15798821/search/
cars,cifar10,FGSM,920,r2,0.1627075213362618,results/cars/cifar10/2026-09-10_12-51-30_15798821/search/
cars,cifar10,FGSM,920,hv_2obj,49.25741033957387,results/cars/cifar10/2026-09-10_12-51-30_15798821/search/
cars,cifar10,FGSM,960,hv,147121.27611561125,results/cars/cifar10/2026-09-10_12-51-30_15798821/search/
cars,cifar10,FGSM,960,r2,0.1622305194015355,results/cars/cifar10/2026-09-10_12-51-30_15798821/search/
cars,cifar10,FGSM,960,hv_2obj,49.345245837819505,results/cars/cifar10/2026-09-10_12-51-30_15798821/search/
cars,cifar10,FGSM,1000,hv,147227.38443470275,results/cars/cifar10/2026-09-10_12-51-30_15798821/search/
cars,cifar10,FGSM,1000,r2,0.16200897626331803,results/cars/cifar10/2026-09-10_12-51-30_15798821/search/
cars,cifar10,FGSM,1000,hv_2obj,49.38091055487473,results/cars/cifar10/2026-09-10_12-51-30_15798821/search/
cars,cifar10,FGSM,1040,hv,147531.4754956981,results/cars/cifar10/2026-09-10_12-51-30_15798821/search/
cars,cifar10,FGSM,1040,r2,0.16150333257792698,results/cars/cifar10/2026-09-10_12-51-30_15798821/search/
cars,cifar10,FGSM,1040,hv_2obj,49.469633301241444,results/cars/cifar10/2026-09-10_12-51-30_15798821/search/
cars,cifar10,FGSM,1080,hv,148130.5618359529,results/cars/cifar10/2026-09-10_12-51-30_15798821/search/
cars,cifar10,FGSM,1080,r2,0.16112227005184623,results/cars/cifar10/2026-09-10_12-51-30_15798821/search/
cars,cifar10,FGSM,1080,hv_2obj,49.542751083287676,results/cars/cifar10/2026-09-10_12-51-30_15798821/search/
cars,cifar10,FGSM,1120,hv,148315.5168164096,results/cars/cifar10/2026-09-10_12-51-30_15798821/search/
cars,cifar10,FGSM,1120,r2,0.1607776511085642,results/cars/cifar10/2026-09-10_12-51-30_15798821/search/
cars,cifar10,FGSM,1120,hv_2obj,49.60511384933227,results/cars/cifar10/2026-09-10_12-51-30_15798821/search/
cars,cifar10,FGSM,1160,hv,148484.01251038592,results/cars/cifar10/2026-09-10_12-51-30_15798821/search/
cars,cifar10,FGSM,1160,r2,0.16044562600527842,results/cars/cifar10/2026-09-10_12-51-30_15798821/search/
cars,cifar10,FGSM,1160,hv_2obj,49.66148913117136,results/cars/cifar10/2026-09-10_12-51-30_15798821/search/
cars,cifar10,FGSM,1200,hv,148740.49558131828,results/cars/cifar10/2026-09-10_12-51-30_15798821/search/
cars,cifar10,FGSM,1200,r2,0.15998754398165646,results/cars/cifar10/2026-09-10_12-51-30_15798821/search/
cars,cifar10,FGSM,1200,hv_2obj,49.74710163827672,results/cars/cifar10/2026-09-10_12-51-30_15798821/search/
cars,cifar10,FGSM,0,hv,133827.23988101468,results/cars/cifar10/2026-09-10_17-06-01_65381509/search/
cars,cifar10,FGSM,0,r2,0.1860625812037177,results/cars/cifar10/2026-09-10_17-06-01_65381509/search/
cars,cifar10,FGSM,0,hv_2obj,45.20891268146223,results/cars/cifar10/2026-09-10_17-06-01_65381509/search/
cars,cifar10,FGSM,40,hv,136018.36615018922,results/cars/cifar10/2026-09-10_17-06-01_65381509/search/
cars,cifar10,FGSM,40,r2,0.181667237025474,results/cars/cifar10/2026-09-10_17-06-01_65381509/search/
cars,cifar10,FGSM,40,hv_2obj,45.95653430747333,results/cars/cifar10/2026-09-10_17-06-01_65381509/search/
cars,cifar10,FGSM,80,hv,137266.0805306606,results/cars/cifar10/2026-09-10_17-06-01_65381509/search/
cars,cifar10,FGSM,80,r2,0.1791353336209745,results/cars/cifar10/2026-09-10_17-06-01_65381509/search/
cars,cifar10,FGSM,80,hv_2obj,46.36911728455057,results/cars/cifar10/2026-09-10_17-06-01_65381509/search/
cars,cifar10,FGSM,120,hv,137820.66192737693,results/cars/cifar10/2026-09-10_17-06-01_65381509/search/
cars,cifar10,FGSM,120,r2,0.1779908593602903,results/cars/cifar10/2026-09-10_17-06-01_65381509/search/
cars,cifar10,FGSM,120,hv_2obj,46.55873336024559,results/cars/cifar10/2026-09-10_17-06-01_65381509/search/
cars,cifar10,FGSM,160,hv,138536.32848225266,results/cars/cifar10/2026-09-10_17-06-01_65381509/search/
cars,cifar10,FGSM,160,r2,0.17660851559898644,results/cars/cifar10/2026-09-10_17-06-01_65381509/search/
cars,cifar10,FGSM,160,hv_2obj,46.79028705323928,results/cars/cifar10/2026-09-10_17-06-01_65381509/search/
cars,cifar10,FGSM,200,hv,138913.1227121963,results/cars/cifar10/2026-09-10_17-06-01_65381509/search/
cars,cifar10,FGSM,200,r2,0.1758647174081271,results/cars/cifar10/2026-09-10_17-06-01_65381509/search/
cars,cifar10,FGSM,200,hv_2obj,46.91743695719646,results/cars/cifar10/2026-09-10_17-06-01_65381509/search/
cars,cifar10,FGSM,240,hv,139471.6810433973,results/cars/cifar10/2026-09-10_17-06-01_65381509/search/
cars,cifar10,FGSM,240,r2,0.17482669346980564,results/cars/cifar10/2026-09-10_17-06-01_65381509/search/
cars,cifar10,FGSM,240,hv_2obj,47.1065690981284,results/cars/cifar10/2026-09-10_17-06-01_65381509/search/
cars,cifar10,FGSM,280,hv,139854.35502661107,results/cars/cifar10/2026-09-10_17-06-01_65381509/search/
cars,cifar10,FGSM,280,r2,0.17402584669129811,results/cars/cifar10/2026-09-10_17-06-01_65381509/search/
cars,cifar10,FGSM,280,hv_2obj,47.236819001197524,results/cars/cifar10/2026-09-10_17-06-01_65381509/search/
cars,cifar10,FGSM,320,hv,140669.0439670788,results/cars/cifar10/2026-09-10_17-06-01_65381509/search/
cars,cifar10,FGSM,320,r2,0.17282355521809606,results/cars/cifar10/2026-09-10_17-06-01_65381509/search/
cars,cifar10,FGSM,320,hv_2obj,47.4544983136759,results/cars/cifar10/2026-09-10_17-06-01_65381509/search/
cars,cifar10,FGSM,360,hv,141101.9200955734,results/cars/cifar10/2026-09-10_17-06-01_65381509/search/
cars,cifar10,FGSM,360,r2,0.17199968302254592,results/cars/cifar10/2026-09-10_17-06-01_65381509/search/
cars,cifar10,FGSM,360,hv_2obj,47.600246269065686,results/cars/cifar10/2026-09-10_17-06-01_65381509/search/
cars,cifar10,FGSM,400,hv,141798.81838223542,results/cars/cifar10/2026-09-10_17-06-01_65381509/search/
cars,cifar10,FGSM,400,r2,0.1710552536152375,results/cars/cifar10/2026-09-10_17-06-01_65381509/search/
cars,cifar10,FGSM,400,hv_2obj,47.777609223527236,results/cars/cifar10/2026-09-10_17-06-01_65381509/search/
cars,cifar10,FGSM,440,hv,142301.6817799763,results/cars/cifar10/2026-09-10_17-06-01_65381509/search/
cars,cifar10,FGSM,440,r2,0.1703781282221455,results/cars/cifar10/2026-09-10_17-06-01_65381509/search/
cars,cifar10,FGSM,440,hv_2obj,47.88932787566141,results/cars/cifar10/2026-09-10_17-06-01_65381509/search/
cars,cifar10,FGSM,480,hv,142438.65045587104,results/cars/cifar10/2026-09-10_17-06-01_65381509/search/
cars,cifar10,FGSM,480,r2,0.17009617708511354,results/cars/cifar10/2026-09-10_17-06-01_65381509/search/
cars,cifar10,FGSM,480,hv_2obj,47.934747958509554,results/cars/cifar10/2026-09-10_17-06-01_65381509/search/
cars,cifar10,FGSM,520,hv,143099.69383243684,results/cars/cifar10/2026-09-10_17-06-01_65381509/search/
cars,cifar10,FGSM,520,r2,0.16890544730098286,results/cars/cifar10/2026-09-10_17-06-01_65381509/search/
cars,cifar10,FGSM,520,hv_2obj,48.15838391298366,results/cars/cifar10/2026-09-10_17-06-01_65381509/search/
cars,cifar10,FGSM,560,hv,143243.61478222444,results/cars/cifar10/2026-09-10_17-06-01_65381509/search/
cars,cifar10,FGSM,560,r2,0.1685833744257228,results/cars/cifar10/2026-09-10_17-06-01_65381509/search/
cars,cifar10,FGSM,560,hv_2obj,48.20569343976716,results/cars/cifar10/2026-09-10_17-06-01_65381509/search/
cars,cifar10,FGSM,600,hv,143760.83201781719,results/cars/cifar10/2026-09-10_17-06-01_65381509/search/
cars,cifar10,FGSM,600,r2,0.1681988929566845,results/cars/cifar10/2026-09-10_17-06-01_65381509/search/
cars,cifar10,FGSM,600,hv_2obj,48.26621299255394,results/cars/cifar10/2026-09-10_17-06-01_65381509/search/
cars,cifar10,FGSM,640,hv,144217.5281954486,results/cars/cifar10/2026-09-10_17-06-01_65381509/search/
cars,cifar10,FGSM,640,r2,0.16737480944672564,results/cars/cifar10/2026-09-10_17-06-01_65381509/search/
cars,cifar10,FGSM,640,hv_2obj,48.420485861328714,results/cars/cifar10/2026-09-10_17-06-01_65381509/search/
cars,cifar10,FGSM,680,hv,144663.9695251684,results/cars/cifar10/2026-09-10_17-06-01_65381509/search/
cars,cifar10,FGSM,680,r2,0.16655844811440673,results/cars/cifar10/2026-09-10_17-06-01_65381509/search/
cars,cifar10,FGSM,680,hv_2obj,48.5703496388316,results/cars/cifar10/2026-09-10_17-06-01_65381509/search/
cars,cifar10,FGSM,720,hv,144812.52301709747,results/cars/cifar10/2026-09-10_17-06-01_65381509/search/
cars,cifar10,FGSM,720,r2,0.16622427303222612,results/cars/cifar10/2026-09-10_17-06-01_65381509/search/
cars,cifar10,FGSM,720,hv_2obj,48.620261320447696,results/cars/cifar10/2026-09-10_17-06-01_65381509/search/
cars,cifar10,FGSM,760,hv,144971.29230503467,results/cars/cifar10/2026-09-10_17-06-01_65381509/search/
cars,cifar10,FGSM,760,r2,0.16596205926126278,results/cars/cifar10/2026-09-10_17-06-01_65381509/search/
cars,cifar10,FGSM,760,hv_2obj,48.67287219553814,results/cars/cifar10/2026-09-10_17-06-01_65381509/search/
cars,cifar10,FGSM,800,hv,145377.7875384019,results/cars/cifar10/2026-09-10_17-06-01_65381509/search/
cars,cifar10,FGSM,800,r2,0.16520964302578753,results/cars/cifar10/2026-09-10_17-06-01_65381509/search/
cars,cifar10,FGSM,800,hv_2obj,48.80977195512963,results/cars/cifar10/2026-09-10_17-06-01_65381509/search/
cars,cifar10,FGSM,840,hv,145538.73507919002,results/cars/cifar10/2026-09-10_17-06-01_65381509/search/
cars,cifar10,FGSM,840,r2,0.1649075853221417,results/cars/cifar10/2026-09-10_17-06-01_65381509/search/
cars,cifar10,FGSM,840,hv_2obj,48.8636079283064,results/cars/cifar10/2026-09-10_17-06-01_65381509/search/
cars,cifar10,FGSM,880,hv,145669.0076154664,results/cars/cifar10/2026-09-10_17-06-01_65381509/search/
cars,cifar10,FGSM,880,r2,0.16464209214278924,results/cars/cifar10/2026-09-10_17-06-01_65381509/search/
cars,cifar10,FGSM,880,hv_2obj,48.907442678970156,results/cars/cifar10/2026-09-10_17-06-01_65381509/search/
cars,cifar10,FGSM,920,hv,146005.92382941872,results/cars/cifar10/2026-09-10_17-06-01_65381509/search/
cars,cifar10,FGSM,920,r2,0.16402835265337032,results/cars/cifar10/2026-09-10_17-06-01_65381509/search/
cars,cifar10,FGSM,920,hv_2obj,49.021424212919406,results/cars/cifar10/2026-09-10_17-06-01_65381509/search/
cars,cifar10,FGSM,960,hv,146222.57171122558,results/cars/cifar10/2026-09-10_17-06-01_65381509/search/
cars,cifar10,FGSM,960,r2,0.1637032669779998,results/cars/cifar10/2026-09-10_17-06-01_65381509/search/
cars,cifar10,FGSM,960,hv_2obj,49.07876159347422,results/cars/cifar10/2026-09-10_17-06-01_65381509/search/
cars,cifar10,FGSM,1000,hv,146630.5926865571,results/cars/cifar10/2026-09-10_17-06-01_65381509/search/
cars,cifar10,FGSM,1000,r2,0.16294859846739118,results/cars/cifar10/2026-09-10_17-06-01_65381509/search/
cars,cifar10,FGSM,1000,hv_2obj,49.21650816168892,results/cars/cifar10/2026-09-10_17-06-01_65381509/search/
cars,cifar10,FGSM,1040,hv,146825.80435830844,results/cars/cifar10/2026-09-10_17-06-01_65381509/search/
cars,cifar10,FGSM,1040,r2,0.16259699284007847,results/cars/cifar10/2026-09-10_17-06-01_65381509/search/
cars,cifar10,FGSM,1040,hv_2obj,49.28088600687015,results/cars/cifar10/2026-09-10_17-06-01_65381509/search/
cars,cifar10,FGSM,1080,hv,147285.9049689008,results/cars/cifar10/2026-09-10_17-06-01_65381509/search/
cars,cifar10,FGSM,1080,r2,0.1623109388616059,results/cars/cifar10/2026-09-10_17-06-01_65381509/search/
cars,cifar10,FGSM,1080,hv_2obj,49.32979399128991,results/cars/cifar10/2026-09-10_17-06-01_65381509/search/
cars,cifar10,FGSM,1120,hv,147663.70563601665,results/cars/cifar10/2026-09-10_17-06-01_65381509/search/
cars,cifar10,FGSM,1120,r2,0.16164569446429491,results/cars/cifar10/2026-09-10_17-06-01_65381509/search/
cars,cifar10,FGSM,1120,hv_2obj,49.45691866382855,results/cars/cifar10/2026-09-10_17-06-01_65381509/search/
cars,cifar10,FGSM,1160,hv,147809.0741047687,results/cars/cifar10/2026-09-10_17-06-01_65381509/search/
cars,cifar10,FGSM,1160,r2,0.16130954259458624,results/cars/cifar10/2026-09-10_17-06-01_65381509/search/
cars,cifar10,FGSM,1160,hv_2obj,49.50686042931876,results/cars/cifar10/2026-09-10_17-06-01_65381509/search/
cars,cifar10,FGSM,1200,hv,148288.59978699574,results/cars/cifar10/2026-09-10_17-06-01_65381509/search/
cars,cifar10,FGSM,1200,r2,0.16067968540047886,results/cars/cifar10/2026-09-10_17-06-01_65381509/search/
cars,cifar10,FGSM,1200,hv_2obj,49.6308448319631,results/cars/cifar10/2026-09-10_17-06-01_65381509/search/
cars,cifar10,FGSM,0,hv,135677.8564492866,results/cars/cifar10/2026-09-10_23-43-02_27293207/search/
cars,cifar10,FGSM,0,r2,0.18251492583715717,results/cars/cifar10/2026-09-10_23-43-02_27293207/search/
cars,cifar10,FGSM,0,hv_2obj,45.83161947710983,results/cars/cifar10/2026-09-10_23-43-02_27293207/search/
cars,cifar10,FGSM,40,hv,137034.9100311028,results/cars/cifar10/2026-09-10_23-43-02_27293207/search/
cars,cifar10,FGSM,40,r2,0.17957816116112527,results/cars/cifar10/2026-09-10_23-43-02_27293207/search/
cars,cifar10,FGSM,40,hv_2obj,46.29498712313426,results/cars/cifar10/2026-09-10_23-43-02_27293207/search/
cars,cifar10,FGSM,80,hv,137859.05495808535,results/cars/cifar10/2026-09-10_23-43-02_27293207/search/
cars,cifar10,FGSM,80,r2,0.1779903093756764,results/cars/cifar10/2026-09-10_23-43-02_27293207/search/
cars,cifar10,FGSM,80,hv_2obj,46.56699991943712,results/cars/cifar10/2026-09-10_23-43-02_27293207/search/
cars,cifar10,FGSM,120,hv,138641.39782966065,results/cars/cifar10/2026-09-10_23-43-02_27293207/search/
cars,cifar10,FGSM,120,r2,0.17655789753077292,results/cars/cifar10/2026-09-10_23-43-02_27293207/search/
cars,cifar10,FGSM,120,hv_2obj,46.81531369259543,results/cars/cifar10/2026-09-10_23-43-02_27293207/search/
cars,cifar10,FGSM,160,hv,139030.2045780914,results/cars/cifar10/2026-09-10_23-43-02_27293207/search/
cars,cifar10,FGSM,160,r2,0.1757423832846196,results/cars/cifar10/2026-09-10_23-43-02_27293207/search/
cars,cifar10,FGSM,160,hv_2obj,46.947083909643325,results/cars/cifar10/2026-09-10_23-43-02_27293207/search/
cars,cifar10,FGSM,200,hv,139531.57079234655,results/cars/cifar10/2026-09-10_23-43-02_27293207/search/
cars,cifar10,FGSM,200,r2,0.1747763239377569,results/cars/cifar10/2026-09-10_23-43-02_27293207/search/
cars,cifar10,FGSM,200,hv_2obj,47.116727040294585,results/cars/cifar10/2026-09-10_23-43-02_27293207/search/
cars,cifar10,FGSM,240,hv,139982.3339840369,results/cars/cifar10/2026-09-10_23-43-02_27293207/search/
cars,cifar10,FGSM,240,r2,0.17390378261642303,results/cars/cifar10/2026-09-10_23-43-02_27293207/search/
cars,cifar10,FGSM,240,hv_2obj,47.26049794606959,results/cars/cifar10/2026-09-10_23-43-02_27293207/search/
cars,cifar10,FGSM,280,hv,140251.8224041511,results/cars/cifar10/2026-09-10_23-43-02_27293207/search/
cars,cifar10,FGSM,280,r2,0.17342477951914026,results/cars/cifar10/2026-09-10_23-43-02_27293207/search/
cars,cifar10,FGSM,280,hv_2obj,47.35001473282485,results/cars/cifar10/2026-09-10_23-43-02_27293207/search/
cars,cifar10,FGSM,320,hv,140656.96369669313,results/cars/cifar10/2026-09-10_23-43-02_27293207/search/
cars,cifar10,FGSM,320,r2,0.1727923309255419,results/cars/cifar10/2026-09-10_23-43-02_27293207/search/
cars,cifar10,FGSM,320,hv_2obj,47.46488727525492,results/cars/cifar10/2026-09-10_23-43-02_27293207/search/
cars,cifar10,FGSM,360,hv,141020.26614212047,results/cars/cifar10/2026-09-10_23-43-02_27293207/search/
cars,cifar10,FGSM,360,r2,0.1720833758600881,results/cars/cifar10/2026-09-10_23-43-02_27293207/search/
cars,cifar10,FGSM,360,hv_2obj,47.58637292424962,results/cars/cifar10/2026-09-10_23-43-02_27293207/search/
cars,cifar10,FGSM,400,hv,141232.680716832,results/cars/cifar10/2026-09-10_23-43-02_27293207/search/
cars,cifar10,FGSM,400,r2,0.1716098802925228,results/cars/cifar10/2026-09-10_23-43-02_27293207/search/
cars,cifar10,FGSM,400,hv_2obj,47.65842425917405,results/cars/cifar10/2026-09-10_23-43-02_27293207/search/
cars,cifar10,FGSM,440,hv,141729.54415754293,results/cars/cifar10/2026-09-10_23-43-02_27293207/search/
cars,cifar10,FGSM,440,r2,0.1707450335680583,results/cars/cifar10/2026-09-10_23-43-02_27293207/search/
cars,cifar10,FGSM,440,hv_2obj,47.81930493337618,results/cars/cifar10/2026-09-10_23-43-02_27293207/search/
cars,cifar10,FGSM,480,hv,142173.86621948757,results/cars/cifar10/2026-09-10_23-43-02_27293207/search/
cars,cifar10,FGSM,480,r2,0.17000124420795976,results/cars/cifar10/2026-09-10_23-43-02_27293207/search/
cars,cifar10,FGSM,480,hv_2obj,47.965691410310264,results/cars/cifar10/2026-09-10_23-43-02_27293207/search/
cars,cifar10,FGSM,520,hv,142364.14727224654,results/cars/cifar10/2026-09-10_23-43-02_27293207/search/
cars,cifar10,FGSM,520,r2,0.1696202503116528,results/cars/cifar10/2026-09-10_23-43-02_27293207/search/
cars,cifar10,FGSM,520,hv_2obj,48.02917107429845,results/cars/cifar10/2026-09-10_23-43-02_27293207/search/
cars,cifar10,FGSM,560,hv,142615.92432299108,results/cars/cifar10/2026-09-10_23-43-02_27293207/search/
cars,cifar10,FGSM,560,r2,0.16913520660329404,results/cars/cifar10/2026-09-10_23-43-02_27293207/search/
cars,cifar10,FGSM,560,hv_2obj,48.11412328928073,results/cars/cifar10/2026-09-10_23-43-02_27293207/search/
cars,cifar10,FGSM,600,hv,143281.92912693083,results/cars/cifar10/2026-09-10_23-43-02_27293207/search/
cars,cifar10,FGSM,600,r2,0.16859818826083242,results/cars/cifar10/2026-09-10_23-43-02_27293207/search/
cars,cifar10,FGSM,600,hv_2obj,48.218754657965505,results/cars/cifar10/2026-09-10_23-43-02_27293207/search/
cars,cifar10,FGSM,640,hv,143713.60637318593,results/cars/cifar10/2026-09-10_23-43-02_27293207/search/
cars,cifar10,FGSM,640,r2,0.167793126553213,results/cars/cifar10/2026-09-10_23-43-02_27293207/search/
cars,cifar10,FGSM,640,hv_2obj,48.36567138722291,results/cars/cifar10/2026-09-10_23-43-02_27293207/search/
cars,cifar10,FGSM,680,hv,143792.20348499503,results/cars/cifar10/2026-09-10_23-43-02_27293207/search/
cars,cifar10,FGSM,680,r2,0.16761723667325076,results/cars/cifar10/2026-09-10_23-43-02_27293207/search/
cars,cifar10,FGSM,680,hv_2obj,48.39154776341908,results/cars/cifar10/2026-09-10_23-43-02_27293207/search/
cars,cifar10,FGSM,720,hv,143907.13996781874,results/cars/cifar10/2026-09-10_23-43-02_27293207/search/
cars,cifar10,FGSM,720,r2,0.16735403907072813,results/cars/cifar10/2026-09-10_23-43-02_27293207/search/
cars,cifar10,FGSM,720,hv_2obj,48.43037084765423,results/cars/cifar10/2026-09-10_23-43-02_27293207/search/
cars,cifar10,FGSM,760,hv,144420.59195371202,results/cars/cifar10/2026-09-10_23-43-02_27293207/search/
cars,cifar10,FGSM,760,r2,0.16644790603894516,results/cars/cifar10/2026-09-10_23-43-02_27293207/search/
cars,cifar10,FGSM,760,hv_2obj,48.59666440133731,results/cars/cifar10/2026-09-10_23-43-02_27293207/search/
cars,cifar10,FGSM,800,hv,144911.06699832116,results/cars/cifar10/2026-09-10_23-43-02_27293207/search/
cars,cifar10,FGSM,800,r2,0.16560756814347913,results/cars/cifar10/2026-09-10_23-43-02_27293207/search/
cars,cifar10,FGSM,800,hv_2obj,48.76176801571314,results/cars/cifar10/2026-09-10_23-43-02_27293207/search/
cars,cifar10,FGSM,840,hv,144937.82643880654,results/cars/cifar10/2026-09-10_23-43-02_27293207/search/
cars,cifar10,FGSM,840,r2,0.16555156492348327,results/cars/cifar10/2026-09-10_23-43-02_27293207/search/
cars,cifar10,FGSM,840,hv_2obj,48.77068639182111,results/cars/cifar10/2026-09-10_23-43-02_27293207/search/
cars,cifar10,FGSM,880,hv,145187.41923970493,results/cars/cifar10/2026-09-10_23-43-02_27293207/search/
cars,cifar10,FGSM,880,r2,0.1650377442848628,results/cars/cifar10/2026-09-10_23-43-02_27293207/search/
cars,cifar10,FGSM,880,hv_2obj,48.85496239116144,results/cars/cifar10/2026-09-10_23-43-02_27293207/search/
cars,cifar10,FGSM,920,hv,145274.72714137155,results/cars/cifar10/2026-09-10_23-43-02_27293207/search/
cars,cifar10,FGSM,920,r2,0.16498145873180614,results/cars/cifar10/2026-09-10_23-43-02_27293207/search/
cars,cifar10,FGSM,920,hv_2obj,48.86326031362945,results/cars/cifar10/2026-09-10_23-43-02_27293207/search/
cars,cifar10,FGSM,960,hv,145502.2549246879,results/cars/cifar10/2026-09-10_23-43-02_27293207/search/
cars,cifar10,FGSM,960,r2,0.16460259873351676,results/cars/cifar10/2026-09-10_23-43-02_27293207/search/
cars,cifar10,FGSM,960,hv_2obj,48.92568901900305,results/cars/cifar10/2026-09-10_23-43-02_27293207/search/
cars,cifar10,FGSM,1000,hv,145568.21135568275,results/cars/cifar10/2026-09-10_23-43-02_27293207/search/
cars,cifar10,FGSM,1000,r2,0.1644546157851712,results/cars/cifar10/2026-09-10_23-43-02_27293207/search/
cars,cifar10,FGSM,1000,hv_2obj,48.94775333708623,results/cars/cifar10/2026-09-10_23-43-02_27293207/search/
cars,cifar10,FGSM,1040,hv,145653.18817274607,results/cars/cifar10/2026-09-10_23-43-02_27293207/search/
cars,cifar10,FGSM,1040,r2,0.16426205485071507,results/cars/cifar10/2026-09-10_23-43-02_27293207/search/
cars,cifar10,FGSM,1040,hv_2obj,48.97614687910831,results/cars/cifar10/2026-09-10_23-43-02_27293207/search/
cars,cifar10,FGSM,1080,hv,146152.57854119677,results/cars/cifar10/2026-09-10_23-43-02_27293207/search/
cars,cifar10,FGSM,1080,r2,0.1633131021633142,results/cars/cifar10/2026-09-10_23-43-02_27293207/search/
cars,cifar10,FGSM,1080,hv_2obj,49.14678783316264,results/cars/cifar10/2026-09-10_23-43-02_27293207/search/
cars,cifar10,FGSM,1120,hv,146159.6882055129,results/cars/cifar10/2026-09-10_23-43-02_27293207/search/
cars,cifar10,FGSM,1120,r2,0.1633131021633142,results/cars/cifar10/2026-09-10_23-43-02_27293207/search/
cars,cifar10,FGSM,1120,hv_2obj,49.14687882233363,results/cars/cifar10/2026-09-10_23-43-02_27293207/search/
cars,cifar10,FGSM,1160,hv,146165.9614877261,results/cars/cifar10/2026-09-10_23-43-02_27293207/search/
cars,cifar10,FGSM,1160,r2,0.16330946055617857,results/cars/cifar10/2026-09-10_23-43-02_27293207/search/
cars,cifar10,FGSM,1160,hv_2obj,49.14763569736421,results/cars/cifar10/2026-09-10_23-43-02_27293207/search/
cars,cifar10,FGSM,1200,hv,146613.3877684541,results/cars/cifar10/2026-09-10_23-43-02_27293207/search/
cars,cifar10,FGSM,1200,r2,0.16252044604433644,results/cars/cifar10/2026-09-10_23-43-02_27293207/search/
cars,cifar10,FGSM,1200,hv_2obj,49.29945508476708,results/cars/cifar10/2026-09-10_23-43-02_27293207/search/
cars,cifar10,FGSM,0,hv,136002.4124230452,results/cars/cifar10/2026-09-11_08-20-55_27522793/search/
cars,cifar10,FGSM,0,r2,0.18198075301818853,results/cars/cifar10/2026-09-11_08-20-55_27522793/search/
cars,cifar10,FGSM,0,hv_2obj,45.94372145471154,results/cars/cifar10/2026-09-11_08-20-55_27522793/search/
cars,cifar10,FGSM,40,hv,137265.46700362512,results/cars/cifar10/2026-09-11_08-20-55_27522793/search/
cars,cifar10,FGSM,40,r2,0.17930024848992138,results/cars/cifar10/2026-09-11_08-20-55_27522793/search/
cars,cifar10,FGSM,40,hv_2obj,46.374423354916885,results/cars/cifar10/2026-09-11_08-20-55_27522793/search/
cars,cifar10,FGSM,80,hv,138285.72046547977,results/cars/cifar10/2026-09-11_08-20-55_27522793/search/
cars,cifar10,FGSM,80,r2,0.17760579730170317,results/cars/cifar10/2026-09-11_08-20-55_27522793/search/
cars,cifar10,FGSM,80,hv_2obj,46.67451892087654,results/cars/cifar10/2026-09-11_08-20-55_27522793/search/
cars,cifar10,FGSM,120,hv,139141.47068711274,results/cars/cifar10/2026-09-11_08-20-55_27522793/search/
cars,cifar10,FGSM,120,r2,0.17588707492738337,results/cars/cifar10/2026-09-11_08-20-55_27522793/search/
cars,cifar10,FGSM,120,hv_2obj,46.96735086422117,results/cars/cifar10/2026-09-11_08-20-55_27522793/search/
cars,cifar10,FGSM,160,hv,139921.09824025095,results/cars/cifar10/2026-09-11_08-20-55_27522793/search/
cars,cifar10,FGSM,160,r2,0.17469076121080118,results/cars/cifar10/2026-09-11_08-20-55_27522793/search/
cars,cifar10,FGSM,160,hv_2obj,47.160201763054175,results/cars/cifar10/2026-09-11_08-20-55_27522793/search/
cars,cifar10,FGSM,200,hv,140703.1485713405,results/cars/cifar10/2026-09-11_08-20-55_27522793/search/
cars,cifar10,FGSM,200,r2,0.1731941228843434,results/cars/cifar10/2026-09-11_08-20-55_27522793/search/
cars,cifar10,FGSM,200,hv_2obj,47.42102994262538,results/cars/cifar10/2026-09-11_08-20-55_27522793/search/
cars,cifar10,FGSM,240,hv,141513.0196270968,results/cars/cifar10/2026-09-11_08-20-55_27522793/search/
cars,cifar10,FGSM,240,r2,0.1720763590776519,results/cars/cifar10/2026-09-11_08-20-55_27522793/search/
cars,cifar10,FGSM,240,hv_2obj,47.61287473023678,results/cars/cifar10/2026-09-11_08-20-55_27522793/search/
cars,cifar10,FGSM,280,hv,141763.53612278737,results/cars/cifar10/2026-09-11_08-20-55_27522793/search/
cars,cifar10,FGSM,280,r2,0.17151959743067874,results/cars/cifar10/2026-09-11_08-20-55_27522793/search/
cars,cifar10,FGSM,280,hv_2obj,47.69537776936676,results/cars/cifar10/2026-09-11_08-20-55_27522793/search/
cars,cifar10,FGSM,320,hv,142389.77454477304,results/cars/cifar10/2026-09-11_08-20-55_27522793/search/
cars,cifar10,FGSM,320,r2,0.17034272799214673,results/cars/cifar10/2026-09-11_08-20-55_27522793/search/
cars,cifar10,FGSM,320,hv_2obj,47.90718211853929,results/cars/cifar10/2026-09-11_08-20-55_27522793/search/
cars,cifar10,FGSM,360,hv,143031.91826590314,results/cars/cifar10/2026-09-11_08-20-55_27522793/search/
cars,cifar10,FGSM,360,r2,0.16911357461305526,results/cars/cifar10/2026-09-11_08-20-55_27522793/search/
cars,cifar10,FGSM,360,hv_2obj,48.12316934847729,results/cars/cifar10/2026-09-11_08-20-55_27522793/search/
cars,cifar10,FGSM,400,hv,143470.15271490384,results/cars/cifar10/2026-09-11_08-20-55_27522793/search/
cars,cifar10,FGSM,400,r2,0.16829625903242224,results/cars/cifar10/2026-09-11_08-20-55_27522793/search/
cars,cifar10,FGSM,400,hv_2obj,48.269384464876545,results/cars/cifar10/2026-09-11_08-20-55_27522793/search/
cars,cifar10,FGSM,440,hv,143824.53550130836,results/cars/cifar10/2026-09-11_08-20-55_27522793/search/
cars,cifar10,FGSM,440,r2,0.1676375229480267,results/cars/cifar10/2026-09-11_08-20-55_27522793/search/
cars,cifar10,FGSM,440,hv_2obj,48.38909844710666,results/cars/cifar10/2026-09-11_08-20-55_27522793/search/
cars,cifar10,FGSM,480,hv,144440.72642621238,results/cars/cifar10/2026-09-11_08-20-55_27522793/search/
cars,cifar10,FGSM,480,r2,0.16679441098434644,results/cars/cifar10/2026-09-11_08-20-55_27522793/search/
cars,cifar10,FGSM,480,hv_2obj,48.53704212111208,results/cars/cifar10/2026-09-11_08-20-55_27522793/search/
cars,cifar10,FGSM,520,hv,144648.82989120556,results/cars/cifar10/2026-09-11_08-20-55_27522793/search/
cars,cifar10,FGSM,520,r2,0.16637734133972487,results/cars/cifar10/2026-09-11_08-20-55_27522793/search/
cars,cifar10,FGSM,520,hv_2obj,48.60712470794218,results/cars/cifar10/2026-09-11_08-20-55_27522793/search/
cars,cifar10,FGSM,560,hv,145191.2469539857,results/cars/cifar10/2026-09-11_08-20-55_27522793/search/
cars,cifar10,FGSM,560,r2,0.16564950235876136,results/cars/cifar10/2026-09-11_08-20-55_27522793/search/
cars,cifar10,FGSM,560,hv_2obj,48.74659607510063,results/cars/cifar10/2026-09-11_08-20-55_27522793/search/
cars,cifar10,FGSM,600,hv,145327.0188992473,results/cars/cifar10/2026-09-11_08-20-55_27522793/search/
cars,cifar10,FGSM,600,r2,0.16533629457140273,results/cars/cifar10/2026-09-11_08-20-55_27522793/search/
cars,cifar10,FGSM,600,hv_2obj,48.79293138359119,results/cars/cifar10/2026-09-11_08-20-55_27522793/search/
cars,cifar10,FGSM,640,hv,145724.72839368795,results/cars/cifar10/2026-09-11_08-20-55_27522793/search/
cars,cifar10,FGSM,640,r2,0.16477819478853978,results/cars/cifar10/2026-09-11_08-20-55_27522793/search/
cars,cifar10,FGSM,640,hv_2obj,48.885623541821644,results/cars/cifar10/2026-09-11_08-20-55_27522793/search/
cars,cifar10,FGSM,680,hv,146480.53973978542,results/cars/cifar10/2026-09-11_08-20-55_27522793/search/
cars,cifar10,FGSM,680,r2,0.16381599399816055,results/cars/cifar10/2026-09-11_08-20-55_27522793/search/
cars,cifar10,FGSM,680,hv_2obj,49.08579828302618,results/cars/cifar10/2026-09-11_08-20-55_27522793/search/
cars,cifar10,FGSM,720,hv,146621.13432600236,results/cars/cifar10/2026-09-11_08-20-55_27522793/search/
cars,cifar10,FGSM,720,r2,0.1635380913923915,results/cars/cifar10/2026-09-11_08-20-55_27522793/search/
cars,cifar10,FGSM,720,hv_2obj,49.13257062269841,results/cars/cifar10/2026-09-11_08-20-55_27522793/search/
cars,cifar10,FGSM,760,hv,147329.66069894336,results/cars/cifar10/2026-09-11_08-20-55_27522793/search/
cars,cifar10,FGSM,760,r2,0.16272386510339373,results/cars/cifar10/2026-09-11_08-20-55_27522793/search/
cars,cifar10,FGSM,760,hv_2obj,49.27677073117118,results/cars/cifar10/2026-09-11_08-20-55_27522793/search/
cars,cifar10,FGSM,800,hv,147440.8363169458,results/cars/cifar10/2026-09-11_08-20-55_27522793/search/
cars,cifar10,FGSM,800,r2,0.16250479588944117,results/cars/cifar10/2026-09-11_08-20-55_27522793/search/
cars,cifar10,FGSM,800,hv_2obj,49.31404668843078,results/cars/cifar10/2026-09-11_08-20-55_27522793/search/
cars,cifar10,FGSM,840,hv,147473.04246840603,results/cars/cifar10/2026-09-11_08-20-55_27522793/search/
cars,cifar10,FGSM,840,r2,0.16243819826495146,results/cars/cifar10/2026-09-11_08-20-55_27522793/search/
cars,cifar10,FGSM,840,hv_2obj,49.32406975803749,results/cars/cifar10/2026-09-11_08-20-55_27522793/search/
cars,cifar10,FGSM,880,hv,147652.65166147228,results/cars/cifar10/2026-09-11_08-20-55_27522793/search/
cars,cifar10,FGSM,880,r2,0.16203014933452192,results/cars/cifar10/2026-09-11_08-20-55_27522793/search/
cars,cifar10,FGSM,880,hv_2obj,49.384719036360806,results/cars/cifar10/2026-09-11_08-20-55_27522793/search/
cars,cifar10,FGSM,920,hv,148119.17960212898,results/cars/cifar10/2026-09-11_08-20-55_27522793/search/
cars,cifar10,FGSM,920,r2,0.16120732975923047,results/cars/cifar10/2026-09-11_08-20-55_27522793/search/
cars,cifar10,FGSM,920,hv_2obj,49.5410231381961,results/cars/cifar10/2026-09-11_08-20-55_27522793/search/
cars,cifar10,FGSM,960,hv,148140.54280196456,results/cars/cifar10/2026-09-11_08-20-55_27522793/search/
cars,cifar10,FGSM,960,r2,0.16116803993304968,results/cars/cifar10/2026-09-11_08-20-55_27522793/search/
cars,cifar10,FGSM,960,hv_2obj,49.54724875024149,results/cars/cifar10/2026-09-11_08-20-55_27522793/search/
cars,cifar10,FGSM,1000,hv,148415.8789653886,results/cars/cifar10/2026-09-11_08-20-55_27522793/search/
cars,cifar10,FGSM,1000,r2,0.1606297669308075,results/cars/cifar10/2026-09-11_08-20-55_27522793/search/
cars,cifar10,FGSM,1000,hv_2obj,49.64004028866642,results/cars/cifar10/2026-09-11_08-20-55_27522793/search/
cars,cifar10,FGSM,1040,hv,148431.17583773332,results/cars/cifar10/2026-09-11_08-20-55_27522793/search/
cars,cifar10,FGSM,1040,r2,0.16059987856151542,results/cars/cifar10/2026-09-11_08-20-55_27522793/search/
cars,cifar10,FGSM,1040,hv_2obj,49.64473769852852,results/cars/cifar10/2026-09-11_08-20-55_27522793/search/
cars,cifar10,FGSM,1080,hv,148733.36624138706,results/cars/cifar10/2026-09-11_08-20-55_27522793/search/
cars,cifar10,FGSM,1080,r2,0.1600925688984956,results/cars/cifar10/2026-09-11_08-20-55_27522793/search/
cars,cifar10,FGSM,1080,hv_2obj,49.74579171938427,results/cars/cifar10/2026-09-11_08-20-55_27522793/search/
cars,cifar10,FGSM,1120,hv,148869.77390468458,results/cars/cifar10/2026-09-11_08-20-55_27522793/search/
cars,cifar10,FGSM,1120,r2,0.15978460501690175,results/cars/cifar10/2026-09-11_08-20-55_27522793/search/
cars,cifar10,FGSM,1120,hv_2obj,49.79185357710064,results/cars/cifar10/2026-09-11_08-20-55_27522793/search/
cars,cifar10,FGSM,1160,hv,148960.07102897522,results/cars/cifar10/2026-09-11_08-20-55_27522793/search/
cars,cifar10,FGSM,1160,r2,0.1596458878557772,results/cars/cifar10/2026-09-11_08-20-55_27522793/search/
cars,cifar10,FGSM,1160,hv_2obj,49.821015295753064,results/cars/cifar10/2026-09-11_08-20-55_27522793/search/
cars,cifar10,FGSM,1200,hv,149151.18492804602,results/cars/cifar10/2026-09-11_08-20-55_27522793/search/
cars,cifar10,FGSM,1200,r2,0.15930922868215108,results/cars/cifar10/2026-09-11_08-20-55_27522793/search/
cars,cifar10,FGSM,1200,hv_2obj,49.88500303661152,results/cars/cifar10/2026-09-11_08-20-55_27522793/search/
cars,cifar10,FGSM,0,hv,143481.25070581457,results/cars/cifar10/2026-09-23_12-55-53_18906049/search/
cars,cifar10,FGSM,0,r2,0.16735335791454659,results/cars/cifar10/2026-09-23_12-55-53_18906049/search/
cars,cifar10,FGSM,0,hv_2obj,48.46922247841656,results/cars/cifar10/2026-09-23_12-55-53_18906049/search/
cars,cifar10,FGSM,40,hv,144193.67031908836,results/cars/cifar10/2026-09-23_12-55-53_18906049/search/
cars,cifar10,FGSM,40,r2,0.1661010236454863,results/cars/cifar10/2026-09-23_12-55-53_18906049/search/
cars,cifar10,FGSM,40,hv_2obj,48.694563434989035,results/cars/cifar10/2026-09-23_12-55-53_18906049/search/
cars,cifar10,FGSM,80,hv,144538.5416461944,results/cars/cifar10/2026-09-23_12-55-53_18906049/search/
cars,cifar10,FGSM,80,r2,0.16543892712787056,results/cars/cifar10/2026-09-23_12-55-53_18906049/search/
cars,cifar10,FGSM,80,hv_2obj,48.810314712272906,results/cars/cifar10/2026-09-23_12-55-53_18906049/search/
cars,cifar10,FGSM,120,hv,144732.36546220529,results/cars/cifar10/2026-09-23_12-55-53_18906049/search/
cars,cifar10,FGSM,120,r2,0.16501125195371358,results/cars/cifar10/2026-09-23_12-55-53_18906049/search/
cars,cifar10,FGSM,120,hv_2obj,48.8764453580651,results/cars/cifar10/2026-09-23_12-55-53_18906049/search/
cars,cifar10,FGSM,160,hv,145270.4549724824,results/cars/cifar10/2026-09-23_12-55-53_18906049/search/
cars,cifar10,FGSM,160,r2,0.16407895011488682,results/cars/cifar10/2026-09-23_12-55-53_18906049/search/
cars,cifar10,FGSM,160,hv_2obj,49.05443679474765,results/cars/cifar10/2026-09-23_12-55-53_18906049/search/
cars,cifar10,FGSM,200,hv,145543.2759010499,results/cars/cifar10/2026-09-23_12-55-53_18906049/search/
cars,cifar10,FGSM,200,r2,0.1634740225483549,results/cars/cifar10/2026-09-23_12-55-53_18906049/search/
cars,cifar10,FGSM,200,hv_2obj,49.15041923537838,results/cars/cifar10/2026-09-23_12-55-53_18906049/search/
cars,cifar10,FGSM,240,hv,146235.37403039113,results/cars/cifar10/2026-09-23_12-55-53_18906049/search/
cars,cifar10,FGSM,240,r2,0.1622926118051948,results/cars/cifar10/2026-09-23_12-55-53_18906049/search/
cars,cifar10,FGSM,240,hv_2obj,49.3815318590567,results/cars/cifar10/2026-09-23_12-55-53_18906049/search/
cars,cifar10,FGSM,280,hv,146486.69112942572,results/cars/cifar10/2026-09-23_12-55-53_18906049/search/
cars,cifar10,FGSM,280,r2,0.16178610899239904,results/cars/cifar10/2026-09-23_12-55-53_18906049/search/
cars,cifar10,FGSM,280,hv_2obj,49.468148452466416,results/cars/cifar10/2026-09-23_12-55-53_18906049/search/
cars,cifar10,FGSM,320,hv,146591.26633942162,results/cars/cifar10/2026-09-23_12-55-53_18906049/search/
cars,cifar10,FGSM,320,r2,0.16163597193108079,results/cars/cifar10/2026-09-23_12-55-53_18906049/search/
cars,cifar10,FGSM,320,hv_2obj,49.49995603953297,results/cars/cifar10/2026-09-23_12-55-53_18906049/search/
cars,cifar10,FGSM,360,hv,146702.25930780813,results/cars/cifar10/2026-09-23_12-55-53_18906049/search/
cars,cifar10,FGSM,360,r2,0.16141782428624676,results/cars/cifar10/2026-09-23_12-55-53_18906049/search/
cars,cifar10,FGSM,360,hv_2obj,49.53572063317153,results/cars/cifar10/2026-09-23_12-55-53_18906049/search/
cars,cifar10,FGSM,400,hv,147419.83964398957,results/cars/cifar10/2026-09-23_12-55-53_18906049/search/
cars,cifar10,FGSM,400,r2,0.16078700270580742,results/cars/cifar10/2026-09-23_12-55-53_18906049/search/
cars,cifar10,FGSM,400,hv_2obj,49.649789603455304,results/cars/cifar10/2026-09-23_12-55-53_18906049/search/
cars,cifar10,FGSM,440,hv,147605.0236736841,results/cars/cifar10/2026-09-23_12-55-53_18906049/search/
cars,cifar10,FGSM,440,r2,0.16043652063167904,results/cars/cifar10/2026-09-23_12-55-53_18906049/search/
cars,cifar10,FGSM,440,hv_2obj,49.71347360351037,results/cars/cifar10/2026-09-23_12-55-53_18906049/search/
cars,cifar10,FGSM,480,hv,147761.8321054234,results/cars/cifar10/2026-09-23_12-55-53_18906049/search/
cars,cifar10,FGSM,480,r2,0.1601925458660684,results/cars/cifar10/2026-09-23_12-55-53_18906049/search/
cars,cifar10,FGSM,480,hv_2obj,49.76360145824243,results/cars/cifar10/2026-09-23_12-55-53_18906049/search/
cars,cifar10,FGSM,520,hv,148028.11862055608,results/cars/cifar10/2026-09-23_12-55-53_18906049/search/
cars,cifar10,FGSM,520,r2,0.15968935322519662,results/cars/cifar10/2026-09-23_12-55-53_18906049/search/
cars,cifar10,FGSM,520,hv_2obj,49.854322568364665,results/cars/cifar10/2026-09-23_12-55-53_18906049/search/
cars,cifar10,FGSM,560,hv,148207.0722393056,results/cars/cifar10/2026-09-23_12-55-53_18906049/search/
cars,cifar10,FGSM,560,r2,0.1593474949385561,results/cars/cifar10/2026-09-23_12-55-53_18906049/search/
cars,cifar10,FGSM,560,hv_2obj,49.9132084291792,results/cars/cifar10/2026-09-23_12-55-53_18906049/search/
cars,cifar10,FGSM,600,hv,148629.49063691017,results/cars/cifar10/2026-09-23_12-55-53_18906049/search/
cars,cifar10,FGSM,600,r2,0.15928495784644442,results/cars/cifar10/2026-09-23_12-55-53_18906049/search/
cars,cifar10,FGSM,600,hv_2obj,49.92331915067479,results/cars/cifar10/2026-09-23_12-55-53_18906049/search/
cars,cifar10,FGSM,640,hv,148770.27664142154,results/cars/cifar10/2026-09-23_12-55-53_18906049/search/
cars,cifar10,FGSM,640,r2,0.15896937097220856,results/cars/cifar10/2026-09-23_12-55-53_18906049/search/
cars,cifar10,FGSM,640,hv_2obj,49.970681777217656,results/cars/cifar10/2026-09-23_12-55-53_18906049/search/
cars,cifar10,FGSM,680,hv,148872.13413870838,results/cars/cifar10/2026-09-23_12-55-53_18906049/search/
cars,cifar10,FGSM,680,r2,0.15878973112508055,results/cars/cifar10/2026-09-23_12-55-53_18906049/search/
cars,cifar10,FGSM,680,hv_2obj,50.00468597269122,results/cars/cifar10/2026-09-23_12-55-53_18906049/search/
cars,cifar10,FGSM,720,hv,148991.5315913947,results/cars/cifar10/2026-09-23_12-55-53_18906049/search/
cars,cifar10,FGSM,720,r2,0.15859115764656936,results/cars/cifar10/2026-09-23_12-55-53_18906049/search/
cars,cifar10,FGSM,720,hv_2obj,50.04470155691005,results/cars/cifar10/2026-09-23_12-55-53_18906049/search/
cars,cifar10,FGSM,760,hv,149275.47592407034,results/cars/cifar10/2026-09-23_12-55-53_18906049/search/
cars,cifar10,FGSM,760,r2,0.157950204439002,results/cars/cifar10/2026-09-23_12-55-53_18906049/search/
cars,cifar10,FGSM,760,hv_2obj,50.14133859730363,results/cars/cifar10/2026-09-23_12-55-53_18906049/search/
cars,cifar10,FGSM,800,hv,149618.04189052017,results/cars/cifar10/2026-09-23_12-55-53_18906049/search/
cars,cifar10,FGSM,800,r2,0.15739783916841946,results/cars/cifar10/2026-09-23_12-55-53_18906049/search/
cars,cifar10,FGSM,800,hv_2obj,50.257192459303255,results/cars/cifar10/2026-09-23_12-55-53_18906049/search/
cars,cifar10,FGSM,840,hv,149787.1967323048,results/cars/cifar10/2026-09-23_12-55-53_18906049/search/
cars,cifar10,FGSM,840,r2,0.15701662570819397,results/cars/cifar10/2026-09-23_12-55-53_18906049/search/
cars,cifar10,FGSM,840,hv_2obj,50.31463521637287,results/cars/cifar10/2026-09-23_12-55-53_18906049/search/
cars,cifar10,FGSM,880,hv,150000.7263249298,results/cars/cifar10/2026-09-23_12-55-53_18906049/search/
cars,cifar10,FGSM,880,r2,0.15664208617885927,results/cars/cifar10/2026-09-23_12-55-53_18906049/search/
cars,cifar10,FGSM,880,hv_2obj,50.38659684781917,results/cars/cifar10/2026-09-23_12-55-53_18906049/search/
cars,cifar10,FGSM,920,hv,150025.82687348436,results/cars/cifar10/2026-09-23_12-55-53_18906049/search/
cars,cifar10,FGSM,920,r2,0.15660490020966267,results/cars/cifar10/2026-09-23_12-55-53_18906049/search/
cars,cifar10,FGSM,920,hv_2obj,50.39461696838448,results/cars/cifar10/2026-09-23_12-55-53_18906049/search/
cars,cifar10,FGSM,960,hv,150101.28339596363,results/cars/cifar10/2026-09-23_12-55-53_18906049/search/
cars,cifar10,FGSM,960,r2,0.15646597530499087,results/cars/cifar10/2026-09-23_12-55-53_18906049/search/
cars,cifar10,FGSM,960,hv_2obj,50.41999104523307,results/cars/cifar10/2026-09-23_12-55-53_18906049/search/
cars,cifar10,FGSM,1000,hv,150305.7284145125,results/cars/cifar10/2026-09-23_12-55-53_18906049/search/
cars,cifar10,FGSM,1000,r2,0.15613520801934944,results/cars/cifar10/2026-09-23_12-55-53_18906049/search/
cars,cifar10,FGSM,1000,hv_2obj,50.48903227290599,results/cars/cifar10/2026-09-23_12-55-53_18906049/search/
cars,cifar10,FGSM,1040,hv,150420.77874283624,results/cars/cifar10/2026-09-23_12-55-53_18906049/search/
cars,cifar10,FGSM,1040,r2,0.15595217277209375,results/cars/cifar10/2026-09-23_12-55-53_18906049/search/
cars,cifar10,FGSM,1040,hv_2obj,50.52759826985409,results/cars/cifar10/2026-09-23_12-55-53_18906049/search/
cars,cifar10,FGSM,1080,hv,150422.42056535574,results/cars/cifar10/2026-09-23_12-55-53_18906049/search/
cars,cifar10,FGSM,1080,r2,0.15595217277209375,results/cars/cifar10/2026-09-23_12-55-53_18906049/search/
cars,cifar10,FGSM,1080,hv_2obj,50.52795990651505,results/cars/cifar10/2026-09-23_12-55-53_18906049/search/
cars,cifar10,FGSM,1120,hv,151051.0002202627,results/cars/cifar10/2026-09-23_12-55-53_18906049/search/
cars,cifar10,FGSM,1120,r2,0.15595217277209375,results/cars/cifar10/2026-09-23_12-55-53_18906049/search/
cars,cifar10,FGSM,1120,hv_2obj,50.52820622132054,results/cars/cifar10/2026-09-23_12-55-53_18906049/search/
cars,cifar10,FGSM,1160,hv,151109.64759770912,results/cars/cifar10/2026-09-23_12-55-53_18906049/search/
cars,cifar10,FGSM,1160,r2,0.1558234859161503,results/cars/cifar10/2026-09-23_12-55-53_18906049/search/
cars,cifar10,FGSM,1160,hv_2obj,50.54760480433931,results/cars/cifar10/2026-09-23_12-55-53_18906049/search/
cars,cifar10,FGSM,1200,hv,151365.0522281004,results/cars/cifar10/2026-09-23_12-55-53_18906049/search/
cars,cifar10,FGSM,1200,r2,0.1553690404857409,results/cars/cifar10/2026-09-23_12-55-53_18906049/search/
cars,cifar10,FGSM,1200,hv_2obj,50.63108897369278,results/cars/cifar10/2026-09-23_12-55-53_18906049/search/
cars,cifar10,FGSM,0,hv,143352.66330852266,results/cars/cifar10/2026-09-23_23-25-05_15798821/search/
cars,cifar10,FGSM,0,r2,0.16777683141107808,results/cars/cifar10/2026-09-23_23-25-05_15798821/search/
cars,cifar10,FGSM,0,hv_2obj,48.42284933850961,results/cars/cifar10/2026-09-23_23-25-05_15798821/search/
cars,cifar10,FGSM,40,hv,143963.47460567142,results/cars/cifar10/2026-09-23_23-25-05_15798821/search/
cars,cifar10,FGSM,40,r2,0.16719216325668768,results/cars/cifar10/2026-09-23_23-25-05_15798821/search/
cars,cifar10,FGSM,40,hv_2obj,48.53533571177784,results/cars/cifar10/2026-09-23_23-25-05_15798821/search/
cars,cifar10,FGSM,80,hv,144240.73040873086,results/cars/cifar10/2026-09-23_23-25-05_15798821/search/
cars,cifar10,FGSM,80,r2,0.16666871527244193,results/cars/cifar10/2026-09-23_23-25-05_15798821/search/
cars,cifar10,FGSM,80,hv_2obj,48.628896168041024,results/cars/cifar10/2026-09-23_23-25-05_15798821/search/
cars,cifar10,FGSM,120,hv,144524.7943411158,results/cars/cifar10/2026-09-23_23-25-05_15798821/search/
cars,cifar10,FGSM,120,r2,0.16602927301625167,results/cars/cifar10/2026-09-23_23-25-05_15798821/search/
cars,cifar10,FGSM,120,hv_2obj,48.72399467473668,results/cars/cifar10/2026-09-23_23-25-05_15798821/search/
cars,cifar10,FGSM,160,hv,144855.71626201275,results/cars/cifar10/2026-09-23_23-25-05_15798821/search/
cars,cifar10,FGSM,160,r2,0.16541616328626868,results/cars/cifar10/2026-09-23_23-25-05_15798821/search/
cars,cifar10,FGSM,160,hv_2obj,48.83361656641404,results/cars/cifar10/2026-09-23_23-25-05_15798821/search/
cars,cifar10,FGSM,200,hv,145364.92906128857,results/cars/cifar10/2026-09-23_23-25-05_15798821/search/
cars,cifar10,FGSM,200,r2,0.16452414564932766,results/cars/cifar10/2026-09-23_23-25-05_15798821/search/
cars,cifar10,FGSM,200,hv_2obj,49.00645589722901,results/cars/cifar10/2026-09-23_23-25-05_15798821/search/
cars,cifar10,FGSM,240,hv,145565.06854175084,results/cars/cifar10/2026-09-23_23-25-05_15798821/search/
cars,cifar10,FGSM,240,r2,0.16407738347342168,results/cars/cifar10/2026-09-23_23-25-05_15798821/search/
cars,cifar10,FGSM,240,hv_2obj,49.07295487768706,results/cars/cifar10/2026-09-23_23-25-05_15798821/search/
cars,cifar10,FGSM,280,hv,145890.7432190726,results/cars/cifar10/2026-09-23_23-25-05_15798821/search/
cars,cifar10,FGSM,280,r2,0.16343811076902381,results/cars/cifar10/2026-09-23_23-25-05_15798821/search/
cars,cifar10,FGSM,280,hv_2obj,49.181263825962205,results/cars/cifar10/2026-09-23_23-25-05_15798821/search/
cars,cifar10,FGSM,320,hv,146266.14862525836,results/cars/cifar10/2026-09-23_23-25-05_15798821/search/
cars,cifar10,FGSM,320,r2,0.16282218732572928,results/cars/cifar10/2026-09-23_23-25-05_15798821/search/
cars,cifar10,FGSM,320,hv_2obj,49.307157399873326,results/cars/cifar10/2026-09-23_23-25-05_15798821/search/
cars,cifar10,FGSM,360,hv,146455.81129554857,results/cars/cifar10/2026-09-23_23-25-05_15798821/search/
cars,cifar10,FGSM,360,r2,0.16239306043448426,results/cars/cifar10/2026-09-23_23-25-05_15798821/search/
cars,cifar10,FGSM,360,hv_2obj,49.37122890460028,results/cars/cifar10/2026-09-23_23-25-05_15798821/search/
cars,cifar10,FGSM,400,hv,146787.0809061008,results/cars/cifar10/2026-09-23_23-25-05_15798821/search/
cars,cifar10,FGSM,400,r2,0.16175502918782853,results/cars/cifar10/2026-09-23_23-25-05_15798821/search/
cars,cifar10,FGSM,400,hv_2obj,49.48194312197801,results/cars/cifar10/2026-09-23_23-25-05_15798821/search/
cars,cifar10,FGSM,440,hv,146986.1888175547,results/cars/cifar10/2026-09-23_23-25-05_15798821/search/
cars,cifar10,FGSM,440,r2,0.16138579228269884,results/cars/cifar10/2026-09-23_23-25-05_15798821/search/
cars,cifar10,FGSM,440,hv_2obj,49.54941644627381,results/cars/cifar10/2026-09-23_23-25-05_15798821/search/
cars,cifar10,FGSM,480,hv,147328.01162575046,results/cars/cifar10/2026-09-23_23-25-05_15798821/search/
cars,cifar10,FGSM,480,r2,0.1607667445090162,results/cars/cifar10/2026-09-23_23-25-05_15798821/search/
cars,cifar10,FGSM,480,hv_2obj,49.66468950994364,results/cars/cifar10/2026-09-23_23-25-05_15798821/search/
cars,cifar10,FGSM,520,hv,147553.23151958987,results/cars/cifar10/2026-09-23_23-25-05_15798821/search/
cars,cifar10,FGSM,520,r2,0.16029253501101265,results/cars/cifar10/2026-09-23_23-25-05_15798821/search/
cars,cifar10,FGSM,520,hv_2obj,49.740817318978515,results/cars/cifar10/2026-09-23_23-25-05_15798821/search/
cars,cifar10,FGSM,560,hv,147619.10722772873,results/cars/cifar10/2026-09-23_23-25-05_15798821/search/
cars,cifar10,FGSM,560,r2,0.1601670002481482,results/cars/cifar10/2026-09-23_23-25-05_15798821/search/
cars,cifar10,FGSM,560,hv_2obj,49.761019689907585,results/cars/cifar10/2026-09-23_23-25-05_15798821/search/
cars,cifar10,FGSM,600,hv,147874.8618905641,results/cars/cifar10/2026-09-23_23-25-05_15798821/search/
cars,cifar10,FGSM,600,r2,0.1596465304555753,results/cars/cifar10/2026-09-23_23-25-05_15798821/search/
cars,cifar10,FGSM,600,hv_2obj,49.84889727866724,results/cars/cifar10/2026-09-23_23-25-05_15798821/search/
cars,cifar10,FGSM,640,hv,148237.91313962036,results/cars/cifar10/2026-09-23_23-25-05_15798821/search/
cars,cifar10,FGSM,640,r2,0.15912165493850766,results/cars/cifar10/2026-09-23_23-25-05_15798821/search/
cars,cifar10,FGSM,640,hv_2obj,49.958630318087806,results/cars/cifar10/2026-09-23_23-25-05_15798821/search/
cars,cifar10,FGSM,680,hv,148343.2613728262,results/cars/cifar10/2026-09-23_23-25-05_15798821/search/
cars,cifar10,FGSM,680,r2,0.15888825358002062,results/cars/cifar10/2026-09-23_23-25-05_15798821/search/
cars,cifar10,FGSM,680,hv_2obj,49.99377094778698,results/cars/cifar10/2026-09-23_23-25-05_15798821/search/
cars,cifar10,FGSM,720,hv,148695.82238761947,results/cars/cifar10/2026-09-23_23-25-05_15798821/search/
cars,cifar10,FGSM,720,r2,0.1586541831795643,results/cars/cifar10/2026-09-23_23-25-05_15798821/search/
cars,cifar10,FGSM,720,hv_2obj,50.042991630024524,results/cars/cifar10/2026-09-23_23-25-05_15798821/search/
cars,cifar10,FGSM,760,hv,148822.84977010425,results/cars/cifar10/2026-09-23_23-25-05_15798821/search/
cars,cifar10,FGSM,760,r2,0.15843974361628094,results/cars/cifar10/2026-09-23_23-25-05_15798821/search/
cars,cifar10,FGSM,760,hv_2obj,50.08561087808553,results/cars/cifar10/2026-09-23_23-25-05_15798821/search/
cars,cifar10,FGSM,800,hv,148834.90590735656,results/cars/cifar10/2026-09-23_23-25-05_15798821/search/
cars,cifar10,FGSM,800,r2,0.15841718526854973,results/cars/cifar10/2026-09-23_23-25-05_15798821/search/
cars,cifar10,FGSM,800,hv_2obj,50.089400259990505,results/cars/cifar10/2026-09-23_23-25-05_15798821/search/
cars,cifar10,FGSM,840,hv,149062.2237350794,results/cars/cifar10/2026-09-23_23-25-05_15798821/search/
cars,cifar10,FGSM,840,r2,0.15800375112989606,results/cars/cifar10/2026-09-23_23-25-05_15798821/search/
cars,cifar10,FGSM,840,hv_2obj,50.16649246012212,results/cars/cifar10/2026-09-23_23-25-05_15798821/search/
cars,cifar10,FGSM,880,hv,149313.54786479467,results/cars/cifar10/2026-09-23_23-25-05_15798821/search/
cars,cifar10,FGSM,880,r2,0.15750312660098204,results/cars/cifar10/2026-09-23_23-25-05_15798821/search/
cars,cifar10,FGSM,880,hv_2obj,50.25163609843336,results/cars/cifar10/2026-09-23_23-25-05_15798821/search/
cars,cifar10,FGSM,920,hv,149490.64140872716,results/cars/cifar10/2026-09-23_23-25-05_15798821/search/
cars,cifar10,FGSM,920,r2,0.15719443561822993,results/cars/cifar10/2026-09-23_23-25-05_15798821/search/
cars,cifar10,FGSM,920,hv_2obj,50.31092227135126,results/cars/cifar10/2026-09-23_23-25-05_15798821/search/
cars,cifar10,FGSM,960,hv,149622.47723922296,results/cars/cifar10/2026-09-23_23-25-05_15798821/search/
cars,cifar10,FGSM,960,r2,0.15693028281443142,results/cars/cifar10/2026-09-23_23-25-05_15798821/search/
cars,cifar10,FGSM,960,hv_2obj,50.35532679060025,results/cars/cifar10/2026-09-23_23-25-05_15798821/search/
cars,cifar10,FGSM,1000,hv,149674.3142964767,results/cars/cifar10/2026-09-23_23-25-05_15798821/search/
cars,cifar10,FGSM,1000,r2,0.15684882728085897,results/cars/cifar10/2026-09-23_23-25-05_15798821/search/
cars,cifar10,FGSM,1000,hv_2obj,50.37263729257991,results/cars/cifar10/2026-09-23_23-25-05_15798821/search/
cars,cifar10,FGSM,1040,hv,149780.1335579918,results/cars/cifar10/2026-09-23_23-25-05_15798821/search/
cars,cifar10,FGSM,1040,r2,0.15661181856966183,results/cars/cifar10/2026-09-23_23-25-05_15798821/search/
cars,cifar10,FGSM,1040,hv_2obj,50.4083343719086,results/cars/cifar10/2026-09-23_23-25-05_15798821/search/
cars,cifar10,FGSM,1080,hv,149965.46665720633,results/cars/cifar10/2026-09-23_23-25-05_15798821/search/
cars,cifar10,FGSM,1080,r2,0.15625156065278278,results/cars/cifar10/2026-09-23_23-25-05_15798821/search/
cars,cifar10,FGSM,1080,hv_2obj,50.47121095502731,results/cars/cifar10/2026-09-23_23-25-05_15798821/search/
cars,cifar10,FGSM,1120,hv,149980.1016839312,results/cars/cifar10/2026-09-23_23-25-05_15798821/search/
cars,cifar10,FGSM,1120,r2,0.15625156065278278,results/cars/cifar10/2026-09-23_23-25-05_15798821/search/
cars,cifar10,FGSM,1120,hv_2obj,50.47137679664263,results/cars/cifar10/2026-09-23_23-25-05_15798821/search/
cars,cifar10,FGSM,1160,hv,150122.34112829514,results/cars/cifar10/2026-09-23_23-25-05_15798821/search/
cars,cifar10,FGSM,1160,r2,0.15600790445452856,results/cars/cifar10/2026-09-23_23-25-05_15798821/search/
cars,cifar10,FGSM,1160,hv_2obj,50.5190033488164,results/cars/cifar10/2026-09-23_23-25-05_15798821/search/
cars,cifar10,FGSM,1200,hv,150223.38836315836,results/cars/cifar10/2026-09-23_23-25-05_15798821/search/
cars,cifar10,FGSM,1200,r2,0.15584681934529598,results/cars/cifar10/2026-09-23_23-25-05_15798821/search/
cars,cifar10,FGSM,1200,hv_2obj,50.55298141934296,results/cars/cifar10/2026-09-23_23-25-05_15798821/search/
cars,cifar10,FGSM,0,hv,142558.0827221025,results/cars/cifar10/2026-09-24_09-41-05_65381509/search/
cars,cifar10,FGSM,0,r2,0.16923107946308683,results/cars/cifar10/2026-09-24_09-41-05_65381509/search/
cars,cifar10,FGSM,0,hv_2obj,48.15497508195581,results/cars/cifar10/2026-09-24_09-41-05_65381509/search/
cars,cifar10,FGSM,40,hv,142620.25993901465,results/cars/cifar10/2026-09-24_09-41-05_65381509/search/
cars,cifar10,FGSM,40,r2,0.16909063036077251,results/cars/cifar10/2026-09-24_09-41-05_65381509/search/
cars,cifar10,FGSM,40,hv_2obj,48.17711401408153,results/cars/cifar10/2026-09-24_09-41-05_65381509/search/
cars,cifar10,FGSM,80,hv,142995.04076752928,results/cars/cifar10/2026-09-24_09-41-05_65381509/search/
cars,cifar10,FGSM,80,r2,0.16838298994123302,results/cars/cifar10/2026-09-24_09-41-05_65381509/search/
cars,cifar10,FGSM,80,hv_2obj,48.30315665011239,results/cars/cifar10/2026-09-24_09-41-05_65381509/search/
cars,cifar10,FGSM,120,hv,143207.42173716708,results/cars/cifar10/2026-09-24_09-41-05_65381509/search/
cars,cifar10,FGSM,120,r2,0.16794622687386307,results/cars/cifar10/2026-09-24_09-41-05_65381509/search/
cars,cifar10,FGSM,120,hv_2obj,48.37460831351288,results/cars/cifar10/2026-09-24_09-41-05_65381509/search/
cars,cifar10,FGSM,160,hv,143832.1093759055,results/cars/cifar10/2026-09-24_09-41-05_65381509/search/
cars,cifar10,FGSM,160,r2,0.16683092024275226,results/cars/cifar10/2026-09-24_09-41-05_65381509/search/
cars,cifar10,FGSM,160,hv_2obj,48.58590109343648,results/cars/cifar10/2026-09-24_09-41-05_65381509/search/
cars,cifar10,FGSM,200,hv,144370.64851306126,results/cars/cifar10/2026-09-24_09-41-05_65381509/search/
cars,cifar10,FGSM,200,r2,0.16577140701556495,results/cars/cifar10/2026-09-24_09-41-05_65381509/search/
cars,cifar10,FGSM,200,hv_2obj,48.768297223586856,results/cars/cifar10/2026-09-24_09-41-05_65381509/search/
cars,cifar10,FGSM,240,hv,144594.39577528814,results/cars/cifar10/2026-09-24_09-41-05_65381509/search/
cars,cifar10,FGSM,240,r2,0.1652619925517176,results/cars/cifar10/2026-09-24_09-41-05_65381509/search/
cars,cifar10,FGSM,240,hv_2obj,48.84392165799671,results/cars/cifar10/2026-09-24_09-41-05_65381509/search/
cars,cifar10,FGSM,280,hv,144655.6012209491,results/cars/cifar10/2026-09-24_09-41-05_65381509/search/
cars,cifar10,FGSM,280,r2,0.16517750990090369,results/cars/cifar10/2026-09-24_09-41-05_65381509/search/
cars,cifar10,FGSM,280,hv_2obj,48.85819771074697,results/cars/cifar10/2026-09-24_09-41-05_65381509/search/
cars,cifar10,FGSM,320,hv,145104.2379471636,results/cars/cifar10/2026-09-24_09-41-05_65381509/search/
cars,cifar10,FGSM,320,r2,0.16437869186341472,results/cars/cifar10/2026-09-24_09-41-05_65381509/search/
cars,cifar10,FGSM,320,hv_2obj,49.01052769072281,results/cars/cifar10/2026-09-24_09-41-05_65381509/search/
cars,cifar10,FGSM,360,hv,145403.18038804265,results/cars/cifar10/2026-09-24_09-41-05_65381509/search/
cars,cifar10,FGSM,360,r2,0.16377484959330119,results/cars/cifar10/2026-09-24_09-41-05_65381509/search/
cars,cifar10,FGSM,360,hv_2obj,49.110500149790965,results/cars/cifar10/2026-09-24_09-41-05_65381509/search/
cars,cifar10,FGSM,400,hv,145572.35292818525,results/cars/cifar10/2026-09-24_09-41-05_65381509/search/
cars,cifar10,FGSM,400,r2,0.1634405381139314,results/cars/cifar10/2026-09-24_09-41-05_65381509/search/
cars,cifar10,FGSM,400,hv_2obj,49.16737954092367,results/cars/cifar10/2026-09-24_09-41-05_65381509/search/
cars,cifar10,FGSM,440,hv,145951.81885545602,results/cars/cifar10/2026-09-24_09-41-05_65381509/search/
cars,cifar10,FGSM,440,r2,0.16277769245673154,results/cars/cifar10/2026-09-24_09-41-05_65381509/search/
cars,cifar10,FGSM,440,hv_2obj,49.29515502946918,results/cars/cifar10/2026-09-24_09-41-05_65381509/search/
cars,cifar10,FGSM,480,hv,146434.62520712003,results/cars/cifar10/2026-09-24_09-41-05_65381509/search/
cars,cifar10,FGSM,480,r2,0.16186180108948117,results/cars/cifar10/2026-09-24_09-41-05_65381509/search/
cars,cifar10,FGSM,480,hv_2obj,49.45915893783091,results/cars/cifar10/2026-09-24_09-41-05_65381509/search/
cars,cifar10,FGSM,520,hv,146739.44469915263,results/cars/cifar10/2026-09-24_09-41-05_65381509/search/
cars,cifar10,FGSM,520,r2,0.16186180108948117,results/cars/cifar10/2026-09-24_09-41-05_65381509/search/
cars,cifar10,FGSM,520,hv_2obj,49.45942153614733,results/cars/cifar10/2026-09-24_09-41-05_65381509/search/
cars,cifar10,FGSM,560,hv,147005.27766218918,results/cars/cifar10/2026-09-24_09-41-05_65381509/search/
cars,cifar10,FGSM,560,r2,0.16134291225416872,results/cars/cifar10/2026-09-24_09-41-05_65381509/search/
cars,cifar10,FGSM,560,hv_2obj,49.5497845238748,results/cars/cifar10/2026-09-24_09-41-05_65381509/search/
cars,cifar10,FGSM,600,hv,147224.10758246548,results/cars/cifar10/2026-09-24_09-41-05_65381509/search/
cars,cifar10,FGSM,600,r2,0.16094193143365074,results/cars/cifar10/2026-09-24_09-41-05_65381509/search/
cars,cifar10,FGSM,600,hv_2obj,49.623037390778464,results/cars/cifar10/2026-09-24_09-41-05_65381509/search/
cars,cifar10,FGSM,640,hv,147704.44492059798,results/cars/cifar10/2026-09-24_09-41-05_65381509/search/
cars,cifar10,FGSM,640,r2,0.1608121701376492,results/cars/cifar10/2026-09-24_09-41-05_65381509/search/
cars,cifar10,FGSM,640,hv_2obj,49.642587961496154,results/cars/cifar10/2026-09-24_09-41-05_65381509/search/
cars,cifar10,FGSM,680,hv,147973.5455116181,results/cars/cifar10/2026-09-24_09-41-05_65381509/search/
cars,cifar10,FGSM,680,r2,0.1603431600964132,results/cars/cifar10/2026-09-24_09-41-05_65381509/search/
cars,cifar10,FGSM,680,hv_2obj,49.73427575672103,results/cars/cifar10/2026-09-24_09-41-05_65381509/search/
cars,cifar10,FGSM,720,hv,148070.00588539345,results/cars/cifar10/2026-09-24_09-41-05_65381509/search/
cars,cifar10,FGSM,720,r2,0.16015192939264905,results/cars/cifar10/2026-09-24_09-41-05_65381509/search/
cars,cifar10,FGSM,720,hv_2obj,49.76443554343385,results/cars/cifar10/2026-09-24_09-41-05_65381509/search/
cars,cifar10,FGSM,760,hv,148255.24730541828,results/cars/cifar10/2026-09-24_09-41-05_65381509/search/
cars,cifar10,FGSM,760,r2,0.15977820227303308,results/cars/cifar10/2026-09-24_09-41-05_65381509/search/
cars,cifar10,FGSM,760,hv_2obj,49.826831020831634,results/cars/cifar10/2026-09-24_09-41-05_65381509/search/
cars,cifar10,FGSM,800,hv,148452.5663879135,results/cars/cifar10/2026-09-24_09-41-05_65381509/search/
cars,cifar10,FGSM,800,r2,0.1594417017876157,results/cars/cifar10/2026-09-24_09-41-05_65381509/search/
cars,cifar10,FGSM,800,hv_2obj,49.89248361807594,results/cars/cifar10/2026-09-24_09-41-05_65381509/search/
cars,cifar10,FGSM,840,hv,148690.67541192996,results/cars/cifar10/2026-09-24_09-41-05_65381509/search/
cars,cifar10,FGSM,840,r2,0.15903156968500765,results/cars/cifar10/2026-09-24_09-41-05_65381509/search/
cars,cifar10,FGSM,840,hv_2obj,49.972363220059954,results/cars/cifar10/2026-09-24_09-41-05_65381509/search/
cars,cifar10,FGSM,880,hv,148794.0098721078,results/cars/cifar10/2026-09-24_09-41-05_65381509/search/
cars,cifar10,FGSM,880,r2,0.1588143636382927,results/cars/cifar10/2026-09-24_09-41-05_65381509/search/
cars,cifar10,FGSM,880,hv_2obj,50.00634491235604,results/cars/cifar10/2026-09-24_09-41-05_65381509/search/
cars,cifar10,FGSM,920,hv,149080.47851837575,results/cars/cifar10/2026-09-24_09-41-05_65381509/search/
cars,cifar10,FGSM,920,r2,0.15832065035197035,results/cars/cifar10/2026-09-24_09-41-05_65381509/search/
cars,cifar10,FGSM,920,hv_2obj,50.102229301123906,results/cars/cifar10/2026-09-24_09-41-05_65381509/search/
cars,cifar10,FGSM,960,hv,149388.15058181016,results/cars/cifar10/2026-09-24_09-41-05_65381509/search/
cars,cifar10,FGSM,960,r2,0.157895226531452,results/cars/cifar10/2026-09-24_09-41-05_65381509/search/
cars,cifar10,FGSM,960,hv_2obj,50.188951299202394,results/cars/cifar10/2026-09-24_09-41-05_65381509/search/
cars,cifar10,FGSM,1000,hv,149420.2414325154,results/cars/cifar10/2026-09-24_09-41-05_65381509/search/
cars,cifar10,FGSM,1000,r2,0.15782648619689787,results/cars/cifar10/2026-09-24_09-41-05_65381509/search/
cars,cifar10,FGSM,1000,hv_2obj,50.199500463225846,results/cars/cifar10/2026-09-24_09-41-05_65381509/search/
cars,cifar10,FGSM,1040,hv,149649.38867911187,results/cars/cifar10/2026-09-24_09-41-05_65381509/search/
cars,cifar10,FGSM,1040,r2,0.15737207658069483,results/cars/cifar10/2026-09-24_09-41-05_65381509/search/
cars,cifar10,FGSM,1040,hv_2obj,50.27684609368396,results/cars/cifar10/2026-09-24_09-41-05_65381509/search/
cars,cifar10,FGSM,1080,hv,149747.1936317488,results/cars/cifar10/2026-09-24_09-41-05_65381509/search/
cars,cifar10,FGSM,1080,r2,0.1571730597721513,results/cars/cifar10/2026-09-24_09-41-05_65381509/search/
cars,cifar10,FGSM,1080,hv_2obj,50.3097777844706,results/cars/cifar10/2026-09-24_09-41-05_65381509/search/
cars,cifar10,FGSM,1120,hv,149967.05345558163,results/cars/cifar10/2026-09-24_09-41-05_65381509/search/
cars,cifar10,FGSM,1120,r2,0.15709810484632056,results/cars/cifar10/2026-09-24_09-41-05_65381509/search/
cars,cifar10,FGSM,1120,hv_2obj,50.325655177530805,results/cars/cifar10/2026-09-24_09-41-05_65381509/search/
cars,cifar10,FGSM,1160,hv,150107.85153030936,results/cars/cifar10/2026-09-24_09-41-05_65381509/search/
cars,cifar10,FGSM,1160,r2,0.15680472264925446,results/cars/cifar10/2026-09-24_09-41-05_65381509/search/
cars,cifar10,FGSM,1160,hv_2obj,50.373459762286124,results/cars/cifar10/2026-09-24_09-41-05_65381509/search/
cars,cifar10,FGSM,1200,hv,150237.30216892227,results/cars/cifar10/2026-09-24_09-41-05_65381509/search/
cars,cifar10,FGSM,1200,r2,0.15659680315052535,results/cars/cifar10/2026-09-24_09-41-05_65381509/search/
cars,cifar10,FGSM,1200,hv_2obj,50.41719864329594,results/cars/cifar10/2026-09-24_09-41-05_65381509/search/
cars,cifar10,FGSM,0,hv,142683.22810826203,results/cars/cifar10/2026-09-24_18-32-49_27293207/search/
cars,cifar10,FGSM,0,r2,0.1689565708412328,results/cars/cifar10/2026-09-24_18-32-49_27293207/search/
cars,cifar10,FGSM,0,hv_2obj,48.19839244039316,results/cars/cifar10/2026-09-24_18-32-49_27293207/search/
cars,cifar10,FGSM,40,hv,142889.53406580037,results/cars/cifar10/2026-09-24_18-32-49_27293207/search/
cars,cifar10,FGSM,40,r2,0.16847154817399781,results/cars/cifar10/2026-09-24_18-32-49_27293207/search/
cars,cifar10,FGSM,40,hv_2obj,48.27092198645166,results/cars/cifar10/2026-09-24_18-32-49_27293207/search/
cars,cifar10,FGSM,80,hv,143575.01615285198,results/cars/cifar10/2026-09-24_18-32-49_27293207/search/
cars,cifar10,FGSM,80,r2,0.16727916446649138,results/cars/cifar10/2026-09-24_18-32-49_27293207/search/
cars,cifar10,FGSM,80,hv_2obj,48.502406419202174,results/cars/cifar10/2026-09-24_18-32-49_27293207/search/
cars,cifar10,FGSM,120,hv,143659.14646123306,results/cars/cifar10/2026-09-24_18-32-49_27293207/search/
cars,cifar10,FGSM,120,r2,0.16713308742587657,results/cars/cifar10/2026-09-24_18-32-49_27293207/search/
cars,cifar10,FGSM,120,hv_2obj,48.5250877149276,results/cars/cifar10/2026-09-24_18-32-49_27293207/search/
cars,cifar10,FGSM,160,hv,144094.8802768676,results/cars/cifar10/2026-09-24_18-32-49_27293207/search/
cars,cifar10,FGSM,160,r2,0.16631394411062397,results/cars/cifar10/2026-09-24_18-32-49_27293207/search/
cars,cifar10,FGSM,160,hv_2obj,48.67117264004879,results/cars/cifar10/2026-09-24_18-32-49_27293207/search/
cars,cifar10,FGSM,200,hv,144204.4088073771,results/cars/cifar10/2026-09-24_18-32-49_27293207/search/
cars,cifar10,FGSM,200,r2,0.16611727072683344,results/cars/cifar10/2026-09-24_18-32-49_27293207/search/
cars,cifar10,FGSM,200,hv_2obj,48.70558275065784,results/cars/cifar10/2026-09-24_18-32-49_27293207/search/
cars,cifar10,FGSM,240,hv,144807.85135597183,results/cars/cifar10/2026-09-24_18-32-49_27293207/search/
cars,cifar10,FGSM,240,r2,0.1655383855790784,results/cars/cifar10/2026-09-24_18-32-49_27293207/search/
cars,cifar10,FGSM,240,hv_2obj,48.80726598784707,results/cars/cifar10/2026-09-24_18-32-49_27293207/search/
cars,cifar10,FGSM,280,hv,145550.86218342275,results/cars/cifar10/2026-09-24_18-32-49_27293207/search/
cars,cifar10,FGSM,280,r2,0.16489866928077698,results/cars/cifar10/2026-09-24_18-32-49_27293207/search/
cars,cifar10,FGSM,280,hv_2obj,48.91874001745809,results/cars/cifar10/2026-09-24_18-32-49_27293207/search/
cars,cifar10,FGSM,320,hv,145909.6831325836,results/cars/cifar10/2026-09-24_18-32-49_27293207/search/
cars,cifar10,FGSM,320,r2,0.16425539353604382,results/cars/cifar10/2026-09-24_18-32-49_27293207/search/
cars,cifar10,FGSM,320,hv_2obj,49.039503221859384,results/cars/cifar10/2026-09-24_18-32-49_27293207/search/
cars,cifar10,FGSM,360,hv,146411.76800539708,results/cars/cifar10/2026-09-24_18-32-49_27293207/search/
cars,cifar10,FGSM,360,r2,0.1638270594620421,results/cars/cifar10/2026-09-24_18-32-49_27293207/search/
cars,cifar10,FGSM,360,hv_2obj,49.11292981784275,results/cars/cifar10/2026-09-24_18-32-49_27293207/search/
cars,cifar10,FGSM,400,hv,146661.04354145602,results/cars/cifar10/2026-09-24_18-32-49_27293207/search/
cars,cifar10,FGSM,400,r2,0.163386009966058,results/cars/cifar10/2026-09-24_18-32-49_27293207/search/
cars,cifar10,FGSM,400,hv_2obj,49.196357817317285,results/cars/cifar10/2026-09-24_18-32-49_27293207/search/
cars,cifar10,FGSM,440,hv,146823.9494517419,results/cars/cifar10/2026-09-24_18-32-49_27293207/search/
cars,cifar10,FGSM,440,r2,0.16305643937469047,results/cars/cifar10/2026-09-24_18-32-49_27293207/search/
cars,cifar10,FGSM,440,hv_2obj,49.2512497469462,results/cars/cifar10/2026-09-24_18-32-49_27293207/search/
cars,cifar10,FGSM,480,hv,147184.44194572757,results/cars/cifar10/2026-09-24_18-32-49_27293207/search/
cars,cifar10,FGSM,480,r2,0.16237933108736993,results/cars/cifar10/2026-09-24_18-32-49_27293207/search/
cars,cifar10,FGSM,480,hv_2obj,49.37222887847174,results/cars/cifar10/2026-09-24_18-32-49_27293207/search/
cars,cifar10,FGSM,520,hv,147867.24562065204,results/cars/cifar10/2026-09-24_18-32-49_27293207/search/
cars,cifar10,FGSM,520,r2,0.16188647228195524,results/cars/cifar10/2026-09-24_18-32-49_27293207/search/
cars,cifar10,FGSM,520,hv_2obj,49.46052735915931,results/cars/cifar10/2026-09-24_18-32-49_27293207/search/
cars,cifar10,FGSM,560,hv,147961.8536761293,results/cars/cifar10/2026-09-24_18-32-49_27293207/search/
cars,cifar10,FGSM,560,r2,0.16171823835418478,results/cars/cifar10/2026-09-24_18-32-49_27293207/search/
cars,cifar10,FGSM,560,hv_2obj,49.492798604462386,results/cars/cifar10/2026-09-24_18-32-49_27293207/search/
cars,cifar10,FGSM,600,hv,148238.36507631923,results/cars/cifar10/2026-09-24_18-32-49_27293207/search/
cars,cifar10,FGSM,600,r2,0.16122034867354412,results/cars/cifar10/2026-09-24_18-32-49_27293207/search/
cars,cifar10,FGSM,600,hv_2obj,49.58238043560147,results/cars/cifar10/2026-09-24_18-32-49_27293207/search/
cars,cifar10,FGSM,640,hv,148295.76078232977,results/cars/cifar10/2026-09-24_18-32-49_27293207/search/
cars,cifar10,FGSM,640,r2,0.1610899433517889,results/cars/cifar10/2026-09-24_18-32-49_27293207/search/
cars,cifar10,FGSM,640,hv_2obj,49.60220615275796,results/cars/cifar10/2026-09-24_18-32-49_27293207/search/
cars,cifar10,FGSM,680,hv,148677.97468030106,results/cars/cifar10/2026-09-24_18-32-49_27293207/search/
cars,cifar10,FGSM,680,r2,0.16047612934707595,results/cars/cifar10/2026-09-24_18-32-49_27293207/search/
cars,cifar10,FGSM,680,hv_2obj,49.71547077442339,results/cars/cifar10/2026-09-24_18-32-49_27293207/search/
cars,cifar10,FGSM,720,hv,148753.85506090464,results/cars/cifar10/2026-09-24_18-32-49_27293207/search/
cars,cifar10,FGSM,720,r2,0.16030687665977272,results/cars/cifar10/2026-09-24_18-32-49_27293207/search/
cars,cifar10,FGSM,720,hv_2obj,49.741154049056426,results/cars/cifar10/2026-09-24_18-32-49_27293207/search/
cars,cifar10,FGSM,760,hv,148827.20007562824,results/cars/cifar10/2026-09-24_18-32-49_27293207/search/
cars,cifar10,FGSM,760,r2,0.1601712496907579,results/cars/cifar10/2026-09-24_18-32-49_27293207/search/
cars,cifar10,FGSM,760,hv_2obj,49.7655421005952,results/cars/cifar10/2026-09-24_18-32-49_27293207/search/
cars,cifar10,FGSM,800,hv,148946.98596738983,results/cars/cifar10/2026-09-24_18-32-49_27293207/search/
cars,cifar10,FGSM,800,r2,0.15996378496600092,results/cars/cifar10/2026-09-24_18-32-49_27293207/search/
cars,cifar10,FGSM,800,hv_2obj,49.803110387221075,results/cars/cifar10/2026-09-24_18-32-49_27293207/search/
cars,cifar10,FGSM,840,hv,149259.2137029736,results/cars/cifar10/2026-09-24_18-32-49_27293207/search/
cars,cifar10,FGSM,840,r2,0.1593833246523601,results/cars/cifar10/2026-09-24_18-32-49_27293207/search/
cars,cifar10,FGSM,840,hv_2obj,49.908507223145534,results/cars/cifar10/2026-09-24_18-32-49_27293207/search/
cars,cifar10,FGSM,880,hv,149300.9081653971,results/cars/cifar10/2026-09-24_18-32-49_27293207/search/
cars,cifar10,FGSM,880,r2,0.15931833305081428,results/cars/cifar10/2026-09-24_18-32-49_27293207/search/
cars,cifar10,FGSM,880,hv_2obj,49.920984986598036,results/cars/cifar10/2026-09-24_18-32-49_27293207/search/
cars,cifar10,FGSM,920,hv,149571.33393412214,results/cars/cifar10/2026-09-24_18-32-49_27293207/search/
cars,cifar10,FGSM,920,r2,0.15879470878323879,results/cars/cifar10/2026-09-24_18-32-49_27293207/search/
cars,cifar10,FGSM,920,hv_2obj,50.01170051273149,results/cars/cifar10/2026-09-24_18-32-49_27293207/search/
cars,cifar10,FGSM,960,hv,149756.15884146627,results/cars/cifar10/2026-09-24_18-32-49_27293207/search/
cars,cifar10,FGSM,960,r2,0.1584830735802707,results/cars/cifar10/2026-09-24_18-32-49_27293207/search/
cars,cifar10,FGSM,960,hv_2obj,50.073438409496575,results/cars/cifar10/2026-09-24_18-32-49_27293207/search/
cars,cifar10,FGSM,1000,hv,150056.53989630844,results/cars/cifar10/2026-09-24_18-32-49_27293207/search/
cars,cifar10,FGSM,1000,r2,0.157933080620901,results/cars/cifar10/2026-09-24_18-32-49_27293207/search/
cars,cifar10,FGSM,1000,hv_2obj,50.17437572248418,results/cars/cifar10/2026-09-24_18-32-49_27293207/search/
cars,cifar10,FGSM,1040,hv,150360.22393349643,results/cars/cifar10/2026-09-24_18-32-49_27293207/search/
cars,cifar10,FGSM,1040,r2,0.15756038118280108,results/cars/cifar10/2026-09-24_18-32-49_27293207/search/
cars,cifar10,FGSM,1040,hv_2obj,50.24105838151511,results/cars/cifar10/2026-09-24_18-32-49_27293207/search/
cars,cifar10,FGSM,1080,hv,150360.69964781505,results/cars/cifar10/2026-09-24_18-32-49_27293207/search/
cars,cifar10,FGSM,1080,r2,0.15756038118280108,results/cars/cifar10/2026-09-24_18-32-49_27293207/search/
cars,cifar10,FGSM,1080,hv_2obj,50.24119692256836,results/cars/cifar10/2026-09-24_18-32-49_27293207/search/
cars,cifar10,FGSM,1120,hv,150553.51889280416,results/cars/cifar10/2026-09-24_18-32-49_27293207/search/
cars,cifar10,FGSM,1120,r2,0.1571665295303983,results/cars/cifar10/2026-09-24_18-32-49_27293207/search/
cars,cifar10,FGSM,1120,hv_2obj,50.306346461716664,results/cars/cifar10/2026-09-24_18-32-49_27293207/search/
cars,cifar10,FGSM,1160,hv,150939.34585224284,results/cars/cifar10/2026-09-24_18-32-49_27293207/search/
cars,cifar10,FGSM,1160,r2,0.15648374034184903,results/cars/cifar10/2026-09-24_18-32-49_27293207/search/
cars,cifar10,FGSM,1160,hv_2obj,50.43606802569136,results/cars/cifar10/2026-09-24_18-32-49_27293207/search/
cars,cifar10,FGSM,1200,hv,151023.29321717512,results/cars/cifar10/2026-09-24_18-32-49_27293207/search/
cars,cifar10,FGSM,1200,r2,0.156351037989814,results/cars/cifar10/2026-09-24_18-32-49_27293207/search/
cars,cifar10,FGSM,1200,hv_2obj,50.46399291732754,results/cars/cifar10/2026-09-24_18-32-49_27293207/search/
cars,cifar10,FGSM,0,hv,144053.24792594224,results/cars/cifar10/2026-09-25_02-02-53_27522793/search/
cars,cifar10,FGSM,0,r2,0.16657332644645567,results/cars/cifar10/2026-09-25_02-02-53_27522793/search/
cars,cifar10,FGSM,0,hv_2obj,48.65953540437788,results/cars/cifar10/2026-09-25_02-02-53_27522793/search/
cars,cifar10,FGSM,40,hv,144448.7388826417,results/cars/cifar10/2026-09-25_02-02-53_27522793/search/
cars,cifar10,FGSM,40,r2,0.16571744997239507,results/cars/cifar10/2026-09-25_02-02-53_27522793/search/
cars,cifar10,FGSM,40,hv_2obj,48.7974568889311,results/cars/cifar10/2026-09-25_02-02-53_27522793/search/
cars,cifar10,FGSM,80,hv,144584.11229450474,results/cars/cifar10/2026-09-25_02-02-53_27522793/search/
cars,cifar10,FGSM,80,r2,0.16550583250575598,results/cars/cifar10/2026-09-25_02-02-53_27522793/search/
cars,cifar10,FGSM,80,hv_2obj,48.842543610938336,results/cars/cifar10/2026-09-25_02-02-53_27522793/search/
cars,cifar10,FGSM,120,hv,145217.47533529185,results/cars/cifar10/2026-09-25_02-02-53_27522793/search/
cars,cifar10,FGSM,120,r2,0.16430366186141723,results/cars/cifar10/2026-09-25_02-02-53_27522793/search/
cars,cifar10,FGSM,120,hv_2obj,49.05540607518836,results/cars/cifar10/2026-09-25_02-02-53_27522793/search/
cars,cifar10,FGSM,160,hv,145585.36080777014,results/cars/cifar10/2026-09-25_02-02-53_27522793/search/
cars,cifar10,FGSM,160,r2,0.164016564318392,results/cars/cifar10/2026-09-25_02-02-53_27522793/search/
cars,cifar10,FGSM,160,hv_2obj,49.10781948083723,results/cars/cifar10/2026-09-25_02-02-53_27522793/search/
cars,cifar10,FGSM,200,hv,145982.6967521531,results/cars/cifar10/2026-09-25_02-02-53_27522793/search/
cars,cifar10,FGSM,200,r2,0.16326809980594087,results/cars/cifar10/2026-09-25_02-02-53_27522793/search/
cars,cifar10,FGSM,200,hv_2obj,49.23960776180361,results/cars/cifar10/2026-09-25_02-02-53_27522793/search/
cars,cifar10,FGSM,240,hv,146186.85526087397,results/cars/cifar10/2026-09-25_02-02-53_27522793/search/
cars,cifar10,FGSM,240,r2,0.16283202203218114,results/cars/cifar10/2026-09-25_02-02-53_27522793/search/
cars,cifar10,FGSM,240,hv_2obj,49.30510692564631,results/cars/cifar10/2026-09-25_02-02-53_27522793/search/
cars,cifar10,FGSM,280,hv,146269.7457356286,results/cars/cifar10/2026-09-25_02-02-53_27522793/search/
cars,cifar10,FGSM,280,r2,0.16264869575045432,results/cars/cifar10/2026-09-25_02-02-53_27522793/search/
cars,cifar10,FGSM,280,hv_2obj,49.33290713661101,results/cars/cifar10/2026-09-25_02-02-53_27522793/search/
cars,cifar10,FGSM,320,hv,146461.21792167446,results/cars/cifar10/2026-09-25_02-02-53_27522793/search/
cars,cifar10,FGSM,320,r2,0.16228376079332069,results/cars/cifar10/2026-09-25_02-02-53_27522793/search/
cars,cifar10,FGSM,320,hv_2obj,49.3955646485756,results/cars/cifar10/2026-09-25_02-02-53_27522793/search/
cars,cifar10,FGSM,360,hv,146805.28856594255,results/cars/cifar10/2026-09-25_02-02-53_27522793/search/
cars,cifar10,FGSM,360,r2,0.16163314757330977,results/cars/cifar10/2026-09-25_02-02-53_27522793/search/
cars,cifar10,FGSM,360,hv_2obj,49.51328276083683,results/cars/cifar10/2026-09-25_02-02-53_27522793/search/
cars,cifar10,FGSM,400,hv,146990.396393467,results/cars/cifar10/2026-09-25_02-02-53_27522793/search/
cars,cifar10,FGSM,400,r2,0.1613246885507864,results/cars/cifar10/2026-09-25_02-02-53_27522793/search/
cars,cifar10,FGSM,400,hv_2obj,49.57741137254983,results/cars/cifar10/2026-09-25_02-02-53_27522793/search/
cars,cifar10,FGSM,440,hv,147181.946287194,results/cars/cifar10/2026-09-25_02-02-53_27522793/search/
cars,cifar10,FGSM,440,r2,0.16089840328754457,results/cars/cifar10/2026-09-25_02-02-53_27522793/search/
cars,cifar10,FGSM,440,hv_2obj,49.64150632733311,results/cars/cifar10/2026-09-25_02-02-53_27522793/search/
cars,cifar10,FGSM,480,hv,147520.87361853605,results/cars/cifar10/2026-09-25_02-02-53_27522793/search/
cars,cifar10,FGSM,480,r2,0.16031503308108014,results/cars/cifar10/2026-09-25_02-02-53_27522793/search/
cars,cifar10,FGSM,480,hv_2obj,49.75466817806843,results/cars/cifar10/2026-09-25_02-02-53_27522793/search/
cars,cifar10,FGSM,520,hv,148128.81454025276,results/cars/cifar10/2026-09-25_02-02-53_27522793/search/
cars,cifar10,FGSM,520,r2,0.1597791742834092,results/cars/cifar10/2026-09-25_02-02-53_27522793/search/
cars,cifar10,FGSM,520,hv_2obj,49.84592272380309,results/cars/cifar10/2026-09-25_02-02-53_27522793/search/
cars,cifar10,FGSM,560,hv,148213.33778291545,results/cars/cifar10/2026-09-25_02-02-53_27522793/search/
cars,cifar10,FGSM,560,r2,0.15964622046083982,results/cars/cifar10/2026-09-25_02-02-53_27522793/search/
cars,cifar10,FGSM,560,hv_2obj,49.87407696095983,results/cars/cifar10/2026-09-25_02-02-53_27522793/search/
cars,cifar10,FGSM,600,hv,148254.92693098928,results/cars/cifar10/2026-09-25_02-02-53_27522793/search/
cars,cifar10,FGSM,600,r2,0.15956374145861035,results/cars/cifar10/2026-09-25_02-02-53_27522793/search/
cars,cifar10,FGSM,600,hv_2obj,49.887362313719066,results/cars/cifar10/2026-09-25_02-02-53_27522793/search/
cars,cifar10,FGSM,640,hv,148459.83380561418,results/cars/cifar10/2026-09-25_02-02-53_27522793/search/
cars,cifar10,FGSM,640,r2,0.15909800233091353,results/cars/cifar10/2026-09-25_02-02-53_27522793/search/
cars,cifar10,FGSM,640,hv_2obj,49.95717944072196,results/cars/cifar10/2026-09-25_02-02-53_27522793/search/
cars,cifar10,FGSM,680,hv,148762.94177317753,results/cars/cifar10/2026-09-25_02-02-53_27522793/search/
cars,cifar10,FGSM,680,r2,0.15874665991966658,results/cars/cifar10/2026-09-25_02-02-53_27522793/search/
cars,cifar10,FGSM,680,hv_2obj,50.01709771311607,results/cars/cifar10/2026-09-25_02-02-53_27522793/search/
cars,cifar10,FGSM,720,hv,149103.34084444182,results/cars/cifar10/2026-09-25_02-02-53_27522793/search/
cars,cifar10,FGSM,720,r2,0.15818038143268004,results/cars/cifar10/2026-09-25_02-02-53_27522793/search/
cars,cifar10,FGSM,720,hv_2obj,50.132388660776435,results/cars/cifar10/2026-09-25_02-02-53_27522793/search/
cars,cifar10,FGSM,760,hv,149228.86041667627,results/cars/cifar10/2026-09-25_02-02-53_27522793/search/
cars,cifar10,FGSM,760,r2,0.15796906000490826,results/cars/cifar10/2026-09-25_02-02-53_27522793/search/
cars,cifar10,FGSM,760,hv_2obj,50.17333243900046,results/cars/cifar10/2026-09-25_02-02-53_27522793/search/
cars,cifar10,FGSM,800,hv,149438.25489850098,results/cars/cifar10/2026-09-25_02-02-53_27522793/search/
cars,cifar10,FGSM,800,r2,0.15757562125487362,results/cars/cifar10/2026-09-25_02-02-53_27522793/search/
cars,cifar10,FGSM,800,hv_2obj,50.2444543414948,results/cars/cifar10/2026-09-25_02-02-53_27522793/search/
cars,cifar10,FGSM,840,hv,149516.68171071995,results/cars/cifar10/2026-09-25_02-02-53_27522793/search/
cars,cifar10,FGSM,840,r2,0.15740426572471714,results/cars/cifar10/2026-09-25_02-02-53_27522793/search/
cars,cifar10,FGSM,840,hv_2obj,50.27030640416697,results/cars/cifar10/2026-09-25_02-02-53_27522793/search/
cars,cifar10,FGSM,880,hv,149655.32467214222,results/cars/cifar10/2026-09-25_02-02-53_27522793/search/
cars,cifar10,FGSM,880,r2,0.15718164486049668,results/cars/cifar10/2026-09-25_02-02-53_27522793/search/
cars,cifar10,FGSM,880,hv_2obj,50.31711386800628,results/cars/cifar10/2026-09-25_02-02-53_27522793/search/
cars,cifar10,FGSM,920,hv,149793.19062910517,results/cars/cifar10/2026-09-25_02-02-53_27522793/search/
cars,cifar10,FGSM,920,r2,0.15693438888387212,results/cars/cifar10/2026-09-25_02-02-53_27522793/search/
cars,cifar10,FGSM,920,hv_2obj,50.363304636513455,results/cars/cifar10/2026-09-25_02-02-53_27522793/search/
cars,cifar10,FGSM,960,hv,149969.22865328036,results/cars/cifar10/2026-09-25_02-02-53_27522793/search/
cars,cifar10,FGSM,960,r2,0.15656345265649538,results/cars/cifar10/2026-09-25_02-02-53_27522793/search/
cars,cifar10,FGSM,960,hv_2obj,50.4236634233469,results/cars/cifar10/2026-09-25_02-02-53_27522793/search/
cars,cifar10,FGSM,1000,hv,150094.21803942876,results/cars/cifar10/2026-09-25_02-02-53_27522793/search/
cars,cifar10,FGSM,1000,r2,0.15637824841864906,results/cars/cifar10/2026-09-25_02-02-53_27522793/search/
cars,cifar10,FGSM,1000,hv_2obj,50.45348679037209,results/cars/cifar10/2026-09-25_02-02-53_27522793/search/
cars,cifar10,FGSM,1040,hv,150106.77931824353,results/cars/cifar10/2026-09-25_02-02-53_27522793/search/
cars,cifar10,FGSM,1040,r2,0.15635889509369724,results/cars/cifar10/2026-09-25_02-02-53_27522793/search/
cars,cifar10,FGSM,1040,hv_2obj,50.456900023276525,results/cars/cifar10/2026-09-25_02-02-53_27522793/search/
cars,cifar10,FGSM,1080,hv,150425.5964929637,results/cars/cifar10/2026-09-25_02-02-53_27522793/search/
cars,cifar10,FGSM,1080,r2,0.15576299910786762,results/cars/cifar10/2026-09-25_02-02-53_27522793/search/
cars,cifar10,FGSM,1080,hv_2obj,50.56607583424532,results/cars/cifar10/2026-09-25_02-02-53_27522793/search/
cars,cifar10,FGSM,1120,hv,150743.09768205657,results/cars/cifar10/2026-09-25_02-02-53_27522793/search/
cars,cifar10,FGSM,1120,r2,0.1555415769053335,results/cars/cifar10/2026-09-25_02-02-53_27522793/search/
cars,cifar10,FGSM,1120,hv_2obj,50.612761986489424,results/cars/cifar10/2026-09-25_02-02-53_27522793/search/
cars,cifar10,FGSM,1160,hv,150744.156556132,results/cars/cifar10/2026-09-25_02-02-53_27522793/search/
cars,cifar10,FGSM,1160,r2,0.1555415769053335,results/cars/cifar10/2026-09-25_02-02-53_27522793/search/
cars,cifar10,FGSM,1160,hv_2obj,50.61282259366,results/cars/cifar10/2026-09-25_02-02-53_27522793/search/
cars,cifar10,FGSM,1200,hv,150747.54860506603,results/cars/cifar10/2026-09-25_02-02-53_27522793/search/
cars,cifar10,FGSM,1200,r2,0.1555415769053335,results/cars/cifar10/2026-09-25_02-02-53_27522793/search/
cars,cifar10,FGSM,1200,hv_2obj,50.61314085789879,results/cars/cifar10/2026-09-25_02-02-53_27522793/search/
cars,cifar100,FGSM,0,hv,61391.90860592292,results/cars/cifar100/2026-09-25_18-24-31_18906049/search/
cars,cifar100,FGSM,0,r2,0.36103623402703056,results/cars/cifar100/2026-09-25_18-24-31_18906049/search/
cars,cifar100,FGSM,0,hv_2obj,20.811523119753492,results/cars/cifar100/2026-09-25_18-24-31_18906049/search/
cars,cifar100,FGSM,40,hv,61719.06281990018,results/cars/cifar100/2026-09-25_18-24-31_18906049/search/
cars,cifar100,FGSM,40,r2,0.36020951418046515,results/cars/cifar100/2026-09-25_18-24-31_18906049/search/
cars,cifar100,FGSM,40,hv_2obj,20.9165982743265,results/cars/cifar100/2026-09-25_18-24-31_18906049/search/
cars,cifar100,FGSM,80,hv,62018.35763080356,results/cars/cifar100/2026-09-25_18-24-31_18906049/search/
cars,cifar100,FGSM,80,r2,0.3593572252887839,results/cars/cifar100/2026-09-25_18-24-31_18906049/search/
cars,cifar100,FGSM,80,hv_2obj,21.01759605342706,results/cars/cifar100/2026-09-25_18-24-31_18906049/search/
cars,cifar100,FGSM,120,hv,62392.57257740334,results/cars/cifar100/2026-09-25_18-24-31_18906049/search/
cars,cifar100,FGSM,120,r2,0.35831507458508344,results/cars/cifar100/2026-09-25_18-24-31_18906049/search/
cars,cifar100,FGSM,120,hv_2obj,21.142486388705773,results/cars/cifar100/2026-09-25_18-24-31_18906049/search/
cars,cifar100,FGSM,160,hv,62784.41552137338,results/cars/cifar100/2026-09-25_18-24-31_18906049/search/
cars,cifar100,FGSM,160,r2,0.3573470042113349,results/cars/cifar100/2026-09-25_18-24-31_18906049/search/
cars,cifar100,FGSM,160,hv_2obj,21.253712593757324,results/cars/cifar100/2026-09-25_18-24-31_18906049/search/
cars,cifar100,FGSM,200,hv,63132.625769254715,results/cars/cifar100/2026-09-25_18-24-31_18906049/search/
cars,cifar100,FGSM,200,r2,0.35634929355824013,results/cars/cifar100/2026-09-25_18-24-31_18906049/search/
cars,cifar100,FGSM,200,hv_2obj,21.372476835008978,results/cars/cifar100/2026-09-25_18-24-31_18906049/search/
cars,cifar100,FGSM,240,hv,63646.95454147745,results/cars/cifar100/2026-09-25_18-24-31_18906049/search/
cars,cifar100,FGSM,240,r2,0.3549590583206702,results/cars/cifar100/2026-09-25_18-24-31_18906049/search/
cars,cifar100,FGSM,240,hv_2obj,21.54679183133051,results/cars/cifar100/2026-09-25_18-24-31_18906049/search/
cars,cifar100,FGSM,280,hv,64162.75546966898,results/cars/cifar100/2026-09-25_18-24-31_18906049/search/
cars,cifar100,FGSM,280,r2,0.3535494858514309,results/cars/cifar100/2026-09-25_18-24-31_18906049/search/
cars,cifar100,FGSM,280,hv_2obj,21.719056416852645,results/cars/cifar100/2026-09-25_18-24-31_18906049/search/
cars,cifar100,FGSM,320,hv,64822.7623015332,results/cars/cifar100/2026-09-25_18-24-31_18906049/search/
cars,cifar100,FGSM,320,r2,0.3517525544128994,results/cars/cifar100/2026-09-25_18-24-31_18906049/search/
cars,cifar100,FGSM,320,hv_2obj,21.941134946678435,results/cars/cifar100/2026-09-25_18-24-31_18906049/search/
cars,cifar100,FGSM,360,hv,65432.608719589974,results/cars/cifar100/2026-09-25_18-24-31_18906049/search/
cars,cifar100,FGSM,360,r2,0.34997846663407095,results/cars/cifar100/2026-09-25_18-24-31_18906049/search/
cars,cifar100,FGSM,360,hv_2obj,22.148289926161464,results/cars/cifar100/2026-09-25_18-24-31_18906049/search/
cars,cifar100,FGSM,400,hv,65945.36627282469,results/cars/cifar100/2026-09-25_18-24-31_18906049/search/
cars,cifar100,FGSM,400,r2,0.34845170541541826,results/cars/cifar100/2026-09-25_18-24-31_18906049/search/
cars,cifar100,FGSM,400,hv_2obj,22.320468903235014,results/cars/cifar100/2026-09-25_18-24-31_18906049/search/
cars,cifar100,FGSM,440,hv,66215.90700690172,results/cars/cifar100/2026-09-25_18-24-31_18906049/search/
cars,cifar100,FGSM,440,r2,0.34793142606542754,results/cars/cifar100/2026-09-25_18-24-31_18906049/search/
cars,cifar100,FGSM,440,hv_2obj,22.38693239668924,results/cars/cifar100/2026-09-25_18-24-31_18906049/search/
cars,cifar100,FGSM,480,hv,66599.02300596153,results/cars/cifar100/2026-09-25_18-24-31_18906049/search/
cars,cifar100,FGSM,480,r2,0.34685422505389807,results/cars/cifar100/2026-09-25_18-24-31_18906049/search/
cars,cifar100,FGSM,480,hv_2obj,22.517850351798717,results/cars/cifar100/2026-09-25_18-24-31_18906049/search/
cars,cifar100,FGSM,520,hv,66817.8726174208,results/cars/cifar100/2026-09-25_18-24-31_18906049/search/
cars,cifar100,FGSM,520,r2,0.3462535805796353,results/cars/cifar100/2026-09-25_18-24-31_18906049/search/
cars,cifar100,FGSM,520,hv_2obj,22.591249805333142,results/cars/cifar100/2026-09-25_18-24-31_18906049/search/
cars,cifar100,FGSM,560,hv,66927.87265970849,results/cars/cifar100/2026-09-25_18-24-31_18906049/search/
cars,cifar100,FGSM,560,r2,0.3459959338359787,results/cars/cifar100/2026-09-25_18-24-31_18906049/search/
cars,cifar100,FGSM,560,hv_2obj,22.62735012354626,results/cars/cifar100/2026-09-25_18-24-31_18906049/search/
cars,cifar100,FGSM,600,hv,67013.51248983128,results/cars/cifar100/2026-09-25_18-24-31_18906049/search/
cars,cifar100,FGSM,600,r2,0.3457903154887597,results/cars/cifar100/2026-09-25_18-24-31_18906049/search/
cars,cifar100,FGSM,600,hv_2obj,22.656258962291016,results/cars/cifar100/2026-09-25_18-24-31_18906049/search/
cars,cifar100,FGSM,640,hv,67080.96993380703,results/cars/cifar100/2026-09-25_18-24-31_18906049/search/
cars,cifar100,FGSM,640,r2,0.345629578021924,results/cars/cifar100/2026-09-25_18-24-31_18906049/search/
cars,cifar100,FGSM,640,hv_2obj,22.679096773177413,results/cars/cifar100/2026-09-25_18-24-31_18906049/search/
cars,cifar100,FGSM,680,hv,67293.81720437131,results/cars/cifar100/2026-09-25_18-24-31_18906049/search/
cars,cifar100,FGSM,680,r2,0.3450792907632646,results/cars/cifar100/2026-09-25_18-24-31_18906049/search/
cars,cifar100,FGSM,680,hv_2obj,22.751356508075848,results/cars/cifar100/2026-09-25_18-24-31_18906049/search/
cars,cifar100,FGSM,720,hv,67621.69666776151,results/cars/cifar100/2026-09-25_18-24-31_18906049/search/
cars,cifar100,FGSM,720,r2,0.3441370232524742,results/cars/cifar100/2026-09-25_18-24-31_18906049/search/
cars,cifar100,FGSM,720,hv_2obj,22.863376906663984,results/cars/cifar100/2026-09-25_18-24-31_18906049/search/
cars,cifar100,FGSM,760,hv,67653.5157037324,results/cars/cifar100/2026-09-25_18-24-31_18906049/search/
cars,cifar100,FGSM,760,r2,0.3440715668234359,results/cars/cifar100/2026-09-25_18-24-31_18906049/search/
cars,cifar100,FGSM,760,hv_2obj,22.87298839589181,results/cars/cifar100/2026-09-25_18-24-31_18906049/search/
cars,cifar100,FGSM,800,hv,67721.5567133635,results/cars/cifar100/2026-09-25_18-24-31_18906049/search/
cars,cifar100,FGSM,800,r2,0.34391411227464486,results/cars/cifar100/2026-09-25_18-24-31_18906049/search/
cars,cifar100,FGSM,800,hv_2obj,22.89517285044429,results/cars/cifar100/2026-09-25_18-24-31_18906049/search/
cars,cifar100,FGSM,840,hv,67885.54811539949,results/cars/cifar100/2026-09-25_18-24-31_18906049/search/
cars,cifar100,FGSM,840,r2,0.34342978360480875,results/cars/cifar100/2026-09-25_18-24-31_18906049/search/
cars,cifar100,FGSM,840,hv_2obj,22.950010208597188,results/cars/cifar100/2026-09-25_18-24-31_18906049/search/
cars,cifar100,FGSM,880,hv,67969.9077637842,results/cars/cifar100/2026-09-25_18-24-31_18906049/search/
cars,cifar100,FGSM,880,r2,0.34322373379168164,results/cars/cifar100/2026-09-25_18-24-31_18906049/search/
cars,cifar100,FGSM,880,hv_2obj,22.979010781054612,results/cars/cifar100/2026-09-25_18-24-31_18906049/search/
cars,cifar100,FGSM,920,hv,68005.11729847778,results/cars/cifar100/2026-09-25_18-24-31_18906049/search/
cars,cifar100,FGSM,920,r2,0.34316957857339364,results/cars/cifar100/2026-09-25_18-24-31_18906049/search/
cars,cifar100,FGSM,920,hv_2obj,22.986611285000233,results/cars/cifar100/2026-09-25_18-24-31_18906049/search/
cars,cifar100,FGSM,960,hv,68090.3772933407,results/cars/cifar100/2026-09-25_18-24-31_18906049/search/
cars,cifar100,FGSM,960,r2,0.342963118504467,results/cars/cifar100/2026-09-25_18-24-31_18906049/search/
cars,cifar100,FGSM,960,hv_2obj,23.01587648899743,results/cars/cifar100/2026-09-25_18-24-31_18906049/search/
cars,cifar100,FGSM,1000,hv,68311.46679848034,results/cars/cifar100/2026-09-25_18-24-31_18906049/search/
cars,cifar100,FGSM,1000,r2,0.3423682901721355,results/cars/cifar100/2026-09-25_18-24-31_18906049/search/
cars,cifar100,FGSM,1000,hv_2obj,23.090634270602383,results/cars/cifar100/2026-09-25_18-24-31_18906049/search/
cars,cifar100,FGSM,1040,hv,68563.96992509456,results/cars/cifar100/2026-09-25_18-24-31_18906049/search/
cars,cifar100,FGSM,1040,r2,0.34165711576884694,results/cars/cifar100/2026-09-25_18-24-31_18906049/search/
cars,cifar100,FGSM,1040,hv_2obj,23.175687044314405,results/cars/cifar100/2026-09-25_18-24-31_18906049/search/
cars,cifar100,FGSM,1080,hv,68624.99625155792,results/cars/cifar100/2026-09-25_18-24-31_18906049/search/
cars,cifar100,FGSM,1080,r2,0.34151594651578165,results/cars/cifar100/2026-09-25_18-24-31_18906049/search/
cars,cifar100,FGSM,1080,hv_2obj,23.195894068705115,results/cars/cifar100/2026-09-25_18-24-31_18906049/search/
cars,cifar100,FGSM,1120,hv,68634.68556512271,results/cars/cifar100/2026-09-25_18-24-31_18906049/search/
cars,cifar100,FGSM,1120,r2,0.3414995222633606,results/cars/cifar100/2026-09-25_18-24-31_18906049/search/
cars,cifar100,FGSM,1120,hv_2obj,23.197930718255183,results/cars/cifar100/2026-09-25_18-24-31_18906049/search/
cars,cifar100,FGSM,1160,hv,68641.7008146966,results/cars/cifar100/2026-09-25_18-24-31_18906049/search/
cars,cifar100,FGSM,1160,r2,0.3414838302695772,results/cars/cifar100/2026-09-25_18-24-31_18906049/search/
cars,cifar100,FGSM,1160,hv_2obj,23.20017614791794,results/cars/cifar100/2026-09-25_18-24-31_18906049/search/
cars,cifar100,FGSM,1200,hv,68812.97502588715,results/cars/cifar100/2026-09-25_18-24-31_18906049/search/
cars,cifar100,FGSM,1200,r2,0.34107331007004127,results/cars/cifar100/2026-09-25_18-24-31_18906049/search/
cars,cifar100,FGSM,1200,hv_2obj,23.257984328402067,results/cars/cifar100/2026-09-25_18-24-31_18906049/search/
cars,cifar100,FGSM,0,hv,63571.452754865284,results/cars/cifar100/2026-09-26_07-01-28_15798821/search/
cars,cifar100,FGSM,0,r2,0.35495775966107296,results/cars/cifar100/2026-09-26_07-01-28_15798821/search/
cars,cifar100,FGSM,0,hv_2obj,21.55045774748764,results/cars/cifar100/2026-09-26_07-01-28_15798821/search/
cars,cifar100,FGSM,40,hv,63940.60616797901,results/cars/cifar100/2026-09-26_07-01-28_15798821/search/
cars,cifar100,FGSM,40,r2,0.3542617776314182,results/cars/cifar100/2026-09-26_07-01-28_15798821/search/
cars,cifar100,FGSM,40,hv_2obj,21.633282196904347,results/cars/cifar100/2026-09-26_07-01-28_15798821/search/
cars,cifar100,FGSM,80,hv,63975.203051139695,results/cars/cifar100/2026-09-26_07-01-28_15798821/search/
cars,cifar100,FGSM,80,r2,0.35419794159656837,results/cars/cifar100/2026-09-26_07-01-28_15798821/search/
cars,cifar100,FGSM,80,hv_2obj,21.642442241656553,results/cars/cifar100/2026-09-26_07-01-28_15798821/search/
cars,cifar100,FGSM,120,hv,64516.27851170213,results/cars/cifar100/2026-09-26_07-01-28_15798821/search/
cars,cifar100,FGSM,120,r2,0.3527155723036925,results/cars/cifar100/2026-09-26_07-01-28_15798821/search/
cars,cifar100,FGSM,120,hv_2obj,21.815260430865838,results/cars/cifar100/2026-09-26_07-01-28_15798821/search/
cars,cifar100,FGSM,160,hv,64703.66903331424,results/cars/cifar100/2026-09-26_07-01-28_15798821/search/
cars,cifar100,FGSM,160,r2,0.3522151106450588,results/cars/cifar100/2026-09-26_07-01-28_15798821/search/
cars,cifar100,FGSM,160,hv_2obj,21.880585466263586,results/cars/cifar100/2026-09-26_07-01-28_15798821/search/
cars,cifar100,FGSM,200,hv,65105.74073471786,results/cars/cifar100/2026-09-26_07-01-28_15798821/search/
cars,cifar100,FGSM,200,r2,0.35104797398767273,results/cars/cifar100/2026-09-26_07-01-28_15798821/search/
cars,cifar100,FGSM,200,hv_2obj,22.017213455971632,results/cars/cifar100/2026-09-26_07-01-28_15798821/search/
cars,cifar100,FGSM,240,hv,65439.02405714588,results/cars/cifar100/2026-09-26_07-01-28_15798821/search/
cars,cifar100,FGSM,240,r2,0.35012093280722756,results/cars/cifar100/2026-09-26_07-01-28_15798821/search/
cars,cifar100,FGSM,240,hv_2obj,22.130462304073443,results/cars/cifar100/2026-09-26_07-01-28_15798821/search/
cars,cifar100,FGSM,280,hv,65725.2830618962,results/cars/cifar100/2026-09-26_07-01-28_15798821/search/
cars,cifar100,FGSM,280,r2,0.3493258513618447,results/cars/cifar100/2026-09-26_07-01-28_15798821/search/
cars,cifar100,FGSM,280,hv_2obj,22.22156216192736,results/cars/cifar100/2026-09-26_07-01-28_15798821/search/
cars,cifar100,FGSM,320,hv,66187.41491319853,results/cars/cifar100/2026-09-26_07-01-28_15798821/search/
cars,cifar100,FGSM,320,r2,0.34829795185411083,results/cars/cifar100/2026-09-26_07-01-28_15798821/search/
cars,cifar100,FGSM,320,hv_2obj,22.35161878327151,results/cars/cifar100/2026-09-26_07-01-28_15798821/search/
cars,cifar100,FGSM,360,hv,66409.26435767456,results/cars/cifar100/2026-09-26_07-01-28_15798821/search/
cars,cifar100,FGSM,360,r2,0.34768085905026486,results/cars/cifar100/2026-09-26_07-01-28_15798821/search/
cars,cifar100,FGSM,360,hv_2obj,22.42297292892147,results/cars/cifar100/2026-09-26_07-01-28_15798821/search/
cars,cifar100,FGSM,400,hv,66807.30936037234,results/cars/cifar100/2026-09-26_07-01-28_15798821/search/
cars,cifar100,FGSM,400,r2,0.3468408944945909,results/cars/cifar100/2026-09-26_07-01-28_15798821/search/
cars,cifar100,FGSM,400,hv_2obj,22.52584393982445,results/cars/cifar100/2026-09-26_07-01-28_15798821/search/
cars,cifar100,FGSM,440,hv,66979.0761667139,results/cars/cifar100/2026-09-26_07-01-28_15798821/search/
cars,cifar100,FGSM,440,r2,0.34637974572934327,results/cars/cifar100/2026-09-26_07-01-28_15798821/search/
cars,cifar100,FGSM,440,hv_2obj,22.585144949894755,results/cars/cifar100/2026-09-26_07-01-28_15798821/search/
cars,cifar100,FGSM,480,hv,67344.75432440196,results/cars/cifar100/2026-09-26_07-01-28_15798821/search/
cars,cifar100,FGSM,480,r2,0.34526152795044895,results/cars/cifar100/2026-09-26_07-01-28_15798821/search/
cars,cifar100,FGSM,480,hv_2obj,22.710464636643707,results/cars/cifar100/2026-09-26_07-01-28_15798821/search/
cars,cifar100,FGSM,520,hv,67529.77260131329,results/cars/cifar100/2026-09-26_07-01-28_15798821/search/
cars,cifar100,FGSM,520,r2,0.34486275786053744,results/cars/cifar100/2026-09-26_07-01-28_15798821/search/
cars,cifar100,FGSM,520,hv_2obj,22.7670662512085,results/cars/cifar100/2026-09-26_07-01-28_15798821/search/
cars,cifar100,FGSM,560,hv,67684.06348216743,results/cars/cifar100/2026-09-26_07-01-28_15798821/search/
cars,cifar100,FGSM,560,r2,0.34462040724431675,results/cars/cifar100/2026-09-26_07-01-28_15798821/search/
cars,cifar100,FGSM,560,hv_2obj,22.800318207037733,results/cars/cifar100/2026-09-26_07-01-28_15798821/search/
cars,cifar100,FGSM,600,hv,67902.75903583226,results/cars/cifar100/2026-09-26_07-01-28_15798821/search/
cars,cifar100,FGSM,600,r2,0.34399438977948515,results/cars/cifar100/2026-09-26_07-01-28_15798821/search/
cars,cifar100,FGSM,600,hv_2obj,22.874081473648335,results/cars/cifar100/2026-09-26_07-01-28_15798821/search/
cars,cifar100,FGSM,640,hv,68368.92452081351,results/cars/cifar100/2026-09-26_07-01-28_15798821/search/
cars,cifar100,FGSM,640,r2,0.34295783622090903,results/cars/cifar100/2026-09-26_07-01-28_15798821/search/
cars,cifar100,FGSM,640,hv_2obj,23.003300086351736,results/cars/cifar100/2026-09-26_07-01-28_15798821/search/
cars,cifar100,FGSM,680,hv,68457.28541113895,results/cars/cifar100/2026-09-26_07-01-28_15798821/search/
cars,cifar100,FGSM,680,r2,0.3427118851897828,results/cars/cifar100/2026-09-26_07-01-28_15798821/search/
cars,cifar100,FGSM,680,hv_2obj,23.028642088305617,results/cars/cifar100/2026-09-26_07-01-28_15798821/search/
cars,cifar100,FGSM,720,hv,68608.49303908093,results/cars/cifar100/2026-09-26_07-01-28_15798821/search/
cars,cifar100,FGSM,720,r2,0.34235396954621045,results/cars/cifar100/2026-09-26_07-01-28_15798821/search/
cars,cifar100,FGSM,720,hv_2obj,23.079699602418174,results/cars/cifar100/2026-09-26_07-01-28_15798821/search/
cars,cifar100,FGSM,760,hv,68812.9690859071,results/cars/cifar100/2026-09-26_07-01-28_15798821/search/
cars,cifar100,FGSM,760,r2,0.34180931411482585,results/cars/cifar100/2026-09-26_07-01-28_15798821/search/
cars,cifar100,FGSM,760,hv_2obj,23.148576242248808,results/cars/cifar100/2026-09-26_07-01-28_15798821/search/
cars,cifar100,FGSM,800,hv,69067.87343880486,results/cars/cifar100/2026-09-26_07-01-28_15798821/search/
cars,cifar100,FGSM,800,r2,0.341163368247535,results/cars/cifar100/2026-09-26_07-01-28_15798821/search/
cars,cifar100,FGSM,800,hv_2obj,23.233432193131318,results/cars/cifar100/2026-09-26_07-01-28_15798821/search/
cars,cifar100,FGSM,840,hv,69160.34225101866,results/cars/cifar100/2026-09-26_07-01-28_15798821/search/
cars,cifar100,FGSM,840,r2,0.34089478729958916,results/cars/cifar100/2026-09-26_07-01-28_15798821/search/
cars,cifar100,FGSM,840,hv_2obj,23.26474571210756,results/cars/cifar100/2026-09-26_07-01-28_15798821/search/
cars,cifar100,FGSM,880,hv,69225.08386713595,results/cars/cifar100/2026-09-26_07-01-28_15798821/search/
cars,cifar100,FGSM,880,r2,0.3407004419920066,results/cars/cifar100/2026-09-26_07-01-28_15798821/search/
cars,cifar100,FGSM,880,hv_2obj,23.28676357035433,results/cars/cifar100/2026-09-26_07-01-28_15798821/search/
cars,cifar100,FGSM,920,hv,69369.34612682708,results/cars/cifar100/2026-09-26_07-01-28_15798821/search/
cars,cifar100,FGSM,920,r2,0.3403608574027185,results/cars/cifar100/2026-09-26_07-01-28_15798821/search/
cars,cifar100,FGSM,920,hv_2obj,23.33526726939755,results/cars/cifar100/2026-09-26_07-01-28_15798821/search/
cars,cifar100,FGSM,960,hv,69571.63082787444,results/cars/cifar100/2026-09-26_07-01-28_15798821/search/
cars,cifar100,FGSM,960,r2,0.3397915715529511,results/cars/cifar100/2026-09-26_07-01-28_15798821/search/
cars,cifar100,FGSM,960,hv_2obj,23.403448278426197,results/cars/cifar100/2026-09-26_07-01-28_15798821/search/
cars,cifar100,FGSM,1000,hv,69737.80965127681,results/cars/cifar100/2026-09-26_07-01-28_15798821/search/
cars,cifar100,FGSM,1000,r2,0.33939701733531413,results/cars/cifar100/2026-09-26_07-01-28_15798821/search/
cars,cifar100,FGSM,1000,hv_2obj,23.459408424812857,results/cars/cifar100/2026-09-26_07-01-28_15798821/search/
cars,cifar100,FGSM,1040,hv,69860.0429556264,results/cars/cifar100/2026-09-26_07-01-28_15798821/search/
cars,cifar100,FGSM,1040,r2,0.3391862013492863,results/cars/cifar100/2026-09-26_07-01-28_15798821/search/
cars,cifar100,FGSM,1040,hv_2obj,23.48933961820193,results/cars/cifar100/2026-09-26_07-01-28_15798821/search/
cars,cifar100,FGSM,1080,hv,70067.3734684748,results/cars/cifar100/2026-09-26_07-01-28_15798821/search/
cars,cifar100,FGSM,1080,r2,0.33862056034841437,results/cars/cifar100/2026-09-26_07-01-28_15798821/search/
cars,cifar100,FGSM,1080,hv_2obj,23.559730124179374,results/cars/cifar100/2026-09-26_07-01-28_15798821/search/
cars,cifar100,FGSM,1120,hv,70140.68339659514,results/cars/cifar100/2026-09-26_07-01-28_15798821/search/
cars,cifar100,FGSM,1120,r2,0.3383836712085662,results/cars/cifar100/2026-09-26_07-01-28_15798821/search/
cars,cifar100,FGSM,1120,hv_2obj,23.5845210329915,results/cars/cifar100/2026-09-26_07-01-28_15798821/search/
cars,cifar100,FGSM,1160,hv,70200.3623135184,results/cars/cifar100/2026-09-26_07-01-28_15798821/search/
cars,cifar100,FGSM,1160,r2,0.338253206668265,results/cars/cifar100/2026-09-26_07-01-28_15798821/search/
cars,cifar100,FGSM,1160,hv_2obj,23.602955080050126,results/cars/cifar100/2026-09-26_07-01-28_15798821/search/
cars,cifar100,FGSM,1200,hv,70325.36802032216,results/cars/cifar100/2026-09-26_07-01-28_15798821/search/
cars,cifar100,FGSM,1200,r2,0.3379539747464452,results/cars/cifar100/2026-09-26_07-01-28_15798821/search/
cars,cifar100,FGSM,1200,hv_2obj,23.64530242125181,results/cars/cifar100/2026-09-26_07-01-28_15798821/search/
cars,cifar100,FGSM,0,hv,63126.74435063292,results/cars/cifar100/2026-09-26_13-20-01_65381509/search/
cars,cifar100,FGSM,0,r2,0.35624097502686125,results/cars/cifar100/2026-09-26_13-20-01_65381509/search/
cars,cifar100,FGSM,0,hv_2obj,21.396372506616967,results/cars/cifar100/2026-09-26_13-20-01_65381509/search/
cars,cifar100,FGSM,40,hv,63349.28932275249,results/cars/cifar100/2026-09-26_13-20-01_65381509/search/
cars,cifar100,FGSM,40,r2,0.3555853949226101,results/cars/cifar100/2026-09-26_13-20-01_65381509/search/
cars,cifar100,FGSM,40,hv_2obj,21.473950610908975,results/cars/cifar100/2026-09-26_13-20-01_65381509/search/
cars,cifar100,FGSM,80,hv,63557.021417994445,results/cars/cifar100/2026-09-26_13-20-01_65381509/search/
cars,cifar100,FGSM,80,r2,0.3550183492232271,results/cars/cifar100/2026-09-26_13-20-01_65381509/search/
cars,cifar100,FGSM,80,hv_2obj,21.544369951758544,results/cars/cifar100/2026-09-26_13-20-01_65381509/search/
cars,cifar100,FGSM,120,hv,63745.33002013885,results/cars/cifar100/2026-09-26_13-20-01_65381509/search/
cars,cifar100,FGSM,120,r2,0.3545110007532266,results/cars/cifar100/2026-09-26_13-20-01_65381509/search/
cars,cifar100,FGSM,120,hv_2obj,21.60593742654941,results/cars/cifar100/2026-09-26_13-20-01_65381509/search/
cars,cifar100,FGSM,160,hv,63994.90697793525,results/cars/cifar100/2026-09-26_13-20-01_65381509/search/
cars,cifar100,FGSM,160,r2,0.3538327822591827,results/cars/cifar100/2026-09-26_13-20-01_65381509/search/
cars,cifar100,FGSM,160,hv_2obj,21.686194340898613,results/cars/cifar100/2026-09-26_13-20-01_65381509/search/
cars,cifar100,FGSM,200,hv,64245.29360902816,results/cars/cifar100/2026-09-26_13-20-01_65381509/search/
cars,cifar100,FGSM,200,r2,0.3531501018629742,results/cars/cifar100/2026-09-26_13-20-01_65381509/search/
cars,cifar100,FGSM,200,hv_2obj,21.76958599699912,results/cars/cifar100/2026-09-26_13-20-01_65381509/search/
cars,cifar100,FGSM,240,hv,64655.83467246777,results/cars/cifar100/2026-09-26_13-20-01_65381509/search/
cars,cifar100,FGSM,240,r2,0.352037913860645,results/cars/cifar100/2026-09-26_13-20-01_65381509/search/
cars,cifar100,FGSM,240,hv_2obj,21.903574347344698,results/cars/cifar100/2026-09-26_13-20-01_65381509/search/
cars,cifar100,FGSM,280,hv,64809.317959395215,results/cars/cifar100/2026-09-26_13-20-01_65381509/search/
cars,cifar100,FGSM,280,r2,0.35161914101744635,results/cars/cifar100/2026-09-26_13-20-01_65381509/search/
cars,cifar100,FGSM,280,hv_2obj,21.954358659210747,results/cars/cifar100/2026-09-26_13-20-01_65381509/search/
cars,cifar100,FGSM,320,hv,65050.61544318069,results/cars/cifar100/2026-09-26_13-20-01_65381509/search/
cars,cifar100,FGSM,320,r2,0.3509639164995279,results/cars/cifar100/2026-09-26_13-20-01_65381509/search/
cars,cifar100,FGSM,320,hv_2obj,22.036413840666373,results/cars/cifar100/2026-09-26_13-20-01_65381509/search/
cars,cifar100,FGSM,360,hv,65377.87693976606,results/cars/cifar100/2026-09-26_13-20-01_65381509/search/
cars,cifar100,FGSM,360,r2,0.3500795117054983,results/cars/cifar100/2026-09-26_13-20-01_65381509/search/
cars,cifar100,FGSM,360,hv_2obj,22.144571641395604,results/cars/cifar100/2026-09-26_13-20-01_65381509/search/
cars,cifar100,FGSM,400,hv,65763.70579469345,results/cars/cifar100/2026-09-26_13-20-01_65381509/search/
cars,cifar100,FGSM,400,r2,0.3489884336188436,results/cars/cifar100/2026-09-26_13-20-01_65381509/search/
cars,cifar100,FGSM,400,hv_2obj,22.27625440099071,results/cars/cifar100/2026-09-26_13-20-01_65381509/search/
cars,cifar100,FGSM,440,hv,66057.06994424788,results/cars/cifar100/2026-09-26_13-20-01_65381509/search/
cars,cifar100,FGSM,440,r2,0.34817547990408676,results/cars/cifar100/2026-09-26_13-20-01_65381509/search/
cars,cifar100,FGSM,440,hv_2obj,22.372409100898324,results/cars/cifar100/2026-09-26_13-20-01_65381509/search/
cars,cifar100,FGSM,480,hv,66269.99000845136,results/cars/cifar100/2026-09-26_13-20-01_65381509/search/
cars,cifar100,FGSM,480,r2,0.34757026177364264,results/cars/cifar100/2026-09-26_13-20-01_65381509/search/
cars,cifar100,FGSM,480,hv_2obj,22.44412926736228,results/cars/cifar100/2026-09-26_13-20-01_65381509/search/
cars,cifar100,FGSM,520,hv,66635.95123887213,results/cars/cifar100/2026-09-26_13-20-01_65381509/search/
cars,cifar100,FGSM,520,r2,0.3466705217503923,results/cars/cifar100/2026-09-26_13-20-01_65381509/search/
cars,cifar100,FGSM,520,hv_2obj,22.558372284449977,results/cars/cifar100/2026-09-26_13-20-01_65381509/search/
cars,cifar100,FGSM,560,hv,66966.64045562274,results/cars/cifar100/2026-09-26_13-20-01_65381509/search/
cars,cifar100,FGSM,560,r2,0.34594022595768303,results/cars/cifar100/2026-09-26_13-20-01_65381509/search/
cars,cifar100,FGSM,560,hv_2obj,22.654648401819024,results/cars/cifar100/2026-09-26_13-20-01_65381509/search/
cars,cifar100,FGSM,600,hv,67206.56863519188,results/cars/cifar100/2026-09-26_13-20-01_65381509/search/
cars,cifar100,FGSM,600,r2,0.3452849371063378,results/cars/cifar100/2026-09-26_13-20-01_65381509/search/
cars,cifar100,FGSM,600,hv_2obj,22.73676490331699,results/cars/cifar100/2026-09-26_13-20-01_65381509/search/
cars,cifar100,FGSM,640,hv,67538.24426676398,results/cars/cifar100/2026-09-26_13-20-01_65381509/search/
cars,cifar100,FGSM,640,r2,0.3443514520608817,results/cars/cifar100/2026-09-26_13-20-01_65381509/search/
cars,cifar100,FGSM,640,hv_2obj,22.848279079730965,results/cars/cifar100/2026-09-26_13-20-01_65381509/search/
cars,cifar100,FGSM,680,hv,67720.7878662823,results/cars/cifar100/2026-09-26_13-20-01_65381509/search/
cars,cifar100,FGSM,680,r2,0.3438618440134774,results/cars/cifar100/2026-09-26_13-20-01_65381509/search/
cars,cifar100,FGSM,680,hv_2obj,22.907258113077454,results/cars/cifar100/2026-09-26_13-20-01_65381509/search/
cars,cifar100,FGSM,720,hv,67959.72532749933,results/cars/cifar100/2026-09-26_13-20-01_65381509/search/
cars,cifar100,FGSM,720,r2,0.34331498087750967,results/cars/cifar100/2026-09-26_13-20-01_65381509/search/
cars,cifar100,FGSM,720,hv_2obj,22.984159628716586,results/cars/cifar100/2026-09-26_13-20-01_65381509/search/
cars,cifar100,FGSM,760,hv,68160.27829865023,results/cars/cifar100/2026-09-26_13-20-01_65381509/search/
cars,cifar100,FGSM,760,r2,0.342788226183954,results/cars/cifar100/2026-09-26_13-20-01_65381509/search/
cars,cifar100,FGSM,760,hv_2obj,23.052612761795807,results/cars/cifar100/2026-09-26_13-20-01_65381509/search/
cars,cifar100,FGSM,800,hv,68410.4948673079,results/cars/cifar100/2026-09-26_13-20-01_65381509/search/
cars,cifar100,FGSM,800,r2,0.3420511840187026,results/cars/cifar100/2026-09-26_13-20-01_65381509/search/
cars,cifar100,FGSM,800,hv_2obj,23.13698420367876,results/cars/cifar100/2026-09-26_13-20-01_65381509/search/
cars,cifar100,FGSM,840,hv,68434.60739002933,results/cars/cifar100/2026-09-26_13-20-01_65381509/search/
cars,cifar100,FGSM,840,r2,0.34200169880145304,results/cars/cifar100/2026-09-26_13-20-01_65381509/search/
cars,cifar100,FGSM,840,hv_2obj,23.143968772617118,results/cars/cifar100/2026-09-26_13-20-01_65381509/search/
cars,cifar100,FGSM,880,hv,68577.2377940264,results/cars/cifar100/2026-09-26_13-20-01_65381509/search/
cars,cifar100,FGSM,880,r2,0.3416578948532974,results/cars/cifar100/2026-09-26_13-20-01_65381509/search/
cars,cifar100,FGSM,880,hv_2obj,23.192473809858623,results/cars/cifar100/2026-09-26_13-20-01_65381509/search/
cars,cifar100,FGSM,920,hv,68766.73357071141,results/cars/cifar100/2026-09-26_13-20-01_65381509/search/
cars,cifar100,FGSM,920,r2,0.3411692612314968,results/cars/cifar100/2026-09-26_13-20-01_65381509/search/
cars,cifar100,FGSM,920,hv_2obj,23.256609026501312,results/cars/cifar100/2026-09-26_13-20-01_65381509/search/
cars,cifar100,FGSM,960,hv,68893.19205493278,results/cars/cifar100/2026-09-26_13-20-01_65381509/search/
cars,cifar100,FGSM,960,r2,0.34082780222566267,results/cars/cifar100/2026-09-26_13-20-01_65381509/search/
cars,cifar100,FGSM,960,hv_2obj,23.299137111623466,results/cars/cifar100/2026-09-26_13-20-01_65381509/search/
cars,cifar100,FGSM,1000,hv,69140.83672059116,results/cars/cifar100/2026-09-26_13-20-01_65381509/search/
cars,cifar100,FGSM,1000,r2,0.3401523051661396,results/cars/cifar100/2026-09-26_13-20-01_65381509/search/
cars,cifar100,FGSM,1000,hv_2obj,23.382511596296457,results/cars/cifar100/2026-09-26_13-20-01_65381509/search/
cars,cifar100,FGSM,1040,hv,69303.18861797416,results/cars/cifar100/2026-09-26_13-20-01_65381509/search/
cars,cifar100,FGSM,1040,r2,0.33974234417514954,results/cars/cifar100/2026-09-26_13-20-01_65381509/search/
cars,cifar100,FGSM,1040,hv_2obj,23.43782306075446,results/cars/cifar100/2026-09-26_13-20-01_65381509/search/
cars,cifar100,FGSM,1080,hv,69303.56571114209,results/cars/cifar100/2026-09-26_13-20-01_65381509/search/
cars,cifar100,FGSM,1080,r2,0.33974234417514954,results/cars/cifar100/2026-09-26_13-20-01_65381509/search/
cars,cifar100,FGSM,1080,hv_2obj,23.437857666236912,results/cars/cifar100/2026-09-26_13-20-01_65381509/search/
cars,cifar100,FGSM,1120,hv,69398.38601106915,results/cars/cifar100/2026-09-26_13-20-01_65381509/search/
cars,cifar100,FGSM,1120,r2,0.33951855370418604,results/cars/cifar100/2026-09-26_13-20-01_65381509/search/
cars,cifar100,FGSM,1120,hv_2obj,23.469835527988813,results/cars/cifar100/2026-09-26_13-20-01_65381509/search/
cars,cifar100,FGSM,1160,hv,69566.64321729373,results/cars/cifar100/2026-09-26_13-20-01_65381509/search/
cars,cifar100,FGSM,1160,r2,0.339025232706077,results/cars/cifar100/2026-09-26_13-20-01_65381509/search/
cars,cifar100,FGSM,1160,hv_2obj,23.526398034211915,results/cars/cifar100/2026-09-26_13-20-01_65381509/search/
cars,cifar100,FGSM,1200,hv,69629.79558891364,results/cars/cifar100/2026-09-26_13-20-01_65381509/search/
cars,cifar100,FGSM,1200,r2,0.3388749686746565,results/cars/cifar100/2026-09-26_13-20-01_65381509/search/
cars,cifar100,FGSM,1200,hv_2obj,23.547589851387517,results/cars/cifar100/2026-09-26_13-20-01_65381509/search/
cars,cifar100,FGSM,0,hv,63353.32741133795,results/cars/cifar100/2026-09-26_18-37-36_27293207/search/
cars,cifar100,FGSM,0,r2,0.3556053641095692,results/cars/cifar100/2026-09-26_18-37-36_27293207/search/
cars,cifar100,FGSM,0,hv_2obj,21.474765962289073,results/cars/cifar100/2026-09-26_18-37-36_27293207/search/
cars,cifar100,FGSM,40,hv,63559.18536746742,results/cars/cifar100/2026-09-26_18-37-36_27293207/search/
cars,cifar100,FGSM,40,r2,0.3550518373421009,results/cars/cifar100/2026-09-26_18-37-36_27293207/search/
cars,cifar100,FGSM,40,hv_2obj,21.542619737893194,results/cars/cifar100/2026-09-26_18-37-36_27293207/search/
cars,cifar100,FGSM,80,hv,63618.0603560362,results/cars/cifar100/2026-09-26_18-37-36_27293207/search/
cars,cifar100,FGSM,80,r2,0.35491497170723885,results/cars/cifar100/2026-09-26_18-37-36_27293207/search/
cars,cifar100,FGSM,80,hv_2obj,21.561527257538618,results/cars/cifar100/2026-09-26_18-37-36_27293207/search/
cars,cifar100,FGSM,120,hv,63921.29232582548,results/cars/cifar100/2026-09-26_18-37-36_27293207/search/
cars,cifar100,FGSM,120,r2,0.3540845515914033,results/cars/cifar100/2026-09-26_18-37-36_27293207/search/
cars,cifar100,FGSM,120,hv_2obj,21.664319919549573,results/cars/cifar100/2026-09-26_18-37-36_27293207/search/
cars,cifar100,FGSM,160,hv,64174.87225614534,results/cars/cifar100/2026-09-26_18-37-36_27293207/search/
cars,cifar100,FGSM,160,r2,0.3533150629287283,results/cars/cifar100/2026-09-26_18-37-36_27293207/search/
cars,cifar100,FGSM,160,hv_2obj,21.752434259005867,results/cars/cifar100/2026-09-26_18-37-36_27293207/search/
cars,cifar100,FGSM,200,hv,64348.83677031547,results/cars/cifar100/2026-09-26_18-37-36_27293207/search/
cars,cifar100,FGSM,200,r2,0.35284923072257546,results/cars/cifar100/2026-09-26_18-37-36_27293207/search/
cars,cifar100,FGSM,200,hv_2obj,21.809074569922334,results/cars/cifar100/2026-09-26_18-37-36_27293207/search/
cars,cifar100,FGSM,240,hv,64618.308576449155,results/cars/cifar100/2026-09-26_18-37-36_27293207/search/
cars,cifar100,FGSM,240,r2,0.3520541813683554,results/cars/cifar100/2026-09-26_18-37-36_27293207/search/
cars,cifar100,FGSM,240,hv_2obj,21.903242396462254,results/cars/cifar100/2026-09-26_18-37-36_27293207/search/
cars,cifar100,FGSM,280,hv,64881.314280408515,results/cars/cifar100/2026-09-26_18-37-36_27293207/search/
cars,cifar100,FGSM,280,r2,0.35130386853676115,results/cars/cifar100/2026-09-26_18-37-36_27293207/search/
cars,cifar100,FGSM,280,hv_2obj,21.991711476746026,results/cars/cifar100/2026-09-26_18-37-36_27293207/search/
cars,cifar100,FGSM,320,hv,65046.88482351423,results/cars/cifar100/2026-09-26_18-37-36_27293207/search/
cars,cifar100,FGSM,320,r2,0.35084694986113946,results/cars/cifar100/2026-09-26_18-37-36_27293207/search/
cars,cifar100,FGSM,320,hv_2obj,22.047503971027226,results/cars/cifar100/2026-09-26_18-37-36_27293207/search/
cars,cifar100,FGSM,360,hv,65320.40682361104,results/cars/cifar100/2026-09-26_18-37-36_27293207/search/
cars,cifar100,FGSM,360,r2,0.3501255185542268,results/cars/cifar100/2026-09-26_18-37-36_27293207/search/
cars,cifar100,FGSM,360,hv_2obj,22.135565034300225,results/cars/cifar100/2026-09-26_18-37-36_27293207/search/
cars,cifar100,FGSM,400,hv,65438.20669440106,results/cars/cifar100/2026-09-26_18-37-36_27293207/search/
cars,cifar100,FGSM,400,r2,0.3498190203961088,results/cars/cifar100/2026-09-26_18-37-36_27293207/search/
cars,cifar100,FGSM,400,hv_2obj,22.171611605419834,results/cars/cifar100/2026-09-26_18-37-36_27293207/search/
cars,cifar100,FGSM,440,hv,65889.562252028,results/cars/cifar100/2026-09-26_18-37-36_27293207/search/
cars,cifar100,FGSM,440,r2,0.3486612732553269,results/cars/cifar100/2026-09-26_18-37-36_27293207/search/
cars,cifar100,FGSM,440,hv_2obj,22.30794087421875,results/cars/cifar100/2026-09-26_18-37-36_27293207/search/
cars,cifar100,FGSM,480,hv,66045.22410448901,results/cars/cifar100/2026-09-26_18-37-36_27293207/search/
cars,cifar100,FGSM,480,r2,0.34827784533768147,results/cars/cifar100/2026-09-26_18-37-36_27293207/search/
cars,cifar100,FGSM,480,hv_2obj,22.361347836999855,results/cars/cifar100/2026-09-26_18-37-36_27293207/search/
cars,cifar100,FGSM,520,hv,66253.53162118954,results/cars/cifar100/2026-09-26_18-37-36_27293207/search/
cars,cifar100,FGSM,520,r2,0.34802031423269925,results/cars/cifar100/2026-09-26_18-37-36_27293207/search/
cars,cifar100,FGSM,520,hv_2obj,22.39764193690087,results/cars/cifar100/2026-09-26_18-37-36_27293207/search/
cars,cifar100,FGSM,560,hv,66522.62221587276,results/cars/cifar100/2026-09-26_18-37-36_27293207/search/
cars,cifar100,FGSM,560,r2,0.34724146774986975,results/cars/cifar100/2026-09-26_18-37-36_27293207/search/
cars,cifar100,FGSM,560,hv_2obj,22.48886996866523,results/cars/cifar100/2026-09-26_18-37-36_27293207/search/
cars,cifar100,FGSM,600,hv,66735.14045398994,results/cars/cifar100/2026-09-26_18-37-36_27293207/search/
cars,cifar100,FGSM,600,r2,0.34664675624652275,results/cars/cifar100/2026-09-26_18-37-36_27293207/search/
cars,cifar100,FGSM,600,hv_2obj,22.559050511003488,results/cars/cifar100/2026-09-26_18-37-36_27293207/search/
cars,cifar100,FGSM,640,hv,67018.07273888617,results/cars/cifar100/2026-09-26_18-37-36_27293207/search/
cars,cifar100,FGSM,640,r2,0.3458750017639013,results/cars/cifar100/2026-09-26_18-37-36_27293207/search/
cars,cifar100,FGSM,640,hv_2obj,22.652777897279595,results/cars/cifar100/2026-09-26_18-37-36_27293207/search/
cars,cifar100,FGSM,680,hv,67144.47431611977,results/cars/cifar100/2026-09-26_18-37-36_27293207/search/
cars,cifar100,FGSM,680,r2,0.3455618999131724,results/cars/cifar100/2026-09-26_18-37-36_27293207/search/
cars,cifar100,FGSM,680,hv_2obj,22.69539215864437,results/cars/cifar100/2026-09-26_18-37-36_27293207/search/
cars,cifar100,FGSM,720,hv,67382.74659758988,results/cars/cifar100/2026-09-26_18-37-36_27293207/search/
cars,cifar100,FGSM,720,r2,0.3448574053115093,results/cars/cifar100/2026-09-26_18-37-36_27293207/search/
cars,cifar100,FGSM,720,hv_2obj,22.77628608598681,results/cars/cifar100/2026-09-26_18-37-36_27293207/search/
cars,cifar100,FGSM,760,hv,67781.77333829003,results/cars/cifar100/2026-09-26_18-37-36_27293207/search/
cars,cifar100,FGSM,760,r2,0.34426772913547393,results/cars/cifar100/2026-09-26_18-37-36_27293207/search/
cars,cifar100,FGSM,760,hv_2obj,22.85899248424187,results/cars/cifar100/2026-09-26_18-37-36_27293207/search/
cars,cifar100,FGSM,800,hv,67886.21708454621,results/cars/cifar100/2026-09-26_18-37-36_27293207/search/
cars,cifar100,FGSM,800,r2,0.34393636674613154,results/cars/cifar100/2026-09-26_18-37-36_27293207/search/
cars,cifar100,FGSM,800,hv_2obj,22.89494214136944,results/cars/cifar100/2026-09-26_18-37-36_27293207/search/
cars,cifar100,FGSM,840,hv,68125.65166690746,results/cars/cifar100/2026-09-26_18-37-36_27293207/search/
cars,cifar100,FGSM,840,r2,0.3432548415282559,results/cars/cifar100/2026-09-26_18-37-36_27293207/search/
cars,cifar100,FGSM,840,hv_2obj,22.97561717922432,results/cars/cifar100/2026-09-26_18-37-36_27293207/search/
cars,cifar100,FGSM,880,hv,68273.72313352612,results/cars/cifar100/2026-09-26_18-37-36_27293207/search/
cars,cifar100,FGSM,880,r2,0.3430660407391776,results/cars/cifar100/2026-09-26_18-37-36_27293207/search/
cars,cifar100,FGSM,880,hv_2obj,22.99886685000379,results/cars/cifar100/2026-09-26_18-37-36_27293207/search/
cars,cifar100,FGSM,920,hv,68515.97836977086,results/cars/cifar100/2026-09-26_18-37-36_27293207/search/
cars,cifar100,FGSM,920,r2,0.342453656253621,results/cars/cifar100/2026-09-26_18-37-36_27293207/search/
cars,cifar100,FGSM,920,hv_2obj,23.081100412480286,results/cars/cifar100/2026-09-26_18-37-36_27293207/search/
cars,cifar100,FGSM,960,hv,68714.75027221825,results/cars/cifar100/2026-09-26_18-37-36_27293207/search/
cars,cifar100,FGSM,960,r2,0.3418520499942607,results/cars/cifar100/2026-09-26_18-37-36_27293207/search/
cars,cifar100,FGSM,960,hv_2obj,23.14893254809164,results/cars/cifar100/2026-09-26_18-37-36_27293207/search/
cars,cifar100,FGSM,1000,hv,68837.48954604479,results/cars/cifar100/2026-09-26_18-37-36_27293207/search/
cars,cifar100,FGSM,1000,r2,0.34153164184208185,results/cars/cifar100/2026-09-26_18-37-36_27293207/search/
cars,cifar100,FGSM,1000,hv_2obj,23.190474055082518,results/cars/cifar100/2026-09-26_18-37-36_27293207/search/
cars,cifar100,FGSM,1040,hv,69015.10065408953,results/cars/cifar100/2026-09-26_18-37-36_27293207/search/
cars,cifar100,FGSM,1040,r2,0.34106595820070734,results/cars/cifar100/2026-09-26_18-37-36_27293207/search/
cars,cifar100,FGSM,1040,hv_2obj,23.251031082492833,results/cars/cifar100/2026-09-26_18-37-36_27293207/search/
cars,cifar100,FGSM,1080,hv,69029.8095582989,results/cars/cifar100/2026-09-26_18-37-36_27293207/search/
cars,cifar100,FGSM,1080,r2,0.3410322846836075,results/cars/cifar100/2026-09-26_18-37-36_27293207/search/
cars,cifar100,FGSM,1080,hv_2obj,23.255933506786103,results/cars/cifar100/2026-09-26_18-37-36_27293207/search/
cars,cifar100,FGSM,1120,hv,69098.70565729063,results/cars/cifar100/2026-09-26_18-37-36_27293207/search/
cars,cifar100,FGSM,1120,r2,0.34086944683491976,results/cars/cifar100/2026-09-26_18-37-36_27293207/search/
cars,cifar100,FGSM,1120,hv_2obj,23.279263060367867,results/cars/cifar100/2026-09-26_18-37-36_27293207/search/
cars,cifar100,FGSM,1160,hv,69185.63633747821,results/cars/cifar100/2026-09-26_18-37-36_27293207/search/
cars,cifar100,FGSM,1160,r2,0.3406472037267839,results/cars/cifar100/2026-09-26_18-37-36_27293207/search/
cars,cifar100,FGSM,1160,hv_2obj,23.308821540469435,results/cars/cifar100/2026-09-26_18-37-36_27293207/search/
cars,cifar100,FGSM,1200,hv,69367.66718767458,results/cars/cifar100/2026-09-26_18-37-36_27293207/search/
cars,cifar100,FGSM,1200,r2,0.34018462746078404,results/cars/cifar100/2026-09-26_18-37-36_27293207/search/
cars,cifar100,FGSM,1200,hv_2obj,23.370829162223878,results/cars/cifar100/2026-09-26_18-37-36_27293207/search/
cars,cifar100,FGSM,0,hv,64067.99312073368,results/cars/cifar100/2026-09-26_23-58-41_27522793/search/
cars,cifar100,FGSM,0,r2,0.35364349995450056,results/cars/cifar100/2026-09-26_23-58-41_27522793/search/
cars,cifar100,FGSM,0,hv_2obj,21.720057554591584,results/cars/cifar100/2026-09-26_23-58-41_27522793/search/
cars,cifar100,FGSM,40,hv,64337.291907563784,results/cars/cifar100/2026-09-26_23-58-41_27522793/search/
cars,cifar100,FGSM,40,r2,0.35280883743802793,results/cars/cifar100/2026-09-26_23-58-41_27522793/search/
cars,cifar100,FGSM,40,hv_2obj,21.813911630810402,results/cars/cifar100/2026-09-26_23-58-41_27522793/search/
cars,cifar100,FGSM,80,hv,64665.557616038976,results/cars/cifar100/2026-09-26_23-58-41_27522793/search/
cars,cifar100,FGSM,80,r2,0.35191403302848895,results/cars/cifar100/2026-09-26_23-58-41_27522793/search/
cars,cifar100,FGSM,80,hv_2obj,21.9148004246301,results/cars/cifar100/2026-09-26_23-58-41_27522793/search/
cars,cifar100,FGSM,120,hv,65041.10435148606,results/cars/cifar100/2026-09-26_23-58-41_27522793/search/
cars,cifar100,FGSM,120,r2,0.3508869734279677,results/cars/cifar100/2026-09-26_23-58-41_27522793/search/
cars,cifar100,FGSM,120,hv_2obj,22.04288369545722,results/cars/cifar100/2026-09-26_23-58-41_27522793/search/
cars,cifar100,FGSM,160,hv,65460.539621428674,results/cars/cifar100/2026-09-26_23-58-41_27522793/search/
cars,cifar100,FGSM,160,r2,0.34985944975377314,results/cars/cifar100/2026-09-26_23-58-41_27522793/search/
cars,cifar100,FGSM,160,hv_2obj,22.169732166716603,results/cars/cifar100/2026-09-26_23-58-41_27522793/search/
cars,cifar100,FGSM,200,hv,65701.87940168445,results/cars/cifar100/2026-09-26_23-58-41_27522793/search/
cars,cifar100,FGSM,200,r2,0.3491245296664959,results/cars/cifar100/2026-09-26_23-58-41_27522793/search/
cars,cifar100,FGSM,200,hv_2obj,22.252605347858754,results/cars/cifar100/2026-09-26_23-58-41_27522793/search/
cars,cifar100,FGSM,240,hv,66111.35798612882,results/cars/cifar100/2026-09-26_23-58-41_27522793/search/
cars,cifar100,FGSM,240,r2,0.3480668142124298,results/cars/cifar100/2026-09-26_23-58-41_27522793/search/
cars,cifar100,FGSM,240,hv_2obj,22.386983321793497,results/cars/cifar100/2026-09-26_23-58-41_27522793/search/
cars,cifar100,FGSM,280,hv,66451.88339284742,results/cars/cifar100/2026-09-26_23-58-41_27522793/search/
cars,cifar100,FGSM,280,r2,0.3470910532578921,results/cars/cifar100/2026-09-26_23-58-41_27522793/search/
cars,cifar100,FGSM,280,hv_2obj,22.503772409984553,results/cars/cifar100/2026-09-26_23-58-41_27522793/search/
cars,cifar100,FGSM,320,hv,66664.73332919805,results/cars/cifar100/2026-09-26_23-58-41_27522793/search/
cars,cifar100,FGSM,320,r2,0.3465150079195786,results/cars/cifar100/2026-09-26_23-58-41_27522793/search/
cars,cifar100,FGSM,320,hv_2obj,22.576352909555528,results/cars/cifar100/2026-09-26_23-58-41_27522793/search/
cars,cifar100,FGSM,360,hv,66861.47177027776,results/cars/cifar100/2026-09-26_23-58-41_27522793/search/
cars,cifar100,FGSM,360,r2,0.34602547254229593,results/cars/cifar100/2026-09-26_23-58-41_27522793/search/
cars,cifar100,FGSM,360,hv_2obj,22.6417371636997,results/cars/cifar100/2026-09-26_23-58-41_27522793/search/
cars,cifar100,FGSM,400,hv,67109.43656938928,results/cars/cifar100/2026-09-26_23-58-41_27522793/search/
cars,cifar100,FGSM,400,r2,0.3452759101461548,results/cars/cifar100/2026-09-26_23-58-41_27522793/search/
cars,cifar100,FGSM,400,hv_2obj,22.72717654895553,results/cars/cifar100/2026-09-26_23-58-41_27522793/search/
cars,cifar100,FGSM,440,hv,67312.04084620731,results/cars/cifar100/2026-09-26_23-58-41_27522793/search/
cars,cifar100,FGSM,440,r2,0.3447685057574869,results/cars/cifar100/2026-09-26_23-58-41_27522793/search/
cars,cifar100,FGSM,440,hv_2obj,22.792275741445337,results/cars/cifar100/2026-09-26_23-58-41_27522793/search/
cars,cifar100,FGSM,480,hv,67448.14515439971,results/cars/cifar100/2026-09-26_23-58-41_27522793/search/
cars,cifar100,FGSM,480,r2,0.34440186623643937,results/cars/cifar100/2026-09-26_23-58-41_27522793/search/
cars,cifar100,FGSM,480,hv_2obj,22.83865096554194,results/cars/cifar100/2026-09-26_23-58-41_27522793/search/
cars,cifar100,FGSM,520,hv,67794.10634075073,results/cars/cifar100/2026-09-26_23-58-41_27522793/search/
cars,cifar100,FGSM,520,r2,0.3434462462692749,results/cars/cifar100/2026-09-26_23-58-41_27522793/search/
cars,cifar100,FGSM,520,hv_2obj,22.953368450613247,results/cars/cifar100/2026-09-26_23-58-41_27522793/search/
cars,cifar100,FGSM,560,hv,67896.44310444937,results/cars/cifar100/2026-09-26_23-58-41_27522793/search/
cars,cifar100,FGSM,560,r2,0.34320081887257714,results/cars/cifar100/2026-09-26_23-58-41_27522793/search/
cars,cifar100,FGSM,560,hv_2obj,22.988033828746527,results/cars/cifar100/2026-09-26_23-58-41_27522793/search/
cars,cifar100,FGSM,600,hv,67980.40675220903,results/cars/cifar100/2026-09-26_23-58-41_27522793/search/
cars,cifar100,FGSM,600,r2,0.3430483699094197,results/cars/cifar100/2026-09-26_23-58-41_27522793/search/
cars,cifar100,FGSM,600,hv_2obj,23.0091970036703,results/cars/cifar100/2026-09-26_23-58-41_27522793/search/
cars,cifar100,FGSM,640,hv,68123.6935286424,results/cars/cifar100/2026-09-26_23-58-41_27522793/search/
cars,cifar100,FGSM,640,r2,0.34270672823014536,results/cars/cifar100/2026-09-26_23-58-41_27522793/search/
cars,cifar100,FGSM,640,hv_2obj,23.057906774767574,results/cars/cifar100/2026-09-26_23-58-41_27522793/search/
cars,cifar100,FGSM,680,hv,68341.38088832879,results/cars/cifar100/2026-09-26_23-58-41_27522793/search/
cars,cifar100,FGSM,680,r2,0.3420419620069135,results/cars/cifar100/2026-09-26_23-58-41_27522793/search/
cars,cifar100,FGSM,680,hv_2obj,23.13251910905045,results/cars/cifar100/2026-09-26_23-58-41_27522793/search/
cars,cifar100,FGSM,720,hv,68600.98445964947,results/cars/cifar100/2026-09-26_23-58-41_27522793/search/
cars,cifar100,FGSM,720,r2,0.34120389476533597,results/cars/cifar100/2026-09-26_23-58-41_27522793/search/
cars,cifar100,FGSM,720,hv_2obj,23.221734476558197,results/cars/cifar100/2026-09-26_23-58-41_27522793/search/
cars,cifar100,FGSM,760,hv,68773.21242808274,results/cars/cifar100/2026-09-26_23-58-41_27522793/search/
cars,cifar100,FGSM,760,r2,0.340824276241308,results/cars/cifar100/2026-09-26_23-58-41_27522793/search/
cars,cifar100,FGSM,760,hv_2obj,23.275265725071623,results/cars/cifar100/2026-09-26_23-58-41_27522793/search/
cars,cifar100,FGSM,800,hv,68876.32701985553,results/cars/cifar100/2026-09-26_23-58-41_27522793/search/
cars,cifar100,FGSM,800,r2,0.3405805026519836,results/cars/cifar100/2026-09-26_23-58-41_27522793/search/
cars,cifar100,FGSM,800,hv_2obj,23.31022682359299,results/cars/cifar100/2026-09-26_23-58-41_27522793/search/
cars,cifar100,FGSM,840,hv,68929.89061778238,results/cars/cifar100/2026-09-26_23-58-41_27522793/search/
cars,cifar100,FGSM,840,r2,0.3404517936113573,results/cars/cifar100/2026-09-26_23-58-41_27522793/search/
cars,cifar100,FGSM,840,hv_2obj,23.32839706713054,results/cars/cifar100/2026-09-26_23-58-41_27522793/search/
cars,cifar100,FGSM,880,hv,69051.43677117764,results/cars/cifar100/2026-09-26_23-58-41_27522793/search/
cars,cifar100,FGSM,880,r2,0.3401585182296087,results/cars/cifar100/2026-09-26_23-58-41_27522793/search/
cars,cifar100,FGSM,880,hv_2obj,23.369281104524564,results/cars/cifar100/2026-09-26_23-58-41_27522793/search/
cars,cifar100,FGSM,920,hv,69216.1399600295,results/cars/cifar100/2026-09-26_23-58-41_27522793/search/
cars,cifar100,FGSM,920,r2,0.3397517664562203,results/cars/cifar100/2026-09-26_23-58-41_27522793/search/
cars,cifar100,FGSM,920,hv_2obj,23.427236318333225,results/cars/cifar100/2026-09-26_23-58-41_27522793/search/
cars,cifar100,FGSM,960,hv,69461.11355559532,results/cars/cifar100/2026-09-26_23-58-41_27522793/search/
cars,cifar100,FGSM,960,r2,0.3390005941091866,results/cars/cifar100/2026-09-26_23-58-41_27522793/search/
cars,cifar100,FGSM,960,hv_2obj,23.51304071347498,results/cars/cifar100/2026-09-26_23-58-41_27522793/search/
cars,cifar100,FGSM,1000,hv,69535.08635172184,results/cars/cifar100/2026-09-26_23-58-41_27522793/search/
cars,cifar100,FGSM,1000,r2,0.3388034875146674,results/cars/cifar100/2026-09-26_23-58-41_27522793/search/
cars,cifar100,FGSM,1000,hv_2obj,23.537305809406917,results/cars/cifar100/2026-09-26_23-58-41_27522793/search/
cars,cifar100,FGSM,1040,hv,69557.84886798706,results/cars/cifar100/2026-09-26_23-58-41_27522793/search/
cars,cifar100,FGSM,1040,r2,0.33875585106346057,results/cars/cifar100/2026-09-26_23-58-41_27522793/search/
cars,cifar100,FGSM,1040,hv_2obj,23.544069847619042,results/cars/cifar100/2026-09-26_23-58-41_27522793/search/
cars,cifar100,FGSM,1080,hv,69577.23243166895,results/cars/cifar100/2026-09-26_23-58-41_27522793/search/
cars,cifar100,FGSM,1080,r2,0.3387069953165959,results/cars/cifar100/2026-09-26_23-58-41_27522793/search/
cars,cifar100,FGSM,1080,hv_2obj,23.549284178329525,results/cars/cifar100/2026-09-26_23-58-41_27522793/search/
cars,cifar100,FGSM,1120,hv,69706.01654489963,results/cars/cifar100/2026-09-26_23-58-41_27522793/search/
cars,cifar100,FGSM,1120,r2,0.33834907878705567,results/cars/cifar100/2026-09-26_23-58-41_27522793/search/
cars,cifar100,FGSM,1120,hv_2obj,23.5939093628217,results/cars/cifar100/2026-09-26_23-58-41_27522793/search/
cars,cifar100,FGSM,1160,hv,69767.81581438979,results/cars/cifar100/2026-09-26_23-58-41_27522793/search/
cars,cifar100,FGSM,1160,r2,0.3381973980365993,results/cars/cifar100/2026-09-26_23-58-41_27522793/search/
cars,cifar100,FGSM,1160,hv_2obj,23.615525750081893,results/cars/cifar100/2026-09-26_23-58-41_27522793/search/
cars,cifar100,FGSM,1200,hv,69794.37837107311,results/cars/cifar100/2026-09-26_23-58-41_27522793/search/
cars,cifar100,FGSM,1200,r2,0.33813217491875586,results/cars/cifar100/2026-09-26_23-58-41_27522793/search/
cars,cifar100,FGSM,1200,hv_2obj,23.624828359792584,results/cars/cifar100/2026-09-26_23-58-41_27522793/search/
